TIMESTAMP,GLOBAL_Avg,DIRECT_Avg
2022-12-31 18:00:00,-1.67372,-0.0595825
2022-12-31 18:01:00,-2.08131,-0.126613
2022-12-31 18:02:00,-2.28454,-0.160874
2022-12-31 18:03:00,-2.34391,-0.227905
2022-12-31 18:04:00,-2.57453,-0.239821
2022-12-31 18:05:00,-2.56654,-0.230884
2022-12-31 18:06:00,-2.60536,-0.257696
2022-12-31 18:07:00,-2.61791,-0.244289
2022-12-31 18:08:00,-2.71838,-0.309831
2022-12-31 18:09:00,-2.81542,-0.189175
2022-12-31 18:10:00,-2.82113,-0.116186
2022-12-31 18:11:00,-2.83027,-0.0908637
2022-12-31 18:12:00,-2.88963,-0.0834157
2022-12-31 18:13:00,-2.98439,-0.086395
2022-12-31 18:14:00,-3.0038,-0.0908638
2022-12-31 18:15:00,-3.05748,-0.101291
2022-12-31 18:16:00,-3.08828,-0.0923531
2022-12-31 18:17:00,-3.0917,-0.0863947
2022-12-31 18:18:00,-3.05745,-0.0863947
2022-12-31 18:19:00,-3.03006,-0.142998
2022-12-31 18:20:00,-2.96726,-0.166831
2022-12-31 18:21:00,-2.92845,-0.169811
2022-12-31 18:22:00,-2.86108,-0.165341
2022-12-31 18:23:00,-2.73436,-0.168321
2022-12-31 18:24:00,-2.63733,-0.217478
2022-12-31 18:25:00,-2.56769,-0.238332
2022-12-31 18:26:00,-2.55627,-0.242801
2022-12-31 18:27:00,-2.45465,-0.215988
2022-12-31 18:28:00,-2.31878,-0.181727
2022-12-31 18:29:00,-2.36445,-0.260674
2022-12-31 18:30:00,-2.69667,-0.20556
2022-12-31 18:31:00,-2.87933,-0.0729883
2022-12-31 18:32:00,-2.99692,0.072988
2022-12-31 18:33:00,-3.22298,0.314297
2022-12-31 18:34:00,-3.21613,0.53624
2022-12-31 18:35:00,-3.10311,0.360473
2022-12-31 18:36:00,-2.86335,0.23535
2022-12-31 18:37:00,-2.72636,-0.0029791
2022-12-31 18:38:00,-2.75375,-0.110227
2022-12-31 18:39:00,-2.67611,-0.1996
2022-12-31 18:40:00,-2.54939,-0.221944
2022-12-31 18:41:00,-2.31077,-0.226413
2022-12-31 18:42:00,-2.15093,-0.248756
2022-12-31 18:43:00,-2.15094,-0.33813
2022-12-31 18:44:00,-2.13153,-0.251735
2022-12-31 18:45:00,-2.11213,-0.23684
2022-12-31 18:46:00,-2.18862,-0.208539
2022-12-31 18:47:00,-2.15209,-0.101291
2022-12-31 18:48:00,-2.1932,-0.0834159
2022-12-31 18:49:00,-2.27083,-0.0729887
2022-12-31 18:50:00,-2.32791,-0.0834155
2022-12-31 18:51:00,-2.33817,-0.0700091
2022-12-31 18:52:00,-2.33473,-0.0670296
2022-12-31 18:53:00,-2.14637,-0.0119165
2022-12-31 18:54:00,-2.01965,-0.150446
2022-12-31 18:55:00,-1.88037,-0.283017
2022-12-31 18:56:00,-1.87237,-0.366432
2022-12-31 18:57:00,-2.08472,-0.318765
2022-12-31 18:58:00,-2.13611,-0.0372391
2022-12-31 18:59:00,-2.36103,0.0238331
2022-12-31 19:00:00,-2.55968,0.217477
2022-12-31 19:01:00,-2.54141,0.210029
2022-12-31 19:02:00,-2.48433,0.0923533
2022-12-31 19:03:00,-2.34161,0.00893742
2022-12-31 19:04:00,-2.29821,-0.0968211
2022-12-31 19:05:00,-2.16921,-0.142998
2022-12-31 19:06:00,-1.8541,-0.0744781
2022-12-31 19:07:00,-1.55955,-0.245778
2022-12-31 19:08:00,-1.14968,-0.418567
2022-12-31 19:09:00,-1.11201,-0.460277
2022-12-31 19:10:00,-1.15083,-0.55859
2022-12-31 19:11:00,-1.2513,-0.478153
2022-12-31 19:12:00,-1.48306,-0.446871
2022-12-31 19:13:00,-1.74337,-0.263654
2022-12-31 19:14:00,-1.86781,-0.105759
2022-12-31 19:15:00,-1.96941,-0.0506449
2022-12-31 19:16:00,-2.03791,-0.0491553
2022-12-31 19:17:00,-2.07101,-0.0446865
2022-12-31 19:18:00,-2.12468,-0.0595821
2022-12-31 19:19:00,-2.24569,-0.0521342
2022-12-31 19:20:00,-2.18288,-0.00595818
2022-12-31 19:21:00,-2.12808,-0.0685187
2022-12-31 19:22:00,-2.14293,-0.0893726
2022-12-31 19:23:00,-2.13723,-0.147465
2022-12-31 19:24:00,-2.16349,-0.205558
2022-12-31 19:25:00,-2.22287,-0.213007
2022-12-31 19:26:00,-2.26741,-0.208539
2022-12-31 19:27:00,-2.34619,-0.114697
2022-12-31 19:28:00,-2.42381,-0.0521347
2022-12-31 19:29:00,-2.50258,-0.0461764
2022-12-31 19:30:00,-2.56766,-0.0178748
2022-12-31 19:31:00,-2.60761,0.0595822
2022-12-31 19:32:00,-2.53225,0.0223433
2022-12-31 19:33:00,-2.50827,-0.0402178
2022-12-31 19:34:00,-2.55394,-0.0506447
2022-12-31 19:35:00,-2.56763,-0.0908621
2022-12-31 19:36:00,-2.53452,-0.0893726
2022-12-31 19:37:00,-2.52538,-0.113205
2022-12-31 19:38:00,-2.56649,-0.12959
2022-12-31 19:39:00,-2.5528,-0.137038
2022-12-31 19:40:00,-2.47859,-0.140018
2022-12-31 19:41:00,-2.42722,-0.138528
2022-12-31 19:42:00,-2.3747,-0.137039
2022-12-31 19:43:00,-2.33588,-0.192152
2022-12-31 19:44:00,-2.30848,-0.195131
2022-12-31 19:45:00,-2.36213,-0.193641
2022-12-31 19:46:00,-2.51283,-0.125122
2022-12-31 19:47:00,-2.61557,-0.0804351
2022-12-31 19:48:00,-2.59502,-0.0402176
2022-12-31 19:49:00,-2.30617,-0.086393
2022-12-31 19:50:00,-2.35298,-0.233857
2022-12-31 19:51:00,-2.19086,-0.226409
2022-12-31 19:52:00,-2.1372,-0.259178
2022-12-31 19:53:00,-2.10752,-0.257689
2022-12-31 19:54:00,-2.04245,-0.226409
2022-12-31 19:55:00,-1.98651,-0.226409
2022-12-31 19:56:00,-2.11893,-0.238325
2022-12-31 19:57:00,-2.13035,-0.196618
2022-12-31 19:58:00,-2.0493,-0.0968197
2022-12-31 19:59:00,-1.90545,-0.196619
2022-12-31 20:00:00,-1.82553,-0.293438
2022-12-31 20:01:00,-1.91229,-0.321739
2022-12-31 20:02:00,-2.04016,-0.236835
2022-12-31 20:03:00,-2.08011,-0.111714
2022-12-31 20:04:00,-2.02188,-0.0714969
2022-12-31 20:05:00,-2.05156,-0.0997978
2022-12-31 20:06:00,-2.07439,-0.142994
2022-12-31 20:07:00,-2.15888,-0.0983083
2022-12-31 20:08:00,-2.0938,-0.0476646
2022-12-31 20:09:00,-1.96936,-0.0670284
2022-12-31 20:10:00,-1.96479,-0.24726
2022-12-31 20:11:00,-2.05499,-0.201085
2022-12-31 20:12:00,-2.13719,-0.142994
2022-12-31 20:13:00,-2.16573,-0.065539
2022-12-31 20:14:00,-2.17145,-0.0446859
2022-12-31 20:15:00,-2.22396,-0.0446859
2022-12-31 20:16:00,-2.23196,-0.0491546
2022-12-31 20:17:00,-2.24339,-0.0714979
2022-12-31 20:18:00,-2.2468,-0.0714974
2022-12-31 20:19:00,-2.22396,-0.0521335
2022-12-31 20:20:00,-2.24109,-0.105757
2022-12-31 20:21:00,-2.38951,-0.0774555
2022-12-31 20:22:00,-2.45229,-0.0431963
2022-12-31 20:23:00,-2.31415,-0.0327695
2022-12-31 20:24:00,-2.33127,-0.09384
2022-12-31 20:25:00,-2.32101,-0.108736
2022-12-31 20:26:00,-2.31872,-0.138526
2022-12-31 20:27:00,-2.35868,-0.114694
2022-12-31 20:28:00,-2.34041,-0.0640497
2022-12-31 20:29:00,-2.24108,-0.0804342
2022-12-31 20:30:00,-2.2662,-0.153421
2022-12-31 20:31:00,-2.36095,-0.128099
2022-12-31 20:32:00,-2.38607,-0.080434
2022-12-31 20:33:00,-2.30044,-0.0446856
2022-12-31 20:34:00,-2.21254,-0.0536229
2022-12-31 20:35:00,-2.16231,-0.0997981
2022-12-31 20:36:00,-2.07668,-0.12512
2022-12-31 20:37:00,-2.00476,-0.12363
2022-12-31 20:38:00,-1.95109,-0.142994
2022-12-31 20:39:00,-1.97963,-0.174273
2022-12-31 20:40:00,-2.06526,-0.0804339
2022-12-31 20:41:00,-2.10635,-0.0402168
2022-12-31 20:42:00,-2.1406,-0.0238323
2022-12-31 20:43:00,-2.13033,-0.0342588
2022-12-31 20:44:00,-2.18171,-0.0610703
2022-12-31 20:45:00,-2.16688,-0.0163848
2022-12-31 20:46:00,-2.14404,-0.03128
2022-12-31 20:47:00,-2.12234,-0.0551122
2022-12-31 20:48:00,-2.09379,-0.093839
2022-12-31 20:49:00,-2.07553,-0.0997975
2022-12-31 20:50:00,-2.11777,-0.0938395
2022-12-31 20:51:00,-2.05954,-0.0491539
2022-12-31 20:52:00,-2.02187,-0.0655386
2022-12-31 20:53:00,-1.96593,-0.102777
2022-12-31 20:54:00,-1.9922,-0.134057
2022-12-31 20:55:00,-2.06297,-0.168315
2022-12-31 20:56:00,-2.02872,-0.052133
2022-12-31 20:57:00,-1.90314,-0.0685178
2022-12-31 20:58:00,-1.9294,-0.12512
2022-12-31 20:59:00,-1.97049,-0.137035
2022-12-31 21:00:00,-1.9488,-0.0878813
2022-12-31 21:01:00,-1.93738,-0.0625594
2022-12-31 21:02:00,-1.90314,-0.0759654
2022-12-31 21:03:00,-1.96707,-0.144483
2022-12-31 21:04:00,-1.96136,-0.0759652
2022-12-31 21:05:00,-1.92826,-0.0580912
2022-12-31 21:06:00,-1.90314,-0.0714968
2022-12-31 21:07:00,-1.89629,-0.0789444
2022-12-31 21:08:00,-1.91798,-0.117672
2022-12-31 21:09:00,-1.93853,-0.108735
2022-12-31 21:10:00,-1.90543,-0.0849027
2022-12-31 21:11:00,-1.91342,-0.0506436
2022-12-31 21:12:00,-1.94652,-0.0908602
2022-12-31 21:13:00,-1.98304,-0.0700068
2022-12-31 21:14:00,-1.95679,-0.0521329
2022-12-31 21:15:00,-1.95223,-0.134056
2022-12-31 21:16:00,-1.94994,-0.157889
2022-12-31 21:17:00,-1.94081,-0.169804
2022-12-31 21:18:00,-1.95451,-0.177252
2022-12-31 21:19:00,-1.95109,-0.165336
2022-12-31 21:20:00,-1.93396,-0.15491
2022-12-31 21:21:00,-1.94195,-0.169805
2022-12-31 21:22:00,-1.91455,-0.15193
2022-12-31 21:23:00,-1.92711,-0.163846
2022-12-31 21:24:00,-1.92482,-0.175762
2022-12-31 21:25:00,-1.92482,-0.172783
2022-12-31 21:26:00,-1.88486,-0.156398
2022-12-31 21:27:00,-1.85632,-0.157888
2022-12-31 21:28:00,-1.81636,-0.166825
2022-12-31 21:29:00,-1.81065,-0.177251
2022-12-31 21:30:00,-1.8232,-0.169803
2022-12-31 21:31:00,-1.81635,-0.151929
2022-12-31 21:32:00,-1.84833,-0.169804
2022-12-31 21:33:00,-1.84033,-0.108734
2022-12-31 21:34:00,-1.82321,-0.080433
2022-12-31 21:35:00,-1.77184,-0.104265
2022-12-31 21:36:00,-1.74672,-0.114692
2022-12-31 21:37:00,-1.76155,-0.126607
2022-12-31 21:38:00,-1.74557,-0.0849013
2022-12-31 21:39:00,-1.6942,-0.0491535
2022-12-31 21:40:00,-1.59032,-0.0566013
2022-12-31 21:41:00,-1.55492,-0.0625592
2022-12-31 21:42:00,-1.50583,-0.0655382
2022-12-31 21:43:00,-1.5241,-0.0595801
2022-12-31 21:44:00,-1.48528,-0.044685
2022-12-31 21:45:00,-1.46587,-0.0506429
2022-12-31 21:46:00,-1.47271,-0.0625587
2022-12-31 21:47:00,-1.47271,-0.061069
2022-12-31 21:48:00,-1.4807,-0.0521321
2022-12-31 21:49:00,-1.53437,-0.0655378
2022-12-31 21:50:00,-1.55606,-0.0580904
2022-12-31 21:51:00,-1.58574,-0.0685168
2022-12-31 21:52:00,-1.61999,-0.0700065
2022-12-31 21:53:00,-1.6805,-0.0685169
2022-12-31 21:54:00,-1.69991,-0.062559
2022-12-31 21:55:00,-1.73873,-0.0431956
2022-12-31 21:56:00,-1.76841,-0.0372377
2022-12-31 21:57:00,-1.80153,-0.0417063
2022-12-31 21:58:00,-1.8118,-0.0700069
2022-12-31 21:59:00,-1.82435,-0.0983073
2022-12-31 22:00:00,-1.87915,-0.102775
2022-12-31 22:01:00,-1.89969,-0.0938383
2022-12-31 22:02:00,-1.88599,-0.101286
2022-12-31 22:03:00,-1.92138,-0.131076
2022-12-31 22:04:00,-1.94878,-0.122138
2022-12-31 22:05:00,-1.9933,-0.119159
2022-12-31 22:06:00,-2.00243,-0.125117
2022-12-31 22:07:00,-1.94649,-0.119159
2022-12-31 22:08:00,-1.91909,-0.151928
2022-12-31 22:09:00,-1.95105,-0.180228
2022-12-31 22:10:00,-1.95676,-0.178738
2022-12-31 22:11:00,-1.9853,-0.177249
2022-12-31 22:12:00,-2.05038,-0.17427
2022-12-31 22:13:00,-2.02755,-0.159376
2022-12-31 22:14:00,-2.08691,-0.17576
2022-12-31 22:15:00,-2.07778,-0.162354
2022-12-31 22:16:00,-2.02869,-0.180228
2022-12-31 22:17:00,-1.96361,-0.180228
2022-12-31 22:18:00,-1.9385,-0.186186
2022-12-31 22:19:00,-1.93051,-0.192145
2022-12-31 22:20:00,-2.00815,-0.199593
2022-12-31 22:21:00,-2.02528,-0.181719
2022-12-31 22:22:00,-2.03669,-0.17874
2022-12-31 22:23:00,-2.03668,-0.17725
2022-12-31 22:24:00,-2.04924,-0.17725
2022-12-31 22:25:00,-2.02984,-0.154908
2022-12-31 22:26:00,-2.01386,-0.14746
2022-12-31 22:27:00,-2.00472,-0.168313
2022-12-31 22:28:00,-2.00586,-0.168313
2022-12-31 22:29:00,-1.98302,-0.17278
2022-12-31 22:30:00,-2.0184,-0.17278
2022-12-31 22:31:00,-2.04694,-0.154906
2022-12-31 22:32:00,-2.05151,-0.147459
2022-12-31 22:33:00,-2.03439,-0.141501
2022-12-31 22:34:00,-1.97501,-0.165332
2022-12-31 22:35:00,-1.89167,-0.163842
2022-12-31 22:36:00,-1.90423,-0.178737
2022-12-31 22:37:00,-1.87456,-0.178738
2022-12-31 22:38:00,-1.87798,-0.178738
2022-12-31 22:39:00,-1.91222,-0.187674
2022-12-31 22:40:00,-1.9168,-0.178738
2022-12-31 22:41:00,-1.94306,-0.178739
2022-12-31 22:42:00,-1.95905,-0.17427
2022-12-31 22:43:00,-1.96589,-0.162354
2022-12-31 22:44:00,-1.9499,-0.151927
2022-12-31 22:45:00,-1.92135,-0.154905
2022-12-31 22:46:00,-1.93962,-0.169801
2022-12-31 22:47:00,-1.94534,-0.177249
2022-12-31 22:48:00,-1.89853,-0.166822
2022-12-31 22:49:00,-1.85286,-0.187675
2022-12-31 22:50:00,-1.82661,-0.187675
2022-12-31 22:51:00,-1.80835,-0.186186
2022-12-31 22:52:00,-1.80492,-0.178738
2022-12-31 22:53:00,-1.8209,-0.180228
2022-12-31 22:54:00,-1.8152,-0.177249
2022-12-31 22:55:00,-1.81634,-0.178738
2022-12-31 22:56:00,-1.79693,-0.157885
2022-12-31 22:57:00,-1.81862,-0.157886
2022-12-31 22:58:00,-1.85287,-0.166822
2022-12-31 22:59:00,-1.86885,-0.169801
2022-12-31 23:00:00,-1.89168,-0.171291
2022-12-31 23:01:00,-1.94077,-0.169801
2022-12-31 23:02:00,-1.97274,-0.141501
2022-12-31 23:03:00,-1.96932,-0.102775
2022-12-31 23:04:00,-2.03554,-0.102775
2022-12-31 23:05:00,-2.10745,-0.0566005
2022-12-31 23:06:00,-2.13372,-0.0670272
2022-12-31 23:07:00,-2.07778,-0.0804325
2022-12-31 23:08:00,-1.98645,-0.126607
2022-12-31 23:09:00,-1.93964,-0.142991
2022-12-31 23:10:00,-1.94421,-0.168312
2022-12-31 23:11:00,-1.90424,-0.177248
2022-12-31 23:12:00,-1.84372,-0.178737
2022-12-31 23:13:00,-1.76838,-0.178738
2022-12-31 23:14:00,-1.74441,-0.178738
2022-12-31 23:15:00,-1.75925,-0.183206
2022-12-31 23:16:00,-1.76609,-0.184695
2022-12-31 23:17:00,-1.78779,-0.186185
2022-12-31 23:18:00,-1.82089,-0.186185
2022-12-31 23:19:00,-1.87112,-0.178737
2022-12-31 23:20:00,-1.92365,-0.17278
2022-12-31 23:21:00,-1.88825,-0.137032
2022-12-31 23:22:00,-1.89853,-0.14448
2022-12-31 23:23:00,-1.92022,-0.157885
2022-12-31 23:24:00,-1.93278,-0.181717
2022-12-31 23:25:00,-1.91567,-0.162354
2022-12-31 23:26:00,-1.9031,-0.184696
2022-12-31 23:27:00,-1.83802,-0.154906
2022-12-31 23:28:00,-1.80948,-0.172779
2022-12-31 23:29:00,-1.78551,-0.165332
2022-12-31 23:30:00,-1.80035,-0.178738
2022-12-31 23:31:00,-1.80607,-0.183207
2022-12-31 23:32:00,-1.8757,-0.199591
2022-12-31 23:33:00,-1.91679,-0.184695
2022-12-31 23:34:00,-1.95903,-0.180226
2022-12-31 23:35:00,-1.98643,-0.177247
2022-12-31 23:36:00,-1.9967,-0.148948
2022-12-31 23:37:00,-1.97616,-0.145969
2022-12-31 23:38:00,-2.00812,-0.178737
2022-12-31 23:39:00,-1.98643,-0.180226
2022-12-31 23:40:00,-1.96131,-0.178737
2022-12-31 23:41:00,-1.93619,-0.181716
2022-12-31 23:42:00,-1.96587,-0.181716
2022-12-31 23:43:00,-2.00583,-0.178737
2022-12-31 23:44:00,-1.92935,-0.177248
2022-12-31 23:45:00,-1.85514,-0.178737
2022-12-31 23:46:00,-1.83801,-0.178736
2022-12-31 23:47:00,-1.76951,-0.178736
2022-12-31 23:48:00,-1.77409,-0.181716
2022-12-31 23:49:00,-1.77067,-0.180227
2022-12-31 23:50:00,-1.7113,-0.178738
2022-12-31 23:51:00,-1.67134,-0.192143
2022-12-31 23:52:00,-1.64965,-0.190653
2022-12-31 23:53:00,-1.64851,-0.20108
2022-12-31 23:54:00,-1.68048,-0.207038
2022-12-31 23:55:00,-1.66792,-0.205549
2022-12-31 23:56:00,-1.72044,-0.232359
2022-12-31 23:57:00,-1.72956,-0.193632
2022-12-31 23:58:00,-1.7307,-0.175758
2022-12-31 23:59:00,-1.73413,-0.196611
2023-01-01 00:00:00,-1.73755,-0.175757
2023-01-01 00:01:00,-1.73298,-0.162352
2023-01-01 00:02:00,-1.75923,-0.180226
2023-01-01 00:03:00,-1.84714,-0.177247
2023-01-01 00:04:00,-1.90651,-0.159373
2023-01-01 00:05:00,-1.99099,-0.129584
2023-01-01 00:06:00,-1.9887,-0.108731
2023-01-01 00:07:00,-2.04578,-0.134052
2023-01-01 00:08:00,-2.03665,-0.110221
2023-01-01 00:09:00,-1.96131,-0.132563
2023-01-01 00:10:00,-1.92135,-0.142989
2023-01-01 00:11:00,-1.92706,-0.157884
2023-01-01 00:12:00,-1.91793,-0.151926
2023-01-01 00:13:00,-1.90308,-0.150437
2023-01-01 00:14:00,-1.86427,-0.134053
2023-01-01 00:15:00,-1.88026,-0.181717
2023-01-01 00:16:00,-1.95904,-0.20108
2023-01-01 00:17:00,-1.99671,-0.150438
2023-01-01 00:18:00,-1.98644,-0.135543
2023-01-01 00:19:00,-1.93392,-0.14448
2023-01-01 00:20:00,-1.92135,-0.154905
2023-01-01 00:21:00,-1.92934,-0.165331
2023-01-01 00:22:00,-1.98643,-0.178738
2023-01-01 00:23:00,-2.03438,-0.196611
2023-01-01 00:24:00,-2.00355,-0.162353
2023-01-01 00:25:00,-1.92935,-0.1415
2023-01-01 00:26:00,-1.90422,-0.151926
2023-01-01 00:27:00,-1.85285,-0.16682
2023-01-01 00:28:00,-1.78207,-0.199589
2023-01-01 00:29:00,-1.74325,-0.241294
2023-01-01 00:30:00,-1.79577,-0.257679
2023-01-01 00:31:00,-1.83915,-0.229379
2023-01-01 00:32:00,-1.84144,-0.223421
2023-01-01 00:33:00,-1.85514,-0.235338
2023-01-01 00:34:00,-1.89852,-0.196611
2023-01-01 00:35:00,-1.95446,-0.177247
2023-01-01 00:36:00,-1.92934,-0.138521
2023-01-01 00:37:00,-1.92136,-0.1415
2023-01-01 00:38:00,-1.90423,-0.150437
2023-01-01 00:39:00,-1.90993,-0.156394
2023-01-01 00:40:00,-1.87339,-0.156394
2023-01-01 00:41:00,-1.84714,-0.183204
2023-01-01 00:42:00,-1.81061,-0.177247
2023-01-01 00:43:00,-1.80148,-0.156395
2023-01-01 00:44:00,-1.7444,-0.137032
2023-01-01 00:45:00,-1.71244,-0.168311
2023-01-01 00:46:00,-1.67248,-0.172779
2023-01-01 00:47:00,-1.64394,-0.181716
2023-01-01 00:48:00,-1.64394,-0.210016
2023-01-01 00:49:00,-1.64394,-0.217464
2023-01-01 00:50:00,-1.64051,-0.195121
2023-01-01 00:51:00,-1.5686,-0.151927
2023-01-01 00:52:00,-1.57202,-0.248743
2023-01-01 00:53:00,-1.81519,-0.202569
2023-01-01 00:54:00,-1.91679,-0.0834107
2023-01-01 00:55:00,-1.83687,-0.0446843
2023-01-01 00:56:00,-1.86542,-0.1132
2023-01-01 00:57:00,-1.87112,-0.132563
2023-01-01 00:58:00,-1.90422,-0.142989
2023-01-01 00:59:00,-1.91449,-0.16831
2023-01-01 01:00:00,-1.89737,-0.1698
2023-01-01 01:01:00,-1.96702,-0.187674
2023-01-01 01:02:00,-2.05035,-0.150436
2023-01-01 01:03:00,-2.07318,-0.137031
2023-01-01 01:04:00,-2.08345,-0.171289
2023-01-01 01:05:00,-2.02409,-0.145968
2023-01-01 01:06:00,-1.96359,-0.166821
2023-01-01 01:07:00,-1.94418,-0.1698
2023-01-01 01:08:00,-1.89966,-0.1698
2023-01-01 01:09:00,-1.846,-0.187673
2023-01-01 01:10:00,-1.81175,-0.205546
2023-01-01 01:11:00,-1.88367,-0.212994
2023-01-01 01:12:00,-1.86655,-0.144479
2023-01-01 01:13:00,-1.83002,-0.162353
2023-01-01 01:14:00,-1.84943,-0.175758
2023-01-01 01:15:00,-1.86085,-0.156395
2023-01-01 01:16:00,-1.84486,-0.147458
2023-01-01 01:17:00,-1.86313,-0.186185
2023-01-01 01:18:00,-1.85742,-0.175758
2023-01-01 01:19:00,-1.93848,-0.160863
2023-01-01 01:20:00,-1.983,-0.114689
2023-01-01 01:21:00,-2.02752,-0.104263
2023-01-01 01:22:00,-1.97387,-0.122137
2023-01-01 01:23:00,-1.94647,-0.140011
2023-01-01 01:24:00,-1.97843,-0.153416
2023-01-01 01:25:00,-1.99213,-0.159374
2023-01-01 01:26:00,-2.04579,-0.151926
2023-01-01 01:27:00,-2.0024,-0.1415
2023-01-01 01:28:00,-2.00126,-0.159373
2023-01-01 01:29:00,-1.88253,-0.150436
2023-01-01 01:30:00,-1.87454,-0.193631
2023-01-01 01:31:00,-1.79234,-0.177246
2023-01-01 01:32:00,-1.79234,-0.205546
2023-01-01 01:33:00,-1.79577,-0.214484
2023-01-01 01:34:00,-1.71928,-0.204057
2023-01-01 01:35:00,-1.71128,-0.215973
2023-01-01 01:36:00,-1.77636,-0.214484
2023-01-01 01:37:00,-1.74668,-0.207036
2023-01-01 01:38:00,-1.80491,-0.221932
2023-01-01 01:39:00,-1.92136,-0.220443
2023-01-01 01:40:00,-1.98072,-0.160864
2023-01-01 01:41:00,-2.02639,-0.137032
2023-01-01 01:42:00,-2.08461,-0.134053
2023-01-01 01:43:00,-2.12343,-0.117669
2023-01-01 01:44:00,-2.06863,-0.0893689
2023-01-01 01:45:00,-2.04809,-0.134053
2023-01-01 01:46:00,-2.05494,-0.138522
2023-01-01 01:47:00,-2.04351,-0.151927
2023-01-01 01:48:00,-1.98985,-0.154905
2023-01-01 01:49:00,-1.92478,-0.181716
2023-01-01 01:50:00,-1.85172,-0.215974
2023-01-01 01:51:00,-1.79806,-0.221933
2023-01-01 01:52:00,-1.76153,-0.211506
2023-01-01 01:53:00,-1.717,-0.211505
2023-01-01 01:54:00,-1.71015,-0.207036
2023-01-01 01:55:00,-1.68161,-0.205548
2023-01-01 01:56:00,-1.65993,-0.20108
2023-01-01 01:57:00,-1.65422,-0.212996
2023-01-01 01:58:00,-1.6782,-0.220444
2023-01-01 01:59:00,-1.65422,-0.193633
2023-01-01 02:00:00,-1.68276,-0.189164
2023-01-01 02:01:00,-1.64508,-0.178738
2023-01-01 02:02:00,-1.60056,-0.17129
2023-01-01 02:03:00,-1.61083,-0.156395
2023-01-01 02:04:00,-1.59599,-0.137032
2023-01-01 02:05:00,-1.58686,-0.137032
2023-01-01 02:06:00,-1.58344,-0.150437
2023-01-01 02:07:00,-1.60626,-0.181716
2023-01-01 02:08:00,-1.65878,-0.162353
2023-01-01 02:09:00,-1.64964,-0.153415
2023-01-01 02:10:00,-1.63023,-0.198099
2023-01-01 02:11:00,-1.69986,-0.208525
2023-01-01 02:12:00,-1.709,-0.184694
2023-01-01 02:13:00,-1.72043,-0.142989
2023-01-01 02:14:00,-1.74098,-0.132563
2023-01-01 02:15:00,-1.78435,-0.134052
2023-01-01 02:16:00,-1.85057,-0.131074
2023-01-01 02:17:00,-1.85057,-0.101284
2023-01-01 02:18:00,-1.88711,-0.120648
2023-01-01 02:19:00,-1.95219,-0.113201
2023-01-01 02:20:00,-1.96018,-0.089369
2023-01-01 02:21:00,-1.98187,-0.113201
2023-01-01 02:22:00,-1.98644,-0.125116
2023-01-01 02:23:00,-1.97272,-0.126605
2023-01-01 02:24:00,-1.97957,-0.135542
2023-01-01 02:25:00,-1.92477,-0.134052
2023-01-01 02:26:00,-1.93505,-0.1415
2023-01-01 02:27:00,-1.91108,-0.138522
2023-01-01 02:28:00,-1.78551,-0.120648
2023-01-01 02:29:00,-1.66335,-0.145969
2023-01-01 02:30:00,-1.6154,-0.208527
2023-01-01 02:31:00,-1.53777,-0.204058
2023-01-01 02:32:00,-1.47498,-0.207038
2023-01-01 02:33:00,-1.40306,-0.1981
2023-01-01 02:34:00,-1.39278,-0.215974
2023-01-01 02:35:00,-1.37223,-0.215974
2023-01-01 02:36:00,-1.3768,-0.208526
2023-01-01 02:37:00,-1.39391,-0.181714
2023-01-01 02:38:00,-1.40533,-0.13852
2023-01-01 02:39:00,-1.43614,-0.132561
2023-01-01 02:40:00,-1.47838,-0.13703
2023-01-01 02:41:00,-1.50008,-0.134052
2023-01-01 02:42:00,-1.52063,-0.134052
2023-01-01 02:43:00,-1.54232,-0.125115
2023-01-01 02:44:00,-1.56402,-0.132562
2023-01-01 02:45:00,-1.61425,-0.120647
2023-01-01 02:46:00,-1.64279,-0.123626
2023-01-01 02:47:00,-1.65535,-0.120647
2023-01-01 02:48:00,-1.67475,-0.129584
2023-01-01 02:49:00,-1.70558,-0.126605
2023-01-01 02:50:00,-1.74782,-0.129584
2023-01-01 02:51:00,-1.77522,-0.135542
2023-01-01 02:52:00,-1.81061,-0.14001
2023-01-01 02:53:00,-1.80033,-0.137031
2023-01-01 02:54:00,-1.7775,-0.145968
2023-01-01 02:55:00,-1.81175,-0.184694
2023-01-01 02:56:00,-1.84943,-0.159373
2023-01-01 02:57:00,-1.86199,-0.163842
2023-01-01 02:58:00,-1.88824,-0.177247
2023-01-01 02:59:00,-1.91222,-0.166821
2023-01-01 03:00:00,-1.94419,-0.162353
2023-01-01 03:01:00,-1.92365,-0.166822
2023-01-01 03:02:00,-1.89625,-0.195122
2023-01-01 03:03:00,-1.8677,-0.214485
2023-01-01 03:04:00,-1.8814,-0.215975
2023-01-01 03:05:00,-1.81518,-0.218953
2023-01-01 03:06:00,-1.83231,-0.208526
2023-01-01 03:07:00,-1.89053,-0.223422
2023-01-01 03:08:00,-1.91679,-0.223422
2023-01-01 03:09:00,-1.89967,-0.224912
2023-01-01 03:10:00,-1.89511,-0.207038
2023-01-01 03:11:00,-1.92023,-0.217465
2023-01-01 03:12:00,-1.92479,-0.221933
2023-01-01 03:13:00,-1.93049,-0.223421
2023-01-01 03:14:00,-1.93962,-0.224911
2023-01-01 03:15:00,-1.95104,-0.220443
2023-01-01 03:16:00,-1.9556,-0.215973
2023-01-01 03:17:00,-1.94419,-0.215974
2023-01-01 03:18:00,-1.94762,-0.223422
2023-01-01 03:19:00,-1.8894,-0.224912
2023-01-01 03:20:00,-1.88482,-0.220443
2023-01-01 03:21:00,-1.89282,-0.211506
2023-01-01 03:22:00,-1.88368,-0.192143
2023-01-01 03:23:00,-1.88824,-0.214484
2023-01-01 03:24:00,-1.91793,-0.220442
2023-01-01 03:25:00,-1.86199,-0.205548
2023-01-01 03:26:00,-1.81632,-0.212995
2023-01-01 03:27:00,-1.80376,-0.205546
2023-01-01 03:28:00,-1.76837,-0.215973
2023-01-01 03:29:00,-1.75467,-0.223421
2023-01-01 03:30:00,-1.7033,-0.221931
2023-01-01 03:31:00,-1.68161,-0.205547
2023-01-01 03:32:00,-1.71701,-0.210016
2023-01-01 03:33:00,-1.74783,-0.202569
2023-01-01 03:34:00,-1.75467,-0.202568
2023-01-01 03:35:00,-1.80033,-0.220441
2023-01-01 03:36:00,-1.85627,-0.202567
2023-01-01 03:37:00,-1.8791,-0.178736
2023-01-01 03:38:00,-1.87225,-0.180225
2023-01-01 03:39:00,-1.82431,-0.190652
2023-01-01 03:40:00,-1.79006,-0.217462
2023-01-01 03:41:00,-1.80833,-0.22491
2023-01-01 03:42:00,-1.86541,-0.223421
2023-01-01 03:43:00,-1.8243,-0.22342
2023-01-01 03:44:00,-1.82202,-0.220441
2023-01-01 03:45:00,-1.8734,-0.217462
2023-01-01 03:46:00,-1.82203,-0.202568
2023-01-01 03:47:00,-1.76724,-0.218953
2023-01-01 03:48:00,-1.73642,-0.224911
2023-01-01 03:49:00,-1.69417,-0.221932
2023-01-01 03:50:00,-1.68617,-0.204057
2023-01-01 03:51:00,-1.68047,-0.210016
2023-01-01 03:52:00,-1.67818,-0.210015
2023-01-01 03:53:00,-1.70101,-0.217462
2023-01-01 03:54:00,-1.79919,-0.217462
2023-01-01 03:55:00,-1.80489,-0.174267
2023-01-01 03:56:00,-1.8574,-0.180224
2023-01-01 03:57:00,-1.91449,-0.144478
2023-01-01 03:58:00,-1.85056,-0.135541
2023-01-01 03:59:00,-1.78321,-0.150436
2023-01-01 04:00:00,-1.73755,-0.193631
2023-01-01 04:01:00,-1.74897,-0.220442
2023-01-01 04:02:00,-1.7113,-0.195122
2023-01-01 04:03:00,-1.65308,-0.187675
2023-01-01 04:04:00,-1.61198,-0.178738
2023-01-01 04:05:00,-1.59941,-0.205547
2023-01-01 04:06:00,-1.60969,-0.204058
2023-01-01 04:07:00,-1.6074,-0.207037
2023-01-01 04:08:00,-1.62681,-0.19661
2023-01-01 04:09:00,-1.64165,-0.175757
2023-01-01 04:10:00,-1.63365,-0.172778
2023-01-01 04:11:00,-1.61424,-0.178735
2023-01-01 04:12:00,-1.62679,-0.184692
2023-01-01 04:13:00,-1.67132,-0.180224
2023-01-01 04:14:00,-1.67132,-0.181714
2023-01-01 04:15:00,-1.66333,-0.183204
2023-01-01 04:16:00,-1.68045,-0.169798
2023-01-01 04:17:00,-1.74324,-0.175756
2023-01-01 04:18:00,-1.7912,-0.177247
2023-01-01 04:19:00,-1.846,-0.177247
2023-01-01 04:20:00,-1.88253,-0.183205
2023-01-01 04:21:00,-1.88139,-0.172779
2023-01-01 04:22:00,-1.87568,-0.180226
2023-01-01 04:23:00,-1.89623,-0.202568
2023-01-01 04:24:00,-1.9282,-0.172779
2023-01-01 04:25:00,-1.86198,-0.177247
2023-01-01 04:26:00,-1.88139,-0.208525
2023-01-01 04:27:00,-1.91107,-0.192141
2023-01-01 04:28:00,-1.8928,-0.192141
2023-01-01 04:29:00,-1.91221,-0.187673
2023-01-01 04:30:00,-1.93048,-0.189162
2023-01-01 04:31:00,-1.87796,-0.183204
2023-01-01 04:32:00,-1.88251,-0.189161
2023-01-01 04:33:00,-1.85169,-0.187671
2023-01-01 04:34:00,-1.84712,-0.184693
2023-01-01 04:35:00,-1.77977,-0.195119
2023-01-01 04:36:00,-1.69758,-0.198098
2023-01-01 04:37:00,-1.66105,-0.189162
2023-01-01 04:38:00,-1.6405,-0.189161
2023-01-01 04:39:00,-1.6736,-0.193629
2023-01-01 04:40:00,-1.65191,-0.187672
2023-01-01 04:41:00,-1.66789,-0.195119
2023-01-01 04:42:00,-1.72498,-0.196609
2023-01-01 04:43:00,-1.78777,-0.189161
2023-01-01 04:44:00,-1.74895,-0.180225
2023-01-01 04:45:00,-1.74439,-0.181715
2023-01-01 04:46:00,-1.7364,-0.189162
2023-01-01 04:47:00,-1.74553,-0.202567
2023-01-01 04:48:00,-1.74781,-0.186183
2023-01-01 04:49:00,-1.75923,-0.208524
2023-01-01 04:50:00,-1.80489,-0.207035
2023-01-01 04:51:00,-1.84256,-0.187672
2023-01-01 04:52:00,-1.86654,-0.162352
2023-01-01 04:53:00,-1.81289,-0.150436
2023-01-01 04:54:00,-1.75353,-0.154904
2023-01-01 04:55:00,-1.74325,-0.177246
2023-01-01 04:56:00,-1.72954,-0.184693
2023-01-01 04:57:00,-1.76265,-0.178735
2023-01-01 04:58:00,-1.80375,-0.177246
2023-01-01 04:59:00,-1.80376,-0.177246
2023-01-01 05:00:00,-1.82659,-0.183204
2023-01-01 05:01:00,-1.83114,-0.172777
2023-01-01 05:02:00,-1.81858,-0.175755
2023-01-01 05:03:00,-1.75693,-0.175756
2023-01-01 05:04:00,-1.74324,-0.175756
2023-01-01 05:05:00,-1.71698,-0.180225
2023-01-01 05:06:00,-1.69415,-0.184693
2023-01-01 05:07:00,-1.6793,-0.19065
2023-01-01 05:08:00,-1.68046,-0.190652
2023-01-01 05:09:00,-1.70786,-0.192141
2023-01-01 05:10:00,-1.72499,-0.180226
2023-01-01 05:11:00,-1.7444,-0.184694
2023-01-01 05:12:00,-1.75809,-0.178736
2023-01-01 05:13:00,-1.76608,-0.186183
2023-01-01 05:14:00,-1.76266,-0.183205
2023-01-01 05:15:00,-1.80376,-0.193631
2023-01-01 05:16:00,-1.80719,-0.210015
2023-01-01 05:17:00,-1.82774,-0.207037
2023-01-01 05:18:00,-1.83116,-0.201079
2023-01-01 05:19:00,-1.82204,-0.190654
2023-01-01 05:20:00,-1.83802,-0.183206
2023-01-01 05:21:00,-1.81632,-0.187673
2023-01-01 05:22:00,-1.84257,-0.184693
2023-01-01 05:23:00,-1.86882,-0.160862
2023-01-01 05:24:00,-1.87681,-0.128093
2023-01-01 05:25:00,-1.81174,-0.157883
2023-01-01 05:26:00,-1.75352,-0.178735
2023-01-01 05:27:00,-1.71242,-0.178735
2023-01-01 05:28:00,-1.68959,-0.184693
2023-01-01 05:29:00,-1.68274,-0.180225
2023-01-01 05:30:00,-1.66447,-0.183204
2023-01-01 05:31:00,-1.6405,-0.177246
2023-01-01 05:32:00,-1.6131,-0.169799
2023-01-01 05:33:00,-1.62338,-0.177246
2023-01-01 05:34:00,-1.60055,-0.163841
2023-01-01 05:35:00,-1.55032,-0.16831
2023-01-01 05:36:00,-1.52177,-0.181715
2023-01-01 05:37:00,-1.54004,-0.180225
2023-01-01 05:38:00,-1.57087,-0.183204
2023-01-01 05:39:00,-1.6485,-0.186183
2023-01-01 05:40:00,-1.71244,-0.128095
2023-01-01 05:41:00,-1.71815,-0.148948
2023-01-01 05:42:00,-1.7387,-0.134053
2023-01-01 05:43:00,-1.74098,-0.154906
2023-01-01 05:44:00,-1.7307,-0.163842
2023-01-01 05:45:00,-1.70215,-0.156394
2023-01-01 05:46:00,-1.71356,-0.174267
2023-01-01 05:47:00,-1.75922,-0.205545
2023-01-01 05:48:00,-1.78776,-0.184693
2023-01-01 05:49:00,-1.74438,-0.153414
2023-01-01 05:50:00,-1.74096,-0.163841
2023-01-01 05:51:00,-1.76038,-0.171289
2023-01-01 05:52:00,-1.74782,-0.16831
2023-01-01 05:53:00,-1.69187,-0.175756
2023-01-01 05:54:00,-1.67931,-0.177245
2023-01-01 05:55:00,-1.69872,-0.178735
2023-01-01 05:56:00,-1.7501,-0.178736
2023-01-01 05:57:00,-1.78777,-0.175757
2023-01-01 05:58:00,-1.78778,-0.172779
2023-01-01 05:59:00,-1.79121,-0.175758
2023-01-01 06:00:00,-1.79235,-0.172779
2023-01-01 06:01:00,-1.78893,-0.17278
2023-01-01 06:02:00,-1.80606,-0.165333
2023-01-01 06:03:00,-1.7604,-0.154906
2023-01-01 06:04:00,-1.76038,-0.177247
2023-01-01 06:05:00,-1.81518,-0.175758
2023-01-01 06:06:00,-1.84372,-0.162353
2023-01-01 06:07:00,-1.8483,-0.157885
2023-01-01 06:08:00,-1.8426,-0.178739
2023-01-01 06:09:00,-1.78779,-0.177249
2023-01-01 06:10:00,-1.76953,-0.180227
2023-01-01 06:11:00,-1.72956,-0.175758
2023-01-01 06:12:00,-1.68504,-0.183206
2023-01-01 06:13:00,-1.67361,-0.186183
2023-01-01 06:14:00,-1.62224,-0.19512
2023-01-01 06:15:00,-1.59484,-0.239804
2023-01-01 06:16:00,-1.57315,-0.244272
2023-01-01 06:17:00,-1.47497,-0.19512
2023-01-01 06:18:00,-1.40762,-0.192141
2023-01-01 06:19:00,-1.34255,-0.207037
2023-01-01 06:20:00,-1.26264,-0.218954
2023-01-01 06:21:00,-1.13364,-0.242785
2023-01-01 06:22:00,-0.997783,-0.241296
2023-01-01 06:23:00,-0.711233,-0.215974
2023-01-01 06:24:00,-0.259149,-0.1698
2023-01-01 06:25:00,0.26714,-0.140011
2023-01-01 06:26:00,0.722647,-0.171289
2023-01-01 06:27:00,1.14391,-0.177247
2023-01-01 06:28:00,1.56631,-0.14001
2023-01-01 06:29:00,1.7992,-0.1132
2023-01-01 06:30:00,1.64393,-0.0878785
2023-01-01 06:31:00,1.33341,-0.0997942
2023-01-01 06:32:00,1.1907,-0.128094
2023-01-01 06:33:00,1.24322,-0.122136
2023-01-01 06:34:00,1.41218,-0.113199
2023-01-01 06:35:00,1.73868,-0.11171
2023-01-01 06:36:00,2.07431,-0.116178
2023-01-01 06:37:00,2.44763,-0.142989
2023-01-01 06:38:00,2.90769,-0.107241
2023-01-01 06:39:00,3.39172,-0.116177
2023-01-01 06:40:00,3.94083,-0.160861
2023-01-01 06:41:00,4.50709,-0.175756
2023-01-01 06:42:00,5.1247,-0.181714
2023-01-01 06:43:00,5.89302,-0.177246
2023-01-01 06:44:00,6.72526,-0.159373
2023-01-01 06:45:00,7.51873,-0.0625578
2023-01-01 06:46:00,8.36929,0.00893681
2023-01-01 06:47:00,9.58397,0.0819214
2023-01-01 06:48:00,11.0669,0.0878788
2023-01-01 06:49:00,12.8912,0.0968154
2023-01-01 06:50:00,14.9255,0.145968
2023-01-01 06:51:00,16.9953,0.296404
2023-01-01 06:52:00,18.8584,0.650899
2023-01-01 06:53:00,20.6085,2.24612
2023-01-01 06:54:00,22.5139,4.12882
2023-01-01 06:55:00,24.2652,5.447
2023-01-01 06:56:00,25.9011,7.02583
2023-01-01 06:57:00,27.7367,5.95338
2023-01-01 06:58:00,29.8511,4.76779
2023-01-01 06:59:00,32.9381,5.67787
2023-01-01 07:00:00,36.3458,6.80838
2023-01-01 07:01:00,39.7138,8.34108
2023-01-01 07:02:00,41.9511,8.62998
2023-01-01 07:03:00,42.9157,9.98687
2023-01-01 07:04:00,44.4353,14.999
2023-01-01 07:05:00,47.8807,28.4935
2023-01-01 07:06:00,49.5429,35.7845
2023-01-01 07:07:00,47.915,33.2256
2023-01-01 07:08:00,47.4937,26.0166
2023-01-01 07:09:00,48.5348,21.6226
2023-01-01 07:10:00,53.0806,36.6438
2023-01-01 07:11:00,59.9302,66.1471
2023-01-01 07:12:00,67.6064,99.4588
2023-01-01 07:13:00,76.2188,139.67
2023-01-01 07:14:00,83.8105,175.246
2023-01-01 07:15:00,86.7091,184.121
2023-01-01 07:16:00,89.59,190.14
2023-01-01 07:17:00,89.0008,175.044
2023-01-01 07:18:00,98.0594,213.322
2023-01-01 07:19:00,103.381,233.445
2023-01-01 07:20:00,100.019,204.094
2023-01-01 07:21:00,105.733,222.088
2023-01-01 07:22:00,114.29,256.318
2023-01-01 07:23:00,124.295,298.123
2023-01-01 07:24:00,130.925,322.97
2023-01-01 07:25:00,134.926,334.866
2023-01-01 07:26:00,132.649,317.927
2023-01-01 07:27:00,135.423,325.177
2023-01-01 07:28:00,132.445,305.758
2023-01-01 07:29:00,137.309,321.222
2023-01-01 07:30:00,139.221,324.971
2023-01-01 07:31:00,141.896,329.707
2023-01-01 07:32:00,152.465,366.101
2023-01-01 07:33:00,157.409,376.761
2023-01-01 07:34:00,164.352,395.627
2023-01-01 07:35:00,170.055,411.923
2023-01-01 07:36:00,169.24,405.28
2023-01-01 07:37:00,161.921,375.21
2023-01-01 07:38:00,155.689,348.099
2023-01-01 07:39:00,169.258,395.425
2023-01-01 07:40:00,181.34,435.163
2023-01-01 07:41:00,190.993,464.451
2023-01-01 07:42:00,198.713,486.718
2023-01-01 07:43:00,196.723,473.061
2023-01-01 07:44:00,200.051,479.422
2023-01-01 07:45:00,204.6,487.82
2023-01-01 07:46:00,207.928,490.636
2023-01-01 07:47:00,211.163,494.327
2023-01-01 07:48:00,211.553,488.262
2023-01-01 07:49:00,215.253,493.331
2023-01-01 07:50:00,221.46,508.5
2023-01-01 07:51:00,218.78,492.822
2023-01-01 07:52:00,215.827,473.68
2023-01-01 07:53:00,225.957,496.063
2023-01-01 07:54:00,238.313,526.662
2023-01-01 07:55:00,237.066,514.336
2023-01-01 07:56:00,245.64,533.178
2023-01-01 07:57:00,246.202,530.592
2023-01-01 07:58:00,235.275,495.47
2023-01-01 07:59:00,233.564,487.079
2023-01-01 08:00:00,241.803,507.685
2023-01-01 08:01:00,245.783,514.018
2023-01-01 08:02:00,243.337,498.516
2023-01-01 08:03:00,259.775,538.355
2023-01-01 08:04:00,271.682,564.137
2023-01-01 08:05:00,279.211,576.832
2023-01-01 08:06:00,284.851,584.034
2023-01-01 08:07:00,290.361,592.153
2023-01-01 08:08:00,296.76,602.287
2023-01-01 08:09:00,303.886,613.793
2023-01-01 08:10:00,309.456,621.634
2023-01-01 08:11:00,305.438,602.054
2023-01-01 08:12:00,305.77,593.046
2023-01-01 08:13:00,313.337,604.056
2023-01-01 08:14:00,311.553,589.636
2023-01-01 08:15:00,326.236,619.74
2023-01-01 08:16:00,326.154,609.908
2023-01-01 08:17:00,313.591,568.303
2023-01-01 08:18:00,291.736,504.668
2023-01-01 08:19:00,259.053,412.979
2023-01-01 08:20:00,228.393,325.785
2023-01-01 08:21:00,250.081,371.836
2023-01-01 08:22:00,243.488,343.775
2023-01-01 08:23:00,291.332,445.463
2023-01-01 08:24:00,332.146,527.443
2023-01-01 08:25:00,343.464,539.485
2023-01-01 08:26:00,326.787,486.001
2023-01-01 08:27:00,299.497,408.656
2023-01-01 08:28:00,269.518,326.276
2023-01-01 08:29:00,272.296,320.786
2023-01-01 08:30:00,328.062,439.382
2023-01-01 08:31:00,355.289,489.809
2023-01-01 08:32:00,383.499,540.203
2023-01-01 08:33:00,396.256,560.896
2023-01-01 08:34:00,346.486,439.664
2023-01-01 08:35:00,293.21,309.419
2023-01-01 08:36:00,333.754,394.358
2023-01-01 08:37:00,260.651,229.21
2023-01-01 08:38:00,277.575,260.216
2023-01-01 08:39:00,328.219,363.609
2023-01-01 08:40:00,379.724,470.945
2023-01-01 08:41:00,400.809,516.0
2023-01-01 08:42:00,420.181,557.89
2023-01-01 08:43:00,406.983,531.256
2023-01-01 08:44:00,420.004,561.688
2023-01-01 08:45:00,430.762,587.499
2023-01-01 08:46:00,429.26,588.201
2023-01-01 08:47:00,405.594,542.84
2023-01-01 08:48:00,417.337,571.596
2023-01-01 08:49:00,444.565,630.458
2023-01-01 08:50:00,435.994,614.794
2023-01-01 08:51:00,433.737,610.971
2023-01-01 08:52:00,446.587,637.164
2023-01-01 08:53:00,455.418,654.376
2023-01-01 08:54:00,465.053,672.888
2023-01-01 08:55:00,467.209,674.875
2023-01-01 08:56:00,464.826,668.546
2023-01-01 08:57:00,462.154,660.511
2023-01-01 08:58:00,473.889,680.088
2023-01-01 08:59:00,472.198,672.76
2023-01-01 09:00:00,461.247,648.435
2023-01-01 09:01:00,486.234,693.406
2023-01-01 09:02:00,461.465,642.287
2023-01-01 09:03:00,498.477,708.989
2023-01-01 09:04:00,502.15,713.258
2023-01-01 09:05:00,498.958,704.361
2023-01-01 09:06:00,505.496,713.53
2023-01-01 09:07:00,509.89,718.563
2023-01-01 09:08:00,494.23,685.792
2023-01-01 09:09:00,524.698,736.832
2023-01-01 09:10:00,509.856,705.769
2023-01-01 09:11:00,505.194,693.846
2023-01-01 09:12:00,499.23,680.036
2023-01-01 09:13:00,508.532,694.809
2023-01-01 09:14:00,523.159,718.291
2023-01-01 09:15:00,540.95,747.284
2023-01-01 09:16:00,518.316,704.42
2023-01-01 09:17:00,498.307,666.897
2023-01-01 09:18:00,521.657,704.898
2023-01-01 09:19:00,548.059,747.329
2023-01-01 09:20:00,556.326,757.185
2023-01-01 09:21:00,567.423,770.436
2023-01-01 09:22:00,586.049,797.047
2023-01-01 09:23:00,600.732,814.137
2023-01-01 09:24:00,594.497,793.7
2023-01-01 09:25:00,556.315,717.811
2023-01-01 09:26:00,511.363,631.969
2023-01-01 09:27:00,417.661,466.46
2023-01-01 09:28:00,381.68,400.134
2023-01-01 09:29:00,352.355,344.441
2023-01-01 09:30:00,351.76,339.744
2023-01-01 09:31:00,351.094,336.743
2023-01-01 09:32:00,355.18,340.867
2023-01-01 09:33:00,390.917,397.721
2023-01-01 09:34:00,378.893,376.263
2023-01-01 09:35:00,367.286,357.535
2023-01-01 09:36:00,362.585,348.848
2023-01-01 09:37:00,394.414,400.072
2023-01-01 09:38:00,456.125,499.076
2023-01-01 09:39:00,519.841,601.681
2023-01-01 09:40:00,541.698,636.58
2023-01-01 09:41:00,564.529,674.179
2023-01-01 09:42:00,560.731,671.036
2023-01-01 09:43:00,564.202,677.583
2023-01-01 09:44:00,579.4,702.602
2023-01-01 09:45:00,604.692,742.646
2023-01-01 09:46:00,614.974,758.181
2023-01-01 09:47:00,613.962,755.34
2023-01-01 09:48:00,651.386,811.08
2023-01-01 09:49:00,662.765,825.864
2023-01-01 09:50:00,679.881,848.858
2023-01-01 09:51:00,696.167,870.031
2023-01-01 09:52:00,692.896,858.198
2023-01-01 09:53:00,698.036,858.697
2023-01-01 09:54:00,712.223,871.027
2023-01-01 09:55:00,714.148,863.459
2023-01-01 09:56:00,674.257,791.722
2023-01-01 09:57:00,650.357,744.573
2023-01-01 09:58:00,637.513,714.635
2023-01-01 09:59:00,684.32,774.743
2023-01-01 10:00:00,714.04,808.969
2023-01-01 10:01:00,737.428,834.273
2023-01-01 10:02:00,667.271,717.878
2023-01-01 10:03:00,613.472,627.24
2023-01-01 10:04:00,641.334,658.548
2023-01-01 10:05:00,635.343,638.185
2023-01-01 10:06:00,613.588,596.044
2023-01-01 10:07:00,580.776,536.78
2023-01-01 10:08:00,549.466,479.647
2023-01-01 10:09:00,541.79,457.155
2023-01-01 10:10:00,613.098,549.5
2023-01-01 10:11:00,701.289,665.612
2023-01-01 10:12:00,733.846,700.026
2023-01-01 10:13:00,793.917,771.874
2023-01-01 10:14:00,771.1,721.555
2023-01-01 10:15:00,697.935,598.957
2023-01-01 10:16:00,626.225,480.339
2023-01-01 10:17:00,564.985,379.65
2023-01-01 10:18:00,529.876,318.367
2023-01-01 10:19:00,515.767,290.482
2023-01-01 10:20:00,494.126,254.561
2023-01-01 10:21:00,489.05,248.002
2023-01-01 10:22:00,446.893,186.113
2023-01-01 10:23:00,428.363,154.888
2023-01-01 10:24:00,491.651,241.036
2023-01-01 10:25:00,486.69,232.188
2023-01-01 10:26:00,450.726,182.974
2023-01-01 10:27:00,430.675,155.984
2023-01-01 10:28:00,460.126,198.188
2023-01-01 10:29:00,511.674,271.754
2023-01-01 10:30:00,483.05,235.044
2023-01-01 10:31:00,424.062,157.817
2023-01-01 10:32:00,426.395,165.563
2023-01-01 10:33:00,434.099,178.678
2023-01-01 10:34:00,499.84,273.881
2023-01-01 10:35:00,491.298,266.086
2023-01-01 10:36:00,512.81,299.671
2023-01-01 10:37:00,534.807,333.83
2023-01-01 10:38:00,514.075,310.525
2023-01-01 10:39:00,517.5,320.431
2023-01-01 10:40:00,543.922,360.677
2023-01-01 10:41:00,588.291,425.357
2023-01-01 10:42:00,622.843,477.88
2023-01-01 10:43:00,620.363,480.389
2023-01-01 10:44:00,626.913,496.137
2023-01-01 10:45:00,677.497,571.574
2023-01-01 10:46:00,695.253,603.193
2023-01-01 10:47:00,709.603,630.962
2023-01-01 10:48:00,713.722,644.53
2023-01-01 10:49:00,738.409,686.277
2023-01-01 10:50:00,763.31,727.903
2023-01-01 10:51:00,759.505,730.231
2023-01-01 10:52:00,758.502,736.523
2023-01-01 10:53:00,776.04,767.098
2023-01-01 10:54:00,805.842,813.008
2023-01-01 10:55:00,807.911,820.971
2023-01-01 10:56:00,808.406,826.554
2023-01-01 10:57:00,813.054,836.521
2023-01-01 10:58:00,811.047,836.803
2023-01-01 10:59:00,809.597,836.454
2023-01-01 11:00:00,774.601,791.49
2023-01-01 11:01:00,723.547,725.443
2023-01-01 11:02:00,637.892,613.867
2023-01-01 11:03:00,554.545,506.359
2023-01-01 11:04:00,709.609,714.027
2023-01-01 11:05:00,793.041,826.025
2023-01-01 11:06:00,790.25,825.346
2023-01-01 11:07:00,822.171,870.949
2023-01-01 11:08:00,821.511,873.162
2023-01-01 11:09:00,817.383,870.3
2023-01-01 11:10:00,817.037,872.183
2023-01-01 11:11:00,810.353,865.879
2023-01-01 11:12:00,807.561,864.288
2023-01-01 11:13:00,809.947,868.92
2023-01-01 11:14:00,815.442,877.155
2023-01-01 11:15:00,823.811,889.217
2023-01-01 11:16:00,828.651,897.006
2023-01-01 11:17:00,836.04,908.392
2023-01-01 11:18:00,839.374,914.809
2023-01-01 11:19:00,841.841,919.81
2023-01-01 11:20:00,843.451,924.055
2023-01-01 11:21:00,838.75,919.443
2023-01-01 11:22:00,821.853,898.76
2023-01-01 11:23:00,812.846,888.954
2023-01-01 11:24:00,821.164,901.151
2023-01-01 11:25:00,828.323,911.337
2023-01-01 11:26:00,828.59,912.024
2023-01-01 11:27:00,836.369,922.15
2023-01-01 11:28:00,826.027,908.592
2023-01-01 11:29:00,820.901,901.456
2023-01-01 11:30:00,832.158,914.971
2023-01-01 11:31:00,817.39,895.18
2023-01-01 11:32:00,819.124,896.815
2023-01-01 11:33:00,821.458,897.962
2023-01-01 11:34:00,814.869,888.08
2023-01-01 11:35:00,824.157,900.761
2023-01-01 11:36:00,827.025,905.35
2023-01-01 11:37:00,833.141,914.248
2023-01-01 11:38:00,836.274,919.943
2023-01-01 11:39:00,839.743,925.401
2023-01-01 11:40:00,845.714,933.024
2023-01-01 11:41:00,846.671,934.45
2023-01-01 11:42:00,851.329,940.262
2023-01-01 11:43:00,852.97,942.75
2023-01-01 11:44:00,844.116,931.406
2023-01-01 11:45:00,826.779,909.295
2023-01-01 11:46:00,832.919,916.627
2023-01-01 11:47:00,838.244,922.206
2023-01-01 11:48:00,838.202,921.538
2023-01-01 11:49:00,847.56,932.718
2023-01-01 11:50:00,845.893,930.302
2023-01-01 11:51:00,846.099,930.464
2023-01-01 11:52:00,828.889,908.562
2023-01-01 11:53:00,844.495,929.076
2023-01-01 11:54:00,846.171,931.218
2023-01-01 11:55:00,841.194,924.743
2023-01-01 11:56:00,838.763,921.93
2023-01-01 11:57:00,849.63,936.0
2023-01-01 11:58:00,855.863,944.613
2023-01-01 11:59:00,858.705,948.742
2023-01-01 12:00:00,847.019,934.494
2023-01-01 12:01:00,846.328,935.149
2023-01-01 12:02:00,845.86,935.648
2023-01-01 12:03:00,855.366,948.944
2023-01-01 12:04:00,855.254,949.981
2023-01-01 12:05:00,841.214,933.237
2023-01-01 12:06:00,851.545,947.356
2023-01-01 12:07:00,859.201,957.374
2023-01-01 12:08:00,865.366,965.291
2023-01-01 12:09:00,867.385,967.623
2023-01-01 12:10:00,866.893,966.329
2023-01-01 12:11:00,857.345,953.668
2023-01-01 12:12:00,827.921,916.052
2023-01-01 12:13:00,837.029,927.823
2023-01-01 12:14:00,850.71,945.641
2023-01-01 12:15:00,858.667,955.118
2023-01-01 12:16:00,851.815,946.043
2023-01-01 12:17:00,838.983,928.889
2023-01-01 12:18:00,814.97,897.974
2023-01-01 12:19:00,822.821,907.081
2023-01-01 12:20:00,823.819,908.094
2023-01-01 12:21:00,809.715,890.666
2023-01-01 12:22:00,805.778,886.355
2023-01-01 12:23:00,822.767,908.452
2023-01-01 12:24:00,834.302,922.714
2023-01-01 12:25:00,837.557,926.076
2023-01-01 12:26:00,841.662,930.915
2023-01-01 12:27:00,849.718,941.458
2023-01-01 12:28:00,849.742,942.068
2023-01-01 12:29:00,850.413,943.913
2023-01-01 12:30:00,853.709,949.025
2023-01-01 12:31:00,856.499,953.36
2023-01-01 12:32:00,854.566,951.589
2023-01-01 12:33:00,834.225,926.569
2023-01-01 12:34:00,843.009,939.688
2023-01-01 12:35:00,844.839,943.283
2023-01-01 12:36:00,838.453,936.666
2023-01-01 12:37:00,837.055,936.377
2023-01-01 12:38:00,830.83,930.608
2023-01-01 12:39:00,840.974,944.635
2023-01-01 12:40:00,835.526,938.779
2023-01-01 12:41:00,845.324,952.911
2023-01-01 12:42:00,852.57,963.588
2023-01-01 12:43:00,856.313,969.969
2023-01-01 12:44:00,858.146,973.999
2023-01-01 12:45:00,856.936,973.383
2023-01-01 12:46:00,855.563,972.7
2023-01-01 12:47:00,855.352,972.513
2023-01-01 12:48:00,853.211,970.373
2023-01-01 12:49:00,852.492,969.191
2023-01-01 12:50:00,851.824,967.649
2023-01-01 12:51:00,847.428,960.622
2023-01-01 12:52:00,844.037,954.22
2023-01-01 12:53:00,819.776,919.687
2023-01-01 12:54:00,791.294,878.694
2023-01-01 12:55:00,764.462,840.389
2023-01-01 12:56:00,746.807,814.121
2023-01-01 12:57:00,739.824,803.208
2023-01-01 12:58:00,739.628,801.525
2023-01-01 12:59:00,767.274,837.721
2023-01-01 13:00:00,786.243,862.347
2023-01-01 13:01:00,799.731,879.48
2023-01-01 13:02:00,805.743,886.455
2023-01-01 13:03:00,788.519,863.364
2023-01-01 13:04:00,755.252,819.698
2023-01-01 13:05:00,744.061,804.948
2023-01-01 13:06:00,738.109,798.329
2023-01-01 13:07:00,740.361,803.887
2023-01-01 13:08:00,745.085,812.568
2023-01-01 13:09:00,738.768,807.142
2023-01-01 13:10:00,740.884,814.503
2023-01-01 13:11:00,741.836,819.803
2023-01-01 13:12:00,781.341,875.098
2023-01-01 13:13:00,811.323,918.149
2023-01-01 13:14:00,818.904,930.976
2023-01-01 13:15:00,813.879,925.96
2023-01-01 13:16:00,786.888,891.261
2023-01-01 13:17:00,762.789,861.072
2023-01-01 13:18:00,773.107,875.808
2023-01-01 13:19:00,766.426,869.084
2023-01-01 13:20:00,767.801,873.78
2023-01-01 13:21:00,772.859,882.477
2023-01-01 13:22:00,760.678,866.841
2023-01-01 13:23:00,757.363,863.492
2023-01-01 13:24:00,757.08,864.039
2023-01-01 13:25:00,751.374,857.065
2023-01-01 13:26:00,738.356,840.46
2023-01-01 13:27:00,735.886,838.606
2023-01-01 13:28:00,747.669,854.944
2023-01-01 13:29:00,749.13,857.461
2023-01-01 13:30:00,731.011,834.111
2023-01-01 13:31:00,731.486,835.12
2023-01-01 13:32:00,730.86,834.023
2023-01-01 13:33:00,737.468,843.306
2023-01-01 13:34:00,743.969,852.886
2023-01-01 13:35:00,732.264,837.584
2023-01-01 13:36:00,720.661,822.979
2023-01-01 13:37:00,737.272,847.008
2023-01-01 13:38:00,750.201,867.8
2023-01-01 13:39:00,781.83,915.911
2023-01-01 13:40:00,772.975,908.626
2023-01-01 13:41:00,781.701,925.048
2023-01-01 13:42:00,789.73,940.643
2023-01-01 13:43:00,789.949,945.642
2023-01-01 13:44:00,783.207,940.935
2023-01-01 13:45:00,768.286,924.598
2023-01-01 13:46:00,766.024,926.632
2023-01-01 13:47:00,775.758,945.335
2023-01-01 13:48:00,778.466,953.734
2023-01-01 13:49:00,775.807,954.351
2023-01-01 13:50:00,771.447,951.934
2023-01-01 13:51:00,768.848,951.255
2023-01-01 13:52:00,766.683,951.028
2023-01-01 13:53:00,765.149,950.799
2023-01-01 13:54:00,760.888,946.841
2023-01-01 13:55:00,756.491,942.227
2023-01-01 13:56:00,754.05,939.382
2023-01-01 13:57:00,752.502,937.509
2023-01-01 13:58:00,752.711,936.787
2023-01-01 13:59:00,754.487,936.632
2023-01-01 14:00:00,753.211,930.813
2023-01-01 14:01:00,627.536,742.172
2023-01-01 14:02:00,516.281,574.524
2023-01-01 14:03:00,536.177,597.84
2023-01-01 14:04:00,576.54,652.236
2023-01-01 14:05:00,618.522,710.536
2023-01-01 14:06:00,657.787,765.786
2023-01-01 14:07:00,687.667,809.519
2023-01-01 14:08:00,688.096,811.501
2023-01-01 14:09:00,733.711,881.914
2023-01-01 14:10:00,742.8,900.811
2023-01-01 14:11:00,718.188,869.062
2023-01-01 14:12:00,725.904,884.81
2023-01-01 14:13:00,719.27,877.974
2023-01-01 14:14:00,710.747,867.969
2023-01-01 14:15:00,705.068,860.589
2023-01-01 14:16:00,702.842,856.193
2023-01-01 14:17:00,698.875,847.391
2023-01-01 14:18:00,632.282,740.448
2023-01-01 14:19:00,491.474,521.308
2023-01-01 14:20:00,405.801,386.57
2023-01-01 14:21:00,316.708,250.022
2023-01-01 14:22:00,208.33,83.6961
2023-01-01 14:23:00,248.604,137.279
2023-01-01 14:24:00,348.706,275.86
2023-01-01 14:25:00,409.879,354.201
2023-01-01 14:26:00,494.511,472.311
2023-01-01 14:27:00,523.336,510.369
2023-01-01 14:28:00,552.316,554.504
2023-01-01 14:29:00,603.581,638.8
2023-01-01 14:30:00,687.76,779.122
2023-01-01 14:31:00,744.268,878.996
2023-01-01 14:32:00,742.079,888.55
2023-01-01 14:33:00,709.571,851.308
2023-01-01 14:34:00,699.381,850.058
2023-01-01 14:35:00,702.925,870.83
2023-01-01 14:36:00,704.381,887.853
2023-01-01 14:37:00,695.465,887.817
2023-01-01 14:38:00,690.474,891.804
2023-01-01 14:39:00,666.851,864.137
2023-01-01 14:40:00,662.009,865.884
2023-01-01 14:41:00,621.874,807.466
2023-01-01 14:42:00,554.989,706.802
2023-01-01 14:43:00,540.746,691.082
2023-01-01 14:44:00,574.453,754.05
2023-01-01 14:45:00,617.601,832.23
2023-01-01 14:46:00,616.054,835.526
2023-01-01 14:47:00,623.36,853.16
2023-01-01 14:48:00,625.484,861.546
2023-01-01 14:49:00,621.369,859.504
2023-01-01 14:50:00,619.627,861.913
2023-01-01 14:51:00,616.528,861.343
2023-01-01 14:52:00,614.291,862.634
2023-01-01 14:53:00,611.423,863.122
2023-01-01 14:54:00,607.597,861.28
2023-01-01 14:55:00,604.53,860.491
2023-01-01 14:56:00,595.497,848.161
2023-01-01 14:57:00,557.725,785.253
2023-01-01 14:58:00,513.544,711.467
2023-01-01 14:59:00,497.134,685.287
2023-01-01 15:00:00,499.633,692.148
2023-01-01 15:01:00,497.89,689.921
2023-01-01 15:02:00,490.165,675.94
2023-01-01 15:03:00,502.096,696.539
2023-01-01 15:04:00,534.189,751.959
2023-01-01 15:05:00,535.466,751.611
2023-01-01 15:06:00,431.699,561.372
2023-01-01 15:07:00,453.482,599.709
2023-01-01 15:08:00,463.122,613.708
2023-01-01 15:09:00,466.44,617.304
2023-01-01 15:10:00,478.951,638.043
2023-01-01 15:11:00,487.837,650.608
2023-01-01 15:12:00,393.983,474.937
2023-01-01 15:13:00,325.044,350.816
2023-01-01 15:14:00,424.766,539.872
2023-01-01 15:15:00,513.134,706.322
2023-01-01 15:16:00,538.596,756.367
2023-01-01 15:17:00,542.082,767.761
2023-01-01 15:18:00,546.25,781.029
2023-01-01 15:19:00,543.188,780.951
2023-01-01 15:20:00,522.715,747.295
2023-01-01 15:21:00,469.847,651.86
2023-01-01 15:22:00,477.753,677.021
2023-01-01 15:23:00,482.955,695.093
2023-01-01 15:24:00,467.735,672.64
2023-01-01 15:25:00,455.276,654.363
2023-01-01 15:26:00,449.86,650.419
2023-01-01 15:27:00,447.703,651.601
2023-01-01 15:28:00,445.412,651.279
2023-01-01 15:29:00,440.461,645.683
2023-01-01 15:30:00,445.849,661.727
2023-01-01 15:31:00,457.627,690.431
2023-01-01 15:32:00,462.236,703.953
2023-01-01 15:33:00,463.407,711.676
2023-01-01 15:34:00,443.396,673.869
2023-01-01 15:35:00,429.248,648.754
2023-01-01 15:36:00,403.365,597.576
2023-01-01 15:37:00,413.328,623.789
2023-01-01 15:38:00,422.675,646.441
2023-01-01 15:39:00,429.343,664.457
2023-01-01 15:40:00,403.49,611.092
2023-01-01 15:41:00,377.674,558.527
2023-01-01 15:42:00,370.049,544.46
2023-01-01 15:43:00,346.204,493.682
2023-01-01 15:44:00,328.401,458.823
2023-01-01 15:45:00,338.349,485.093
2023-01-01 15:46:00,347.51,510.238
2023-01-01 15:47:00,367.308,555.782
2023-01-01 15:48:00,367.069,554.861
2023-01-01 15:49:00,349.764,517.494
2023-01-01 15:50:00,341.551,503.875
2023-01-01 15:51:00,340.704,507.488
2023-01-01 15:52:00,350.004,533.199
2023-01-01 15:53:00,349.661,535.449
2023-01-01 15:54:00,361.533,567.212
2023-01-01 15:55:00,363.796,576.066
2023-01-01 15:56:00,349.357,544.268
2023-01-01 15:57:00,337.385,521.68
2023-01-01 15:58:00,342.233,540.83
2023-01-01 15:59:00,318.772,488.691
2023-01-01 16:00:00,329.215,522.274
2023-01-01 16:01:00,329.599,529.911
2023-01-01 16:02:00,337.965,558.642
2023-01-01 16:03:00,339.704,570.259
2023-01-01 16:04:00,345.193,592.393
2023-01-01 16:05:00,341.601,591.051
2023-01-01 16:06:00,347.536,614.61
2023-01-01 16:07:00,340.882,605.078
2023-01-01 16:08:00,339.882,611.636
2023-01-01 16:09:00,338.215,617.101
2023-01-01 16:10:00,341.436,636.522
2023-01-01 16:11:00,338.059,638.11
2023-01-01 16:12:00,333.968,637.683
2023-01-01 16:13:00,328.612,633.439
2023-01-01 16:14:00,318.442,614.812
2023-01-01 16:15:00,312.296,607.763
2023-01-01 16:16:00,309.062,608.601
2023-01-01 16:17:00,303.972,603.409
2023-01-01 16:18:00,293.65,582.799
2023-01-01 16:19:00,284.812,566.455
2023-01-01 16:20:00,267.422,524.995
2023-01-01 16:21:00,274.254,558.068
2023-01-01 16:22:00,275.186,571.786
2023-01-01 16:23:00,266.952,555.227
2023-01-01 16:24:00,262.874,552.151
2023-01-01 16:25:00,249.931,520.729
2023-01-01 16:26:00,222.109,441.026
2023-01-01 16:27:00,178.247,307.861
2023-01-01 16:28:00,175.056,313.134
2023-01-01 16:29:00,173.676,322.622
2023-01-01 16:30:00,153.604,265.723
2023-01-01 16:31:00,132.978,206.679
2023-01-01 16:32:00,113.785,150.391
2023-01-01 16:33:00,99.0334,109.289
2023-01-01 16:34:00,87.8727,79.4856
2023-01-01 16:35:00,81.0025,63.6075
2023-01-01 16:36:00,75.6606,51.6584
2023-01-01 16:37:00,79.7008,72.8692
2023-01-01 16:38:00,88.551,110.276
2023-01-01 16:39:00,91.9647,123.981
2023-01-01 16:40:00,90.0845,115.653
2023-01-01 16:41:00,98.6401,148.147
2023-01-01 16:42:00,98.9964,146.862
2023-01-01 16:43:00,98.8777,145.426
2023-01-01 16:44:00,87.3414,96.2301
2023-01-01 16:45:00,80.5428,66.4573
2023-01-01 16:46:00,83.5372,78.8366
2023-01-01 16:47:00,91.886,114.607
2023-01-01 16:48:00,94.6013,125.157
2023-01-01 16:49:00,96.2168,129.393
2023-01-01 16:50:00,97.1669,128.486
2023-01-01 16:51:00,101.085,141.149
2023-01-01 16:52:00,100.719,133.411
2023-01-01 16:53:00,106.537,158.188
2023-01-01 16:54:00,99.9466,121.111
2023-01-01 16:55:00,91.7012,77.1653
2023-01-01 16:56:00,87.3961,54.7509
2023-01-01 16:57:00,84.9852,42.7141
2023-01-01 16:58:00,83.2901,36.2973
2023-01-01 16:59:00,89.969,78.456
2023-01-01 17:00:00,102.321,151.883
2023-01-01 17:01:00,89.9359,87.0791
2023-01-01 17:02:00,80.4362,40.4101
2023-01-01 17:03:00,76.5192,27.4704
2023-01-01 17:04:00,73.5371,21.0221
2023-01-01 17:05:00,71.3381,19.7664
2023-01-01 17:06:00,68.9737,19.9183
2023-01-01 17:07:00,67.0933,24.2082
2023-01-01 17:08:00,65.753,30.6043
2023-01-01 17:09:00,63.882,32.1923
2023-01-01 17:10:00,60.7208,24.5614
2023-01-01 17:11:00,58.0469,20.1656
2023-01-01 17:12:00,55.7442,18.1578
2023-01-01 17:13:00,53.6069,16.482
2023-01-01 17:14:00,51.4193,14.2491
2023-01-01 17:15:00,49.361,14.3326
2023-01-01 17:16:00,48.1371,20.3638
2023-01-01 17:17:00,47.1268,28.4984
2023-01-01 17:18:00,45.952,34.9109
2023-01-01 17:19:00,44.2395,35.9283
2023-01-01 17:20:00,41.206,24.1429
2023-01-01 17:21:00,38.7138,17.7899
2023-01-01 17:22:00,36.8505,16.5774
2023-01-01 17:23:00,35.3057,18.058
2023-01-01 17:24:00,34.1926,25.2377
2023-01-01 17:25:00,33.4516,37.4595
2023-01-01 17:26:00,32.5987,48.7488
2023-01-01 17:27:00,31.4969,58.5054
2023-01-01 17:28:00,29.9728,58.9315
2023-01-01 17:29:00,28.1747,45.8889
2023-01-01 17:30:00,26.4851,26.6692
2023-01-01 17:31:00,25.1367,16.4672
2023-01-01 17:32:00,23.8272,12.1012
2023-01-01 17:33:00,22.295,11.565
2023-01-01 17:34:00,20.7023,9.27403
2023-01-01 17:35:00,18.9624,4.54019
2023-01-01 17:36:00,17.1494,2.25819
2023-01-01 17:37:00,15.1217,1.37189
2023-01-01 17:38:00,13.0724,0.896721
2023-01-01 17:39:00,11.1236,0.607744
2023-01-01 17:40:00,9.39845,0.397715
2023-01-01 17:41:00,7.87084,0.302382
2023-01-01 17:42:00,6.67208,0.178748
2023-01-01 17:43:00,5.92085,0.0670308
2023-01-01 17:44:00,5.1559,-0.0163852
2023-01-01 17:45:00,4.17289,-0.0804365
2023-01-01 17:46:00,3.0506,-0.153425
2023-01-01 17:47:00,2.06188,-0.154914
2023-01-01 17:48:00,1.3883,-0.120655
2023-01-01 17:49:00,0.907647,-0.154915
2023-01-01 17:50:00,0.540022,-0.214498
2023-01-01 17:51:00,0.397312,-0.178749
2023-01-01 17:52:00,0.0627935,-0.217478
2023-01-01 17:53:00,-0.477234,-0.227906
2023-01-01 17:54:00,-0.866556,-0.241313
2023-01-01 17:55:00,-1.10974,-0.236844
2023-01-01 17:56:00,-1.33351,-0.236844
2023-01-01 17:57:00,-1.51961,-0.262166
2023-01-01 17:58:00,-1.67944,-0.241311
2023-01-01 17:59:00,-1.81531,-0.244291
2023-01-01 18:00:00,-1.97286,-0.238333
2023-01-01 18:01:00,-2.17723,-0.260676
2023-01-01 18:02:00,-2.24573,-0.251738
2023-01-01 18:03:00,-2.3325,-0.275572
2023-01-01 18:04:00,-2.42157,-0.263657
2023-01-01 18:05:00,-2.47293,-0.241312
2023-01-01 18:06:00,-2.52316,-0.24578
2023-01-01 18:07:00,-2.55285,-0.259186
2023-01-01 18:08:00,-2.52772,-0.263654
2023-01-01 18:09:00,-2.53114,-0.248758
2023-01-01 18:10:00,-2.53684,-0.230882
2023-01-01 18:11:00,-2.5688,-0.239819
2023-01-01 18:12:00,-2.59392,-0.23982
2023-01-01 18:13:00,-2.55967,-0.245778
2023-01-01 18:14:00,-2.55853,-0.241309
2023-01-01 18:15:00,-2.57223,-0.23833
2023-01-01 18:16:00,-2.53685,-0.239821
2023-01-01 18:17:00,-2.50717,-0.24429
2023-01-01 18:18:00,-2.51744,-0.24131
2023-01-01 18:19:00,-2.538,-0.239821
2023-01-01 18:20:00,-2.57225,-0.221947
2023-01-01 18:21:00,-2.58025,-0.213009
2023-01-01 18:22:00,-2.59852,-0.218968
2023-01-01 18:23:00,-2.63733,-0.233863
2023-01-01 18:24:00,-2.64759,-0.213008
2023-01-01 18:25:00,-2.63846,-0.169811
2023-01-01 18:26:00,-2.58138,-0.202582
2023-01-01 18:27:00,-2.55968,-0.223436
2023-01-01 18:28:00,-2.50945,-0.223435
2023-01-01 18:29:00,-2.51059,-0.235352
2023-01-01 18:30:00,-2.5471,-0.223433
2023-01-01 18:31:00,-2.6213,-0.196621
2023-01-01 18:32:00,-2.6373,-0.108738
2023-01-01 18:33:00,-2.60763,-0.123634
2023-01-01 18:34:00,-2.63161,-0.193644
2023-01-01 18:35:00,-2.72865,-0.131082
2023-01-01 18:36:00,-2.71951,-0.0327704
2023-01-01 18:37:00,-2.64188,-0.00893738
2023-01-01 18:38:00,-2.59164,-0.0595824
2023-01-01 18:39:00,-2.62932,-0.0744781
2023-01-01 18:40:00,-2.65329,-0.0580929
2023-01-01 18:41:00,-2.54254,0.0223434
2023-01-01 18:42:00,-2.40783,-0.150446
2023-01-01 18:43:00,-2.36217,-0.215988
2023-01-01 18:44:00,-2.34961,-0.221945
2023-01-01 18:45:00,-2.37929,-0.20854
2023-01-01 18:46:00,-2.28566,-0.0998006
2023-01-01 18:47:00,-2.31648,-0.150445
2023-01-01 18:48:00,-2.42723,-0.111717
2023-01-01 18:49:00,-2.50829,-0.0148956
2023-01-01 18:50:00,-2.40097,-0.00595823
2023-01-01 18:51:00,-2.18976,-0.0536242
2023-01-01 18:52:00,-2.10756,-0.125123
2023-01-01 18:53:00,-1.9443,-0.202581
2023-01-01 18:54:00,-1.93517,-0.230883
2023-01-01 18:55:00,-2.03222,-0.17279
2023-01-01 18:56:00,-1.88608,-0.162362
2023-01-01 18:57:00,-1.92604,-0.265142
2023-01-01 18:58:00,-2.09157,-0.265141
2023-01-01 18:59:00,-2.16121,-0.223433
2023-01-01 19:00:00,-2.10071,-0.220455
2023-01-01 19:01:00,-2.10642,-0.220455
2023-01-01 19:02:00,-2.16351,-0.235351
2023-01-01 19:03:00,-2.23085,-0.229392
2023-01-01 19:04:00,-2.33703,-0.1996
2023-01-01 19:05:00,-2.44663,-0.162361
2023-01-01 19:06:00,-2.47519,-0.0938426
2023-01-01 19:07:00,-2.43752,-0.0387288
2023-01-01 19:08:00,-2.38842,-0.0923528
2023-01-01 19:09:00,-2.49574,-0.165342
2023-01-01 19:10:00,-2.50601,-0.0849049
2023-01-01 19:11:00,-2.41581,-0.0357494
2023-01-01 19:12:00,-2.31192,-0.0461763
2023-01-01 19:13:00,-2.23885,-0.104269
2023-01-01 19:14:00,-2.23543,-0.163851
2023-01-01 19:15:00,-2.35302,-0.137039
2023-01-01 19:16:00,-2.36329,-0.0297911
2023-01-01 19:17:00,-2.25483,0.0834149
2023-01-01 19:18:00,-2.12695,0.0312805
2023-01-01 19:19:00,-2.06416,-0.116185
2023-01-01 19:20:00,-2.079,-0.13406
2023-01-01 19:21:00,-2.08129,-0.0849046
2023-01-01 19:22:00,-2.02535,-0.00893729
2023-01-01 19:23:00,-1.90548,-0.123633
2023-01-01 19:24:00,-1.98539,-0.172789
2023-01-01 19:25:00,-1.94314,-0.140017
2023-01-01 19:26:00,-1.91459,-0.165339
2023-01-01 19:27:00,-1.87121,-0.134059
2023-01-01 19:28:00,-1.86207,-0.137038
2023-01-01 19:29:00,-1.92144,-0.144486
2023-01-01 19:30:00,-1.97053,-0.0506443
2023-01-01 19:31:00,-1.98195,0.0148954
2023-01-01 19:32:00,-1.94542,0.00297909
2023-01-01 19:33:00,-1.88262,-0.0029791
2023-01-01 19:34:00,-1.9066,-0.0134059
2023-01-01 19:35:00,-1.90775,0.0372388
2023-01-01 19:36:00,-1.93173,0.00893731
2023-01-01 19:37:00,-1.91347,-0.0148955
2023-01-01 19:38:00,-1.83127,0.0238329
2023-01-01 19:39:00,-1.72737,0.0148956
2023-01-01 19:40:00,-1.58695,0.00446867
2023-01-01 19:41:00,-1.49446,-0.0491553
2023-01-01 19:42:00,-1.45564,-0.0700086
2023-01-01 19:43:00,-1.43737,-0.0834146
2023-01-01 19:44:00,-1.43852,-0.0566031
2023-01-01 19:45:00,-1.43852,-0.0446866
2023-01-01 19:46:00,-1.43167,-0.0461761
2023-01-01 19:47:00,-1.43167,-0.029791
2023-01-01 19:48:00,-1.4271,0.0119163
2023-01-01 19:49:00,-1.39056,0.0268118
2023-01-01 19:50:00,-1.39969,-0.0327699
2023-01-01 19:51:00,-1.42139,0.0238327
2023-01-01 19:52:00,-1.32663,0.0178745
2023-01-01 19:53:00,-1.36431,-0.0521343
2023-01-01 19:54:00,-1.39513,-0.0476654
2023-01-01 19:55:00,-1.43623,-0.0402176
2023-01-01 19:56:00,-1.44879,-0.0134059
2023-01-01 19:57:00,-1.42596,-0.0193641
2023-01-01 19:58:00,-1.46591,-0.03277
2023-01-01 19:59:00,-1.47732,-0.0253221
2023-01-01 20:00:00,-1.52185,-0.0119163
2023-01-01 20:01:00,-1.52755,-0.00148953
2023-01-01 20:02:00,-1.55724,-0.025322
2023-01-01 20:03:00,-1.60975,-0.00297903
2023-01-01 20:04:00,-1.5892,0.0119163
2023-01-01 20:05:00,-1.60291,-0.00148955
2023-01-01 20:06:00,-1.60405,0.0208535
2023-01-01 20:07:00,-1.63031,5.96047e-09
2023-01-01 20:08:00,-1.69995,-0.0283013
2023-01-01 20:09:00,-1.78444,0.0372386
2023-01-01 20:10:00,-1.80728,0.0670295
2023-01-01 20:11:00,-1.88377,0.0148955
2023-01-01 20:12:00,-1.94998,0.0268118
2023-01-01 20:13:00,-1.94428,0.0417072
2023-01-01 20:14:00,-1.8518,-0.0104268
2023-01-01 20:15:00,-1.82211,-0.0521338
2023-01-01 20:16:00,-1.8027,-0.0938408
2023-01-01 20:17:00,-1.72163,-0.1281
2023-01-01 20:18:00,-1.68738,-0.178743
2023-01-01 20:19:00,-1.68967,-0.181723
2023-01-01 20:20:00,-1.70223,-0.177254
2023-01-01 20:21:00,-1.7205,-0.15938
2023-01-01 20:22:00,-1.73077,-0.148954
2023-01-01 20:23:00,-1.72506,-0.144485
2023-01-01 20:24:00,-1.76844,-0.107246
2023-01-01 20:25:00,-1.73533,-0.0476649
2023-01-01 20:26:00,-1.75017,-0.0461753
2023-01-01 20:27:00,-1.79812,-0.0431962
2023-01-01 20:28:00,-1.82096,-0.0431963
2023-01-01 20:29:00,-1.85064,-0.0342593
2023-01-01 20:30:00,-1.84151,-0.0268115
2023-01-01 20:31:00,-1.83351,-0.028301
2023-01-01 20:32:00,-1.78785,-0.0417069
2023-01-01 20:33:00,-1.78328,-0.0461754
2023-01-01 20:34:00,-1.7593,-0.0357486
2023-01-01 20:35:00,-1.73647,-0.0446858
2023-01-01 20:36:00,-1.70336,-0.0446857
2023-01-01 20:37:00,-1.67939,-0.0372382
2023-01-01 20:38:00,-1.64514,-0.0134057
2023-01-01 20:39:00,-1.55952,0.00744768
2023-01-01 20:40:00,-1.46134,-0.0789452
2023-01-01 20:41:00,-1.47618,-0.0923511
2023-01-01 20:42:00,-1.47389,-0.0610707
2023-01-01 20:43:00,-1.4659,-0.022343
2023-01-01 20:44:00,-1.48074,-0.0178744
2023-01-01 20:45:00,-1.46704,0.00148953
2023-01-01 20:46:00,-1.4716,-0.00297904
2023-01-01 20:47:00,-1.52754,-0.0327695
2023-01-01 20:48:00,-1.60517,-0.0431961
2023-01-01 20:49:00,-1.58006,-0.00446858
2023-01-01 20:50:00,-1.60861,-0.0268115
2023-01-01 20:51:00,-1.64514,-0.0253219
2023-01-01 20:52:00,-1.55037,-0.00595806
2023-01-01 20:53:00,-1.52524,-0.0238321
2023-01-01 20:54:00,-1.52981,-0.0849021
2023-01-01 20:55:00,-1.5378,-0.0849021
2023-01-01 20:56:00,-1.5378,-0.0774546
2023-01-01 20:57:00,-1.52753,-0.126609
2023-01-01 20:58:00,-1.52296,-0.15193
2023-01-01 20:59:00,-1.55378,-0.141503
2023-01-01 21:00:00,-1.60973,-0.129587
2023-01-01 21:01:00,-1.59375,-0.102776
2023-01-01 21:02:00,-1.55493,-0.111713
2023-01-01 21:03:00,-1.5241,-0.134056
2023-01-01 21:04:00,-1.48643,-0.144482
2023-01-01 21:05:00,-1.53438,-0.144482
2023-01-01 21:06:00,-1.54351,-0.0878809
2023-01-01 21:07:00,-1.51839,-0.0953282
2023-01-01 21:08:00,-1.51839,-0.0908595
2023-01-01 21:09:00,-1.45788,-0.111713
2023-01-01 21:10:00,-1.43277,-0.0953281
2023-01-01 21:11:00,-1.48414,-0.0908596
2023-01-01 21:12:00,-1.47729,-0.0789435
2023-01-01 21:13:00,-1.42478,-0.0521327
2023-01-01 21:14:00,-1.44876,-0.0536225
2023-01-01 21:15:00,-1.51155,-0.0893709
2023-01-01 21:16:00,-1.56749,-0.049154
2023-01-01 21:17:00,-1.59146,-0.0342587
2023-01-01 21:18:00,-1.60173,-0.0223426
2023-01-01 21:19:00,-1.65197,-0.0863916
2023-01-01 21:20:00,-1.73873,-0.0551118
2023-01-01 21:21:00,-1.69877,0.00744752
2023-01-01 21:22:00,-1.72274,-0.0014895
2023-01-01 21:23:00,-1.75014,0.0014895
2023-01-01 21:24:00,-1.72045,-0.0119159
2023-01-01 21:25:00,-1.68848,-0.0238319
2023-01-01 21:26:00,-1.74214,-0.0580903
2023-01-01 21:27:00,-1.77297,-0.00893699
2023-01-01 21:28:00,-1.78895,-0.023832
2023-01-01 21:29:00,-1.78896,-9.56158e-09
2023-01-01 21:30:00,-1.75129,-0.0372377
2023-01-01 21:31:00,-1.72503,-0.0863916
2023-01-01 21:32:00,-1.65083,-0.114692
2023-01-01 21:33:00,-1.63941,-0.140014
2023-01-01 21:34:00,-1.61772,-0.141503
2023-01-01 21:35:00,-1.5652,-0.147461
2023-01-01 21:36:00,-1.53209,-0.153419
2023-01-01 21:37:00,-1.52638,-0.144482
2023-01-01 21:38:00,-1.53552,-0.134056
2023-01-01 21:39:00,-1.54922,-0.116182
2023-01-01 21:40:00,-1.56862,-0.0953282
2023-01-01 21:41:00,-1.60857,-0.0580905
2023-01-01 21:42:00,-1.60515,-0.0223425
2023-01-01 21:43:00,-1.57547,-0.0372376
2023-01-01 21:44:00,-1.58118,-0.0357482
2023-01-01 21:45:00,-1.54922,-0.0327692
2023-01-01 21:46:00,-1.46474,-2.6077e-09
2023-01-01 21:47:00,-1.45104,-0.0253217
2023-01-01 21:48:00,-1.40194,-0.00744753
2023-01-01 21:49:00,-1.37568,-0.0297901
2023-01-01 21:50:00,-1.35627,-0.00893703
2023-01-01 21:51:00,-1.30147,-0.011916
2023-01-01 21:52:00,-1.2969,-0.0163844
2023-01-01 21:53:00,-1.19187,-0.00744748
2023-01-01 21:54:00,-1.22498,-0.0521325
2023-01-01 21:55:00,-1.18617,-0.0312795
2023-01-01 21:56:00,-1.21699,-0.0774538
2023-01-01 21:57:00,-1.23411,-0.0491534
2023-01-01 21:58:00,-1.28092,-0.047664
2023-01-01 21:59:00,-1.23297,-0.0193634
2023-01-01 22:00:00,-1.2695,-0.102775
2023-01-01 22:01:00,-1.32202,-0.101286
2023-01-01 22:02:00,-1.34142,-0.0566007
2023-01-01 22:03:00,-1.37111,-0.0402163
2023-01-01 22:04:00,-1.39736,-0.0417057
2023-01-01 22:05:00,-1.44189,-0.0431954
2023-01-01 22:06:00,-1.44303,-0.0104265
2023-01-01 22:07:00,-1.49783,0.0119159
2023-01-01 22:08:00,-1.52409,-0.0044685
2023-01-01 22:09:00,-1.51724,0.00595798
2023-01-01 22:10:00,-1.46701,0.00893695
2023-01-01 22:11:00,-1.43733,-0.0312795
2023-01-01 22:12:00,-1.43847,-0.0789433
2023-01-01 22:13:00,-1.46473,-0.080433
2023-01-01 22:14:00,-1.49213,-0.0849015
2023-01-01 22:15:00,-1.483,-0.092349
2023-01-01 22:16:00,-1.49898,-0.0953279
2023-01-01 22:17:00,-1.50469,-0.0997967
2023-01-01 22:18:00,-1.48186,-0.102776
2023-01-01 22:19:00,-1.44989,-0.0997969
2023-01-01 22:20:00,-1.4362,-0.105755
2023-01-01 22:21:00,-1.38482,-0.104266
2023-01-01 22:22:00,-1.32203,-0.093839
2023-01-01 22:23:00,-1.31746,-0.126608
2023-01-01 22:24:00,-1.30377,-0.120651
2023-01-01 22:25:00,-1.28321,-0.110224
2023-01-01 22:26:00,-1.26266,-0.0774541
2023-01-01 22:27:00,-1.23526,-0.053622
2023-01-01 22:28:00,-1.19872,-0.0476639
2023-01-01 22:29:00,-1.1679,-0.0521325
2023-01-01 22:30:00,-1.1405,-0.0134055
2023-01-01 22:31:00,-1.1131,-0.011916
2023-01-01 22:32:00,-1.0994,-0.00446849
2023-01-01 22:33:00,-1.04689,5.46376e-09
2023-01-01 22:34:00,-1.00693,-0.0253215
2023-01-01 22:35:00,-0.968115,-0.0431955
2023-01-01 22:36:00,-0.958979,-0.0387269
2023-01-01 22:37:00,-0.96012,-0.0417059
2023-01-01 22:38:00,-0.962405,-0.047664
2023-01-01 22:39:00,-0.986375,-0.0387268
2023-01-01 22:40:00,-1.01377,-0.0208529
2023-01-01 22:41:00,-1.00464,-0.00744748
2023-01-01 22:42:00,-1.01948,-0.00893694
2023-01-01 22:43:00,-1.05944,0.00148949
2023-01-01 22:44:00,-1.08455,-0.00148949
2023-01-01 22:45:00,-1.09483,0.00744747
2023-01-01 22:46:00,-1.12452,0.00893697
2023-01-01 22:47:00,-1.16333,0.0193635
2023-01-01 22:48:00,-1.16675,0.0148949
2023-01-01 22:49:00,-1.16447,0.0104264
2023-01-01 22:50:00,-1.19301,-0.0104264
2023-01-01 22:51:00,-1.23068,0.0223423
2023-01-01 22:52:00,-1.23297,0.0342583
2023-01-01 22:53:00,-1.23297,0.0193634
2023-01-01 22:54:00,-1.22954,-0.0119159
2023-01-01 22:55:00,-1.23182,-0.0387268
2023-01-01 22:56:00,-1.22954,-0.0625586
2023-01-01 22:57:00,-1.22954,-0.0461742
2023-01-01 22:58:00,-1.21812,-0.0342583
2023-01-01 22:59:00,-1.18388,-0.0148949
2023-01-01 23:00:00,-1.12794,-0.0268108
2023-01-01 23:01:00,-1.10282,-0.0506425
2023-01-01 23:02:00,-1.09369,-0.0551111
2023-01-01 23:03:00,-1.08569,-0.049153
2023-01-01 23:04:00,-1.08569,-0.0789424
2023-01-01 23:05:00,-1.09026,-0.0580901
2023-01-01 23:06:00,-1.09711,-0.0446848
2023-01-01 23:07:00,-1.09597,-0.0312793
2023-01-01 23:08:00,-1.14506,-0.0402163
2023-01-01 23:09:00,-1.17817,-0.0357478
2023-01-01 23:10:00,-1.20214,0.00595796
2023-01-01 23:11:00,-1.16561,0.0193633
2023-01-01 23:12:00,-1.16447,-0.00893695
2023-01-01 23:13:00,-1.16561,-0.0163845
2023-01-01 23:14:00,-1.17816,-0.0163844
2023-01-01 23:15:00,-1.19414,-0.0178738
2023-01-01 23:16:00,-1.17816,-0.0268106
2023-01-01 23:17:00,-1.18729,-0.0297896
2023-01-01 23:18:00,-1.16903,-0.0297897
2023-01-01 23:19:00,-1.17931,-0.0402161
2023-01-01 23:20:00,-1.15647,-0.0283001
2023-01-01 23:21:00,-1.17017,-0.0223423
2023-01-01 23:22:00,-1.16675,0.00297899
2023-01-01 23:23:00,-1.17246,-0.0148949
2023-01-01 23:24:00,-1.14278,3.22858e-09
2023-01-01 23:25:00,-1.09369,-0.0268108
2023-01-01 23:26:00,-1.12794,-0.0536217
2023-01-01 23:27:00,-1.16903,-0.0446847
2023-01-01 23:28:00,-1.23867,-0.0297897
2023-01-01 23:29:00,-1.29233,0.0178738
2023-01-01 23:30:00,-1.35626,0.00446845
2023-01-01 23:31:00,-1.42134,-0.0625587
2023-01-01 23:32:00,-1.4944,-0.0431952
2023-01-01 23:33:00,-1.50924,-0.0461742
2023-01-01 23:34:00,-1.46244,-0.0387268
2023-01-01 23:35:00,-1.39851,-0.0655378
2023-01-01 23:36:00,-1.31517,-0.0819221
2023-01-01 23:37:00,-1.27292,-0.0863902
2023-01-01 23:38:00,-1.3026,-0.055111
2023-01-01 23:39:00,-1.22726,-0.0476636
2023-01-01 23:40:00,-1.15077,-0.0774534
2023-01-01 23:41:00,-1.13022,-0.0789429
2023-01-01 23:42:00,-1.15191,-0.0670269
2023-01-01 23:43:00,-1.16675,-0.046174
2023-01-01 23:44:00,-1.17017,-0.00446845
2023-01-01 23:45:00,-1.16104,-0.0342582
2023-01-01 23:46:00,-1.15876,-0.0655374
2023-01-01 23:47:00,-1.21584,-0.0595795
2023-01-01 23:48:00,-1.33229,-0.00744743
2023-01-01 23:49:00,-1.39736,0.0506426
2023-01-01 23:50:00,-1.35854,0.0372372
2023-01-01 23:51:00,-1.32886,0.0283003
2023-01-01 23:52:00,-1.33457,0.0268107
2023-01-01 23:53:00,-1.36196,0.0387264
2023-01-01 23:54:00,-1.37109,0.0402158
2023-01-01 23:55:00,-1.38822,0.0461738
2023-01-01 23:56:00,-1.43388,0.0908583
2023-01-01 23:57:00,-1.47955,0.113201
2023-01-01 23:58:00,-1.46471,0.117669
2023-01-01 23:59:00,-1.44873,0.11618
2023-01-02 00:00:00,-1.48641,0.0685163
2023-01-02 00:01:00,-1.43274,0.0268106
2023-01-02 00:02:00,-1.43959,-0.0297896
2023-01-02 00:03:00,-1.41333,-0.0551107
2023-01-02 00:04:00,-1.41562,-0.0551108
2023-01-02 00:05:00,-1.52521,-0.0163843
2023-01-02 00:06:00,-1.62682,-0.0521317
2023-01-02 00:07:00,-1.6622,-0.0402157
2023-01-02 00:08:00,-1.65078,-0.0819208
2023-01-02 00:09:00,-1.63709,-0.117669
2023-01-02 00:10:00,-1.61198,-0.129585
2023-01-02 00:11:00,-1.63253,-0.129585
2023-01-02 00:12:00,-1.63481,-0.0968162
2023-01-02 00:13:00,-1.60285,-0.0729847
2023-01-02 00:14:00,-1.62112,-0.0938375
2023-01-02 00:15:00,-1.63824,-0.0968165
2023-01-02 00:16:00,-1.67249,-0.11469
2023-01-02 00:17:00,-1.72273,-0.0908588
2023-01-02 00:18:00,-1.7136,-0.0491531
2023-01-02 00:19:00,-1.71131,-0.049153
2023-01-02 00:20:00,-1.70559,-0.077453
2023-01-02 00:21:00,-1.67363,-0.0819215
2023-01-02 00:22:00,-1.65079,-0.0863899
2023-01-02 00:23:00,-1.64394,-0.0908583
2023-01-02 00:24:00,-1.64851,-0.104264
2023-01-02 00:25:00,-1.64395,-0.117669
2023-01-02 00:26:00,-1.63481,-0.131074
2023-01-02 00:27:00,-1.65079,-0.134053
2023-01-02 00:28:00,-1.73185,-0.137032
2023-01-02 00:29:00,-1.78323,-0.123627
2023-01-02 00:30:00,-1.81748,-0.0819217
2023-01-02 00:31:00,-1.87342,-0.0625584
2023-01-02 00:32:00,-1.92594,-0.0849007
2023-01-02 00:33:00,-1.95904,-0.0893691
2023-01-02 00:34:00,-1.95333,-0.0878794
2023-01-02 00:35:00,-1.95904,-0.0804321
2023-01-02 00:36:00,-1.9305,-0.0551109
2023-01-02 00:37:00,-1.86314,-0.0849006
2023-01-02 00:38:00,-1.77409,-0.120648
2023-01-02 00:39:00,-1.66792,-0.135542
2023-01-02 00:40:00,-1.6348,-0.145968
2023-01-02 00:41:00,-1.61083,-0.151927
2023-01-02 00:42:00,-1.6348,-0.148947
2023-01-02 00:43:00,-1.63137,-0.153415
2023-01-02 00:44:00,-1.63252,-0.153415
2023-01-02 00:45:00,-1.63366,-0.162353
2023-01-02 00:46:00,-1.63938,-0.138522
2023-01-02 00:47:00,-1.64623,-0.132564
2023-01-02 00:48:00,-1.63252,-0.137031
2023-01-02 00:49:00,-1.63595,-0.137032
2023-01-02 00:50:00,-1.60969,-0.140011
2023-01-02 00:51:00,-1.62111,-0.140011
2023-01-02 00:52:00,-1.61882,-0.140011
2023-01-02 00:53:00,-1.55147,-0.148947
2023-01-02 00:54:00,-1.50352,-0.156395
2023-01-02 00:55:00,-1.50694,-0.159374
2023-01-02 00:56:00,-1.5937,-0.162353
2023-01-02 00:57:00,-1.64736,-0.135542
2023-01-02 00:58:00,-1.67704,-0.134053
2023-01-02 00:59:00,-1.66791,-0.132563
2023-01-02 01:00:00,-1.69188,-0.132563
2023-01-02 01:01:00,-1.74781,-0.137031
2023-01-02 01:02:00,-1.7912,-0.132562
2023-01-02 01:03:00,-1.83915,-0.132563
2023-01-02 01:04:00,-1.87226,-0.134052
2023-01-02 01:05:00,-1.89965,-0.134052
2023-01-02 01:06:00,-1.88823,-0.131073
2023-01-02 01:07:00,-1.8871,-0.134052
2023-01-02 01:08:00,-1.88939,-0.134053
2023-01-02 01:09:00,-1.9088,-0.144479
2023-01-02 01:10:00,-1.85971,-0.134053
2023-01-02 01:11:00,-1.80148,-0.14001
2023-01-02 01:12:00,-1.80947,-0.137031
2023-01-02 01:13:00,-1.7912,-0.14001
2023-01-02 01:14:00,-1.75581,-0.134052
2023-01-02 01:15:00,-1.76266,-0.134052
2023-01-02 01:16:00,-1.71014,-0.123626
2023-01-02 01:17:00,-1.68503,-0.135542
2023-01-02 01:18:00,-1.6154,-0.140011
2023-01-02 01:19:00,-1.49553,-0.145968
2023-01-02 01:20:00,-1.47726,-0.153416
2023-01-02 01:21:00,-1.46813,-0.132564
2023-01-02 01:22:00,-1.45672,-0.129585
2023-01-02 01:23:00,-1.42589,-0.119158
2023-01-02 01:24:00,-1.36539,-0.105753
2023-01-02 01:25:00,-1.30488,-0.126606
2023-01-02 01:26:00,-1.26835,-0.131074
2023-01-02 01:27:00,-1.31173,-0.137032
2023-01-02 01:28:00,-1.3768,-0.137032
2023-01-02 01:29:00,-1.37451,-0.0997947
2023-01-02 01:30:00,-1.32314,-0.0938371
2023-01-02 01:31:00,-1.30716,-0.108732
2023-01-02 01:32:00,-1.32771,-0.107242
2023-01-02 01:33:00,-1.39963,-0.104263
2023-01-02 01:34:00,-1.40191,-0.120647
2023-01-02 01:35:00,-1.42816,-0.119157
2023-01-02 01:36:00,-1.45555,-0.117667
2023-01-02 01:37:00,-1.47268,-0.108731
2023-01-02 01:38:00,-1.48296,-0.11022
2023-01-02 01:39:00,-1.56288,-0.117668
2023-01-02 01:40:00,-1.60627,-0.111711
2023-01-02 01:41:00,-1.65079,-0.107243
2023-01-02 01:42:00,-1.69304,-0.0983057
2023-01-02 01:43:00,-1.66906,-0.0893687
2023-01-02 01:44:00,-1.65993,-0.0953267
2023-01-02 01:45:00,-1.70331,-0.107243
2023-01-02 01:46:00,-1.72956,-0.102774
2023-01-02 01:47:00,-1.70673,-0.119158
2023-01-02 01:48:00,-1.80491,-0.129585
2023-01-02 01:49:00,-1.88368,-0.101284
2023-01-02 01:50:00,-1.86427,-0.0536209
2023-01-02 01:51:00,-1.8517,-0.044684
2023-01-02 01:52:00,-1.88367,-0.0774525
2023-01-02 01:53:00,-1.93163,-0.0759632
2023-01-02 01:54:00,-1.9693,-0.00446842
2023-01-02 01:55:00,-1.97615,-0.0744736
2023-01-02 01:56:00,-1.94989,-0.1132
2023-01-02 01:57:00,-1.9362,-0.131074
2023-01-02 01:58:00,-1.85743,-0.11469
2023-01-02 01:59:00,-1.86655,-0.144479
2023-01-02 02:00:00,-1.81176,-0.135542
2023-01-02 02:01:00,-1.78092,-0.180225
2023-01-02 02:02:00,-1.8049,-0.189162
2023-01-02 02:03:00,-1.8517,-0.165331
2023-01-02 02:04:00,-1.9419,-0.150437
2023-01-02 02:05:00,-1.96815,-0.104263
2023-01-02 02:06:00,-1.92705,-0.120647
2023-01-02 02:07:00,-1.9008,-0.132563
2023-01-02 02:08:00,-1.92706,-0.1698
2023-01-02 02:09:00,-1.93734,-0.17278
2023-01-02 02:10:00,-1.95333,-0.181717
2023-01-02 02:11:00,-1.95218,-0.180227
2023-01-02 02:12:00,-1.94077,-0.184695
2023-01-02 02:13:00,-2.02752,-0.215973
2023-01-02 02:14:00,-2.0572,-0.190652
2023-01-02 02:15:00,-1.95445,-0.126605
2023-01-02 02:16:00,-1.88367,-0.186183
2023-01-02 02:17:00,-1.93733,-0.253209
2023-01-02 02:18:00,-1.95217,-0.215973
2023-01-02 02:19:00,-1.98413,-0.178736
2023-01-02 02:20:00,-1.9613,-0.137031
2023-01-02 02:21:00,-1.95902,-0.144478
2023-01-02 02:22:00,-1.95902,-0.150437
2023-01-02 02:23:00,-1.9556,-0.138521
2023-01-02 02:24:00,-1.95103,-0.157884
2023-01-02 02:25:00,-1.94646,-0.162352
2023-01-02 02:26:00,-1.90651,-0.165331
2023-01-02 02:27:00,-1.90308,-0.186184
2023-01-02 02:28:00,-1.88368,-0.210016
2023-01-02 02:29:00,-1.88025,-0.212994
2023-01-02 02:30:00,-1.88709,-0.214483
2023-01-02 02:31:00,-1.9316,-0.210013
2023-01-02 02:32:00,-1.8985,-0.215971
2023-01-02 02:33:00,-1.90876,-0.230865
2023-01-02 02:34:00,-1.90877,-0.241291
2023-01-02 02:35:00,-1.90534,-0.248738
2023-01-02 02:36:00,-1.89735,-0.254697
2023-01-02 02:37:00,-1.88937,-0.269592
2023-01-02 02:38:00,-1.91106,-0.271081
2023-01-02 02:39:00,-1.90079,-0.266614
2023-01-02 02:40:00,-1.88594,-0.260655
2023-01-02 02:41:00,-1.88137,-0.27108
2023-01-02 02:42:00,-1.88708,-0.265123
2023-01-02 02:43:00,-1.88708,-0.253207
2023-01-02 02:44:00,-1.89051,-0.239803
2023-01-02 02:45:00,-1.88365,-0.236823
2023-01-02 02:46:00,-1.84939,-0.245758
2023-01-02 02:47:00,-1.81743,-0.256184
2023-01-02 02:48:00,-1.86082,-0.227886
2023-01-02 02:49:00,-1.90421,-0.224909
2023-01-02 02:50:00,-1.95102,-0.22193
2023-01-02 02:51:00,-2.00468,-0.211504
2023-01-02 02:52:00,-1.99668,-0.199587
2023-01-02 02:53:00,-2.05718,-0.212993
2023-01-02 02:54:00,-2.09829,-0.19512
2023-01-02 02:55:00,-2.10285,-0.186183
2023-01-02 02:56:00,-2.05262,-0.174267
2023-01-02 02:57:00,-2.02409,-0.19512
2023-01-02 02:58:00,-2.03437,-0.211505
2023-01-02 02:59:00,-2.03551,-0.217463
2023-01-02 03:00:00,-2.03437,-0.193631
2023-01-02 03:01:00,-2.02524,-0.214484
2023-01-02 03:02:00,-1.9716,-0.218954
2023-01-02 03:03:00,-2.01726,-0.210017
2023-01-02 03:04:00,-2.01953,-0.177247
2023-01-02 03:05:00,-2.00925,-0.172779
2023-01-02 03:06:00,-1.99784,-0.180226
2023-01-02 03:07:00,-1.94303,-0.190652
2023-01-02 03:08:00,-1.9339,-0.181715
2023-01-02 03:09:00,-1.91449,-0.193631
2023-01-02 03:10:00,-1.93047,-0.198098
2023-01-02 03:11:00,-1.95101,-0.21895
2023-01-02 03:12:00,-1.96357,-0.193629
2023-01-02 03:13:00,-1.97613,-0.19065
2023-01-02 03:14:00,-2.04347,-0.192138
2023-01-02 03:15:00,-2.08684,-0.201075
2023-01-02 03:16:00,-2.0309,-0.204053
2023-01-02 03:17:00,-2.02063,-0.217459
2023-01-02 03:18:00,-2.01151,-0.227886
2023-01-02 03:19:00,-2.00809,-0.227887
2023-01-02 03:20:00,-2.01608,-0.233844
2023-01-02 03:21:00,-2.01379,-0.230865
2023-01-02 03:22:00,-1.99553,-0.21746
2023-01-02 03:23:00,-2.0001,-0.238313
2023-01-02 03:24:00,-2.01037,-0.254697
2023-01-02 03:25:00,-2.01721,-0.251717
2023-01-02 03:26:00,-1.98753,-0.259164
2023-01-02 03:27:00,-2.03092,-0.260655
2023-01-02 03:28:00,-2.02293,-0.265123
2023-01-02 03:29:00,-1.96128,-0.262144
2023-01-02 03:30:00,-1.94871,-0.256184
2023-01-02 03:31:00,-1.92702,-0.2398
2023-01-02 03:32:00,-1.91561,-0.260653
2023-01-02 03:33:00,-1.90762,-0.263632
2023-01-02 03:34:00,-1.95672,-0.265123
2023-01-02 03:35:00,-2.03092,-0.254696
2023-01-02 03:36:00,-2.09826,-0.232353
2023-01-02 03:37:00,-2.13251,-0.207033
2023-01-02 03:38:00,-2.19302,-0.175755
2023-01-02 03:39:00,-2.18045,-0.140007
2023-01-02 03:40:00,-2.15306,-0.151923
2023-01-02 03:41:00,-2.13821,-0.138518
2023-01-02 03:42:00,-2.12452,-0.169796
2023-01-02 03:43:00,-2.11424,-0.18618
2023-01-02 03:44:00,-2.09939,-0.178732
2023-01-02 03:45:00,-2.08113,-0.18767
2023-01-02 03:46:00,-2.04347,-0.178733
2023-01-02 03:47:00,-1.97155,-0.183202
2023-01-02 03:48:00,-1.96584,-0.221928
2023-01-02 03:49:00,-2.01835,-0.227885
2023-01-02 03:50:00,-2.02177,-0.217458
2023-01-02 03:51:00,-2.02405,-0.18469
2023-01-02 03:52:00,-2.01379,-0.172776
2023-01-02 03:53:00,-2.01722,-0.16235
2023-01-02 03:54:00,-2.0389,-0.178733
2023-01-02 03:55:00,-2.04917,-0.154902
2023-01-02 03:56:00,-2.03776,-0.137029
2023-01-02 03:57:00,-2.0252,-0.129582
2023-01-02 03:58:00,-2.01721,-0.148945
2023-01-02 03:59:00,-2.0195,-0.178734
2023-01-02 04:00:00,-2.06516,-0.169797
2023-01-02 04:01:00,-2.04347,-0.140008
2023-01-02 04:02:00,-1.99895,-0.132561
2023-01-02 04:03:00,-1.95329,-0.175755
2023-01-02 04:04:00,-1.92247,-0.181713
2023-01-02 04:05:00,-1.88821,-0.183202
2023-01-02 04:06:00,-1.88593,-0.184692
2023-01-02 04:07:00,-1.89164,-0.178734
2023-01-02 04:08:00,-1.88593,-0.171287
2023-01-02 04:09:00,-1.88137,-0.156392
2023-01-02 04:10:00,-1.88594,-0.172777
2023-01-02 04:11:00,-1.87795,-0.159372
2023-01-02 04:12:00,-1.88023,-0.157883
2023-01-02 04:13:00,-1.85283,-0.153414
2023-01-02 04:14:00,-1.80945,-0.151924
2023-01-02 04:15:00,-1.74096,-0.151925
2023-01-02 04:16:00,-1.68616,-0.171288
2023-01-02 04:17:00,-1.63365,-0.160862
2023-01-02 04:18:00,-1.57543,-0.174267
2023-01-02 04:19:00,-1.52291,-0.181714
2023-01-02 04:20:00,-1.47267,-0.178734
2023-01-02 04:21:00,-1.43157,-0.178734
2023-01-02 04:22:00,-1.40075,-0.180224
2023-01-02 04:23:00,-1.36764,-0.174266
2023-01-02 04:24:00,-1.40646,-0.180224
2023-01-02 04:25:00,-1.4019,-0.177245
2023-01-02 04:26:00,-1.41331,-0.180224
2023-01-02 04:27:00,-1.39962,-0.162351
2023-01-02 04:28:00,-1.40875,-0.168309
2023-01-02 04:29:00,-1.4704,-0.157883
2023-01-02 04:30:00,-1.48637,-0.141498
2023-01-02 04:31:00,-1.52405,-0.174266
2023-01-02 04:32:00,-1.52747,-0.16384
2023-01-02 04:33:00,-1.55715,-0.154903
2023-01-02 04:34:00,-1.59027,-0.154904
2023-01-02 04:35:00,-1.60967,-0.123625
2023-01-02 04:36:00,-1.60967,-0.116178
2023-01-02 04:37:00,-1.61196,-0.113199
2023-01-02 04:38:00,-1.61081,-0.117667
2023-01-02 04:39:00,-1.60967,-0.140008
2023-01-02 04:40:00,-1.60967,-0.166819
2023-01-02 04:41:00,-1.63706,-0.181713
2023-01-02 04:42:00,-1.66902,-0.181713
2023-01-02 04:43:00,-1.67816,-0.190649
2023-01-02 04:44:00,-1.68614,-0.211501
2023-01-02 04:45:00,-1.72838,-0.21448
2023-01-02 04:46:00,-1.71126,-0.221928
2023-01-02 04:47:00,-1.69301,-0.259166
2023-01-02 04:48:00,-1.7147,-0.268103
2023-01-02 04:49:00,-1.74553,-0.256187
2023-01-02 04:50:00,-1.74666,-0.215971
2023-01-02 04:51:00,-1.71698,-0.214481
2023-01-02 04:52:00,-1.7284,-0.196609
2023-01-02 04:53:00,-1.74781,-0.183204
2023-01-02 04:54:00,-1.77065,-0.198099
2023-01-02 04:55:00,-1.78891,-0.180225
2023-01-02 04:56:00,-1.77178,-0.177245
2023-01-02 04:57:00,-1.75009,-0.178735
2023-01-02 04:58:00,-1.77406,-0.180224
2023-01-02 04:59:00,-1.79233,-0.178734
2023-01-02 05:00:00,-1.79689,-0.175755
2023-01-02 05:01:00,-1.81058,-0.168308
2023-01-02 05:02:00,-1.81173,-0.156392
2023-01-02 05:03:00,-1.80259,-0.156392
2023-01-02 05:04:00,-1.78204,-0.16086
2023-01-02 05:05:00,-1.77177,-0.150435
2023-01-02 05:06:00,-1.7615,-0.160861
2023-01-02 05:07:00,-1.74095,-0.166818
2023-01-02 05:08:00,-1.68501,-0.171287
2023-01-02 05:09:00,-1.64962,-0.169797
2023-01-02 05:10:00,-1.67359,-0.159371
2023-01-02 05:11:00,-1.68501,-0.156392
2023-01-02 05:12:00,-1.74551,-0.184691
2023-01-02 05:13:00,-1.85625,-0.181712
2023-01-02 05:14:00,-1.91332,-0.171286
2023-01-02 05:15:00,-1.9373,-0.142987
2023-01-02 05:16:00,-1.92931,-0.147455
2023-01-02 05:17:00,-1.92931,-0.153413
2023-01-02 05:18:00,-1.91904,-0.148945
2023-01-02 05:19:00,-1.88935,-0.169797
2023-01-02 05:20:00,-1.86423,-0.178733
2023-01-02 05:21:00,-1.85054,-0.181713
2023-01-02 05:22:00,-1.78775,-0.177244
2023-01-02 05:23:00,-1.71468,-0.178733
2023-01-02 05:24:00,-1.69299,-0.177244
2023-01-02 05:25:00,-1.68271,-0.178733
2023-01-02 05:26:00,-1.62335,-0.175754
2023-01-02 05:27:00,-1.55714,-0.171286
2023-01-02 05:28:00,-1.50577,-0.163838
2023-01-02 05:29:00,-1.47609,-0.168307
2023-01-02 05:30:00,-1.53773,-0.165328
2023-01-02 05:31:00,-1.5834,-0.131071
2023-01-02 05:32:00,-1.62906,-0.123624
2023-01-02 05:33:00,-1.64733,-0.120645
2023-01-02 05:34:00,-1.63935,-0.113198
2023-01-02 05:35:00,-1.64506,-0.145966
2023-01-02 05:36:00,-1.64392,-0.120646
2023-01-02 05:37:00,-1.64506,-0.123625
2023-01-02 05:38:00,-1.64619,-0.131071
2023-01-02 05:39:00,-1.64619,-0.13256
2023-01-02 05:40:00,-1.67929,-0.148944
2023-01-02 05:41:00,-1.71354,-0.129582
2023-01-02 05:42:00,-1.71011,-0.10724
2023-01-02 05:43:00,-1.71582,-0.122134
2023-01-02 05:44:00,-1.70782,-0.0938344
2023-01-02 05:45:00,-1.70668,-0.111708
2023-01-02 05:46:00,-1.69185,-0.123624
2023-01-02 05:47:00,-1.68957,-0.123624
2023-01-02 05:48:00,-1.69527,-0.114687
2023-01-02 05:49:00,-1.71469,-0.113198
2023-01-02 05:50:00,-1.71583,-0.120646
2023-01-02 05:51:00,-1.68387,-0.138519
2023-01-02 05:52:00,-1.64392,-0.16384
2023-01-02 05:53:00,-1.62108,-0.180224
2023-01-02 05:54:00,-1.61651,-0.177244
2023-01-02 05:55:00,-1.59824,-0.175755
2023-01-02 05:56:00,-1.57883,-0.178733
2023-01-02 05:57:00,-1.59483,-0.180224
2023-01-02 05:58:00,-1.61652,-0.177245
2023-01-02 05:59:00,-1.62679,-0.172776
2023-01-02 06:00:00,-1.6245,-0.165329
2023-01-02 06:01:00,-1.61308,-0.177244
2023-01-02 06:02:00,-1.57997,-0.192138
2023-01-02 06:03:00,-1.55486,-0.178733
2023-01-02 06:04:00,-1.51034,-0.184691
2023-01-02 06:05:00,-1.50236,-0.193629
2023-01-02 06:06:00,-1.49779,-0.186182
2023-01-02 06:07:00,-1.47838,-0.187671
2023-01-02 06:08:00,-1.50464,-0.19214
2023-01-02 06:09:00,-1.51377,-0.186181
2023-01-02 06:10:00,-1.49208,-0.183202
2023-01-02 06:11:00,-1.44413,-0.178734
2023-01-02 06:12:00,-1.37906,-0.175756
2023-01-02 06:13:00,-1.30029,-0.165329
2023-01-02 06:14:00,-1.33568,-0.192139
2023-01-02 06:15:00,-1.34823,-0.183202
2023-01-02 06:16:00,-1.3117,-0.166818
2023-01-02 06:17:00,-1.29229,-0.129582
2023-01-02 06:18:00,-1.2101,-0.123624
2023-01-02 06:19:00,-1.10849,-0.126603
2023-01-02 06:20:00,-1.00004,-0.137029
2023-01-02 06:21:00,-0.858482,-0.102771
2023-01-02 06:22:00,-0.670118,-0.117666
2023-01-02 06:23:00,-0.371021,-0.117666
2023-01-02 06:24:00,0.0468061,-0.0908569
2023-01-02 06:25:00,0.399562,-0.0968143
2023-01-02 06:26:00,0.7272,-0.0819195
2023-01-02 06:27:00,1.04456,-0.0923456
2023-01-02 06:28:00,1.3722,-0.0953244
2023-01-02 06:29:00,1.68158,-0.114687
2023-01-02 06:30:00,1.98753,-0.119155
2023-01-02 06:31:00,2.19531,-0.128093
2023-01-02 06:32:00,2.45217,-0.129583
2023-01-02 06:33:00,2.73187,-0.111709
2023-01-02 06:34:00,2.91681,-0.117667
2023-01-02 06:35:00,3.03097,-0.10873
2023-01-02 06:36:00,3.32436,-0.119156
2023-01-02 06:37:00,3.82667,-0.111709
2023-01-02 06:38:00,4.52191,-0.0878778
2023-01-02 06:39:00,5.46718,-0.090857
2023-01-02 06:40:00,6.65332,-0.0923466
2023-01-02 06:41:00,8.03923,-0.087878
2023-01-02 06:42:00,9.49361,-0.08192
2023-01-02 06:43:00,10.3841,-0.0804308
2023-01-02 06:44:00,10.8054,-0.0878782
2023-01-02 06:45:00,11.665,-0.0819201
2023-01-02 06:46:00,13.011,-0.0431943
2023-01-02 06:47:00,14.527,-0.0268103
2023-01-02 06:48:00,16.1789,-1.09275e-08
2023-01-02 06:49:00,18.0477,0.0863882
2023-01-02 06:50:00,19.8799,0.114688
2023-01-02 06:51:00,20.9096,0.195118
2023-01-02 06:52:00,21.4689,0.300867
2023-01-02 06:53:00,22.3137,2.14629
2023-01-02 06:54:00,24.0273,8.47642
2023-01-02 06:55:00,26.8481,14.2569
2023-01-02 06:56:00,29.8744,17.8792
2023-01-02 06:57:00,32.3118,12.8881
2023-01-02 06:58:00,34.2719,3.96042
2023-01-02 06:59:00,36.354,4.40575
2023-01-02 07:00:00,39.5883,5.52731
2023-01-02 07:01:00,43.3968,7.30424
2023-01-02 07:02:00,46.5924,7.94325
2023-01-02 07:03:00,47.1016,6.49253
2023-01-02 07:04:00,47.9236,7.19257
2023-01-02 07:05:00,50.6176,14.2153
2023-01-02 07:06:00,56.6099,37.9124
2023-01-02 07:07:00,65.4776,85.4449
2023-01-02 07:08:00,75.689,165.055
2023-01-02 07:09:00,78.6974,193.352
2023-01-02 07:10:00,72.4382,136.791
2023-01-02 07:11:00,70.0749,107.27
2023-01-02 07:12:00,84.5496,202.497
2023-01-02 07:13:00,74.9999,131.153
2023-01-02 07:14:00,72.3184,107.272
2023-01-02 07:15:00,69.501,88.7981
2023-01-02 07:16:00,71.0491,96.4764
2023-01-02 07:17:00,83.8411,176.3
2023-01-02 07:18:00,70.5878,91.15
2023-01-02 07:19:00,62.6387,39.0846
2023-01-02 07:20:00,63.4263,41.9934
2023-01-02 07:21:00,70.4206,76.6138
2023-01-02 07:22:00,68.3131,58.0583
2023-01-02 07:23:00,63.3059,13.6953
2023-01-02 07:24:00,71.2105,36.9143
2023-01-02 07:25:00,103.213,188.038
2023-01-02 07:26:00,96.2114,135.852
2023-01-02 07:27:00,88.6996,82.8126
2023-01-02 07:28:00,105.866,153.6
2023-01-02 07:29:00,112.253,167.731
2023-01-02 07:30:00,94.9406,61.8011
2023-01-02 07:31:00,103.674,73.998
2023-01-02 07:32:00,139.531,214.946
2023-01-02 07:33:00,150.2,239.46
2023-01-02 07:34:00,156.906,246.222
2023-01-02 07:35:00,167.752,270.944
2023-01-02 07:36:00,176.309,286.666
2023-01-02 07:37:00,182.481,295.348
2023-01-02 07:38:00,201.209,360.315
2023-01-02 07:39:00,210.495,389.149
2023-01-02 07:40:00,214.242,394.438
2023-01-02 07:41:00,219.828,408.718
2023-01-02 07:42:00,220.551,407.427
2023-01-02 07:43:00,213.506,380.783
2023-01-02 07:44:00,174.39,227.507
2023-01-02 07:45:00,181.283,249.454
2023-01-02 07:46:00,215.308,370.177
2023-01-02 07:47:00,204.01,316.304
2023-01-02 07:48:00,197.236,286.774
2023-01-02 07:49:00,137.561,76.9539
2023-01-02 07:50:00,133.411,63.3537
2023-01-02 07:51:00,130.665,48.462
2023-01-02 07:52:00,183.189,224.759
2023-01-02 07:53:00,195.254,259.348
2023-01-02 07:54:00,219.628,343.032
2023-01-02 07:55:00,145.398,91.2443
2023-01-02 07:56:00,141.93,72.9745
2023-01-02 07:57:00,209.8,294.269
2023-01-02 07:58:00,252.515,432.126
2023-01-02 07:59:00,254.46,435.656
2023-01-02 08:00:00,251.173,422.919
2023-01-02 08:01:00,252.885,426.926
2023-01-02 08:02:00,246.215,404.695
2023-01-02 08:03:00,241.683,389.761
2023-01-02 08:04:00,242.751,395.469
2023-01-02 08:05:00,238.26,384.253
2023-01-02 08:06:00,248.943,413.173
2023-01-02 08:07:00,261.142,442.721
2023-01-02 08:08:00,276.35,484.09
2023-01-02 08:09:00,225.709,333.623
2023-01-02 08:10:00,238.701,365.482
2023-01-02 08:11:00,295.446,528.239
2023-01-02 08:12:00,292.068,514.194
2023-01-02 08:13:00,283.679,486.469
2023-01-02 08:14:00,287.931,493.139
2023-01-02 08:15:00,289.222,490.282
2023-01-02 08:16:00,289.085,483.358
2023-01-02 08:17:00,301.67,510.42
2023-01-02 08:18:00,304.231,510.715
2023-01-02 08:19:00,302.212,499.559
2023-01-02 08:20:00,297.59,481.723
2023-01-02 08:21:00,306.654,499.361
2023-01-02 08:22:00,319.885,527.167
2023-01-02 08:23:00,324.805,534.875
2023-01-02 08:24:00,322.197,523.572
2023-01-02 08:25:00,323.475,520.732
2023-01-02 08:26:00,330.589,530.475
2023-01-02 08:27:00,333.137,528.529
2023-01-02 08:28:00,341.003,539.365
2023-01-02 08:29:00,341.61,530.869
2023-01-02 08:30:00,356.25,557.29
2023-01-02 08:31:00,359.588,559.536
2023-01-02 08:32:00,357.656,551.429
2023-01-02 08:33:00,357.279,545.492
2023-01-02 08:34:00,362.329,549.074
2023-01-02 08:35:00,345.713,497.436
2023-01-02 08:36:00,346.139,482.816
2023-01-02 08:37:00,376.62,540.283
2023-01-02 08:38:00,388.38,552.125
2023-01-02 08:39:00,332.115,413.379
2023-01-02 08:40:00,230.618,173.966
2023-01-02 08:41:00,212.687,131.412
2023-01-02 08:42:00,263.101,243.699
2023-01-02 08:43:00,388.401,529.78
2023-01-02 08:44:00,404.395,560.345
2023-01-02 08:45:00,359.603,453.715
2023-01-02 08:46:00,274.373,263.725
2023-01-02 08:47:00,268.85,246.433
2023-01-02 08:48:00,356.026,443.818
2023-01-02 08:49:00,335.475,398.101
2023-01-02 08:50:00,242.263,196.231
2023-01-02 08:51:00,454.692,650.92
2023-01-02 08:52:00,478.874,705.284
2023-01-02 08:53:00,479.575,709.14
2023-01-02 08:54:00,470.27,688.799
2023-01-02 08:55:00,462.125,667.693
2023-01-02 08:56:00,429.018,597.52
2023-01-02 08:57:00,440.616,623.173
2023-01-02 08:58:00,469.009,685.17
2023-01-02 08:59:00,467.97,683.166
2023-01-02 09:00:00,475.952,696.067
2023-01-02 09:01:00,472.738,686.44
2023-01-02 09:02:00,469.724,676.445
2023-01-02 09:03:00,482.713,696.901
2023-01-02 09:04:00,492.903,712.03
2023-01-02 09:05:00,491.454,704.898
2023-01-02 09:06:00,489.274,696.377
2023-01-02 09:07:00,494.938,703.006
2023-01-02 09:08:00,504.388,716.109
2023-01-02 09:09:00,508.965,719.349
2023-01-02 09:10:00,509.461,714.582
2023-01-02 09:11:00,505.982,702.969
2023-01-02 09:12:00,504.216,694.596
2023-01-02 09:13:00,502.731,685.593
2023-01-02 09:14:00,501.464,677.545
2023-01-02 09:15:00,503.745,675.753
2023-01-02 09:16:00,507.596,676.692
2023-01-02 09:17:00,513.922,681.828
2023-01-02 09:18:00,520.516,688.348
2023-01-02 09:19:00,515.366,673.279
2023-01-02 09:20:00,522.633,680.685
2023-01-02 09:21:00,524.457,678.609
2023-01-02 09:22:00,528.555,681.426
2023-01-02 09:23:00,533.09,684.339
2023-01-02 09:24:00,535.719,683.539
2023-01-02 09:25:00,542.174,689.591
2023-01-02 09:26:00,543.951,687.388
2023-01-02 09:27:00,533.71,665.46
2023-01-02 09:28:00,530.832,656.28
2023-01-02 09:29:00,539.095,665.758
2023-01-02 09:30:00,540.628,664.35
2023-01-02 09:31:00,544.943,667.124
2023-01-02 09:32:00,549.281,669.526
2023-01-02 09:33:00,548.115,663.374
2023-01-02 09:34:00,558.99,677.516
2023-01-02 09:35:00,566.355,685.176
2023-01-02 09:36:00,576.867,698.422
2023-01-02 09:37:00,575.975,692.519
2023-01-02 09:38:00,586.522,705.629
2023-01-02 09:39:00,585.999,701.094
2023-01-02 09:40:00,589.261,702.803
2023-01-02 09:41:00,566.178,660.727
2023-01-02 09:42:00,577.426,675.293
2023-01-02 09:43:00,583.026,680.174
2023-01-02 09:44:00,591.081,689.101
2023-01-02 09:45:00,584.127,674.1
2023-01-02 09:46:00,594.377,687.335
2023-01-02 09:47:00,595.537,685.636
2023-01-02 09:48:00,581.41,659.901
2023-01-02 09:49:00,575.956,648.153
2023-01-02 09:50:00,571.612,638.022
2023-01-02 09:51:00,573.727,638.234
2023-01-02 09:52:00,581.25,646.829
2023-01-02 09:53:00,599.075,671.424
2023-01-02 09:54:00,597.988,666.569
2023-01-02 09:55:00,597.167,662.538
2023-01-02 09:56:00,608.929,678.125
2023-01-02 09:57:00,605.675,670.679
2023-01-02 09:58:00,608.613,672.866
2023-01-02 09:59:00,606.798,667.846
2023-01-02 10:00:00,609.037,669.271
2023-01-02 10:01:00,605.029,661.11
2023-01-02 10:02:00,610.968,667.94
2023-01-02 10:03:00,624.007,685.743
2023-01-02 10:04:00,626.254,687.259
2023-01-02 10:05:00,626.662,686.122
2023-01-02 10:06:00,622.098,677.59
2023-01-02 10:07:00,616.137,666.743
2023-01-02 10:08:00,623.653,676.347
2023-01-02 10:09:00,623.716,674.701
2023-01-02 10:10:00,627.483,678.129
2023-01-02 10:11:00,624.596,671.688
2023-01-02 10:12:00,631.354,679.783
2023-01-02 10:13:00,638.351,688.963
2023-01-02 10:14:00,641.201,691.028
2023-01-02 10:15:00,624.451,664.832
2023-01-02 10:16:00,627.08,666.571
2023-01-02 10:17:00,626.729,663.506
2023-01-02 10:18:00,628.63,663.786
2023-01-02 10:19:00,642.979,682.644
2023-01-02 10:20:00,638.488,672.92
2023-01-02 10:21:00,624.438,648.607
2023-01-02 10:22:00,632.774,658.587
2023-01-02 10:23:00,629.725,651.967
2023-01-02 10:24:00,638.713,662.75
2023-01-02 10:25:00,635.535,655.321
2023-01-02 10:26:00,634.669,651.328
2023-01-02 10:27:00,629.737,642.082
2023-01-02 10:28:00,642.905,657.556
2023-01-02 10:29:00,656.169,673.471
2023-01-02 10:30:00,672.982,694.119
2023-01-02 10:31:00,675.391,694.497
2023-01-02 10:32:00,672.927,687.313
2023-01-02 10:33:00,685.859,701.697
2023-01-02 10:34:00,699.516,717.319
2023-01-02 10:35:00,710.609,729.723
2023-01-02 10:36:00,715.91,734.481
2023-01-02 10:37:00,715.441,732.101
2023-01-02 10:38:00,711.75,726.1
2023-01-02 10:39:00,709.998,723.017
2023-01-02 10:40:00,717.338,732.81
2023-01-02 10:41:00,721.15,738.46
2023-01-02 10:42:00,719.939,737.769
2023-01-02 10:43:00,722.917,742.615
2023-01-02 10:44:00,715.574,732.639
2023-01-02 10:45:00,724.478,743.987
2023-01-02 10:46:00,724.482,743.788
2023-01-02 10:47:00,720.85,738.711
2023-01-02 10:48:00,736.742,759.862
2023-01-02 10:49:00,735.927,757.726
2023-01-02 10:50:00,729.555,748.632
2023-01-02 10:51:00,731.361,750.271
2023-01-02 10:52:00,745.228,767.664
2023-01-02 10:53:00,744.707,765.933
2023-01-02 10:54:00,752.5,775.837
2023-01-02 10:55:00,769.804,798.092
2023-01-02 10:56:00,767.062,793.479
2023-01-02 10:57:00,765.989,791.531
2023-01-02 10:58:00,764.863,789.507
2023-01-02 10:59:00,778.44,806.882
2023-01-02 11:00:00,787.463,818.805
2023-01-02 11:01:00,785.309,815.334
2023-01-02 11:02:00,793.215,825.121
2023-01-02 11:03:00,799.328,832.148
2023-01-02 11:04:00,797.204,828.233
2023-01-02 11:05:00,796.296,825.157
2023-01-02 11:06:00,800.447,828.193
2023-01-02 11:07:00,797.093,822.374
2023-01-02 11:08:00,801.531,826.531
2023-01-02 11:09:00,804.374,829.199
2023-01-02 11:10:00,808.204,832.987
2023-01-02 11:11:00,811.497,835.401
2023-01-02 11:12:00,811.412,833.735
2023-01-02 11:13:00,812.453,833.097
2023-01-02 11:14:00,811.861,829.851
2023-01-02 11:15:00,813.422,829.087
2023-01-02 11:16:00,816.867,831.792
2023-01-02 11:17:00,814.591,826.722
2023-01-02 11:18:00,823.335,835.442
2023-01-02 11:19:00,830.06,841.493
2023-01-02 11:20:00,810.729,813.636
2023-01-02 11:21:00,797.392,793.318
2023-01-02 11:22:00,796.795,789.84
2023-01-02 11:23:00,794.466,783.614
2023-01-02 11:24:00,766.962,744.502
2023-01-02 11:25:00,802.085,787.359
2023-01-02 11:26:00,782.638,760.273
2023-01-02 11:27:00,785.912,761.325
2023-01-02 11:28:00,795.996,771.691
2023-01-02 11:29:00,816.227,794.394
2023-01-02 11:30:00,792.827,762.162
2023-01-02 11:31:00,781.533,744.542
2023-01-02 11:32:00,765.577,721.052
2023-01-02 11:33:00,749.484,696.992
2023-01-02 11:34:00,776.221,729.017
2023-01-02 11:35:00,785.259,737.241
2023-01-02 11:36:00,801.676,755.441
2023-01-02 11:37:00,827.143,785.007
2023-01-02 11:38:00,807.566,755.796
2023-01-02 11:39:00,808.251,755.022
2023-01-02 11:40:00,785.737,723.214
2023-01-02 11:41:00,762.846,690.108
2023-01-02 11:42:00,746.582,666.391
2023-01-02 11:43:00,742.06,657.834
2023-01-02 11:44:00,748.814,663.956
2023-01-02 11:45:00,737.357,646.919
2023-01-02 11:46:00,730.681,634.866
2023-01-02 11:47:00,719.152,617.918
2023-01-02 11:48:00,714.591,610.45
2023-01-02 11:49:00,718.483,613.525
2023-01-02 11:50:00,728.703,624.83
2023-01-02 11:51:00,742.749,642.33
2023-01-02 11:52:00,704.31,594.524
2023-01-02 11:53:00,724.639,621.953
2023-01-02 11:54:00,739.478,641.525
2023-01-02 11:55:00,771.106,684.468
2023-01-02 11:56:00,783.497,702.077
2023-01-02 11:57:00,792.487,716.317
2023-01-02 11:58:00,811.939,744.404
2023-01-02 11:59:00,814.315,750.487
2023-01-02 12:00:00,818.164,757.954
2023-01-02 12:01:00,801.614,739.621
2023-01-02 12:02:00,794.599,734.265
2023-01-02 12:03:00,809.227,757.471
2023-01-02 12:04:00,813.355,767.081
2023-01-02 12:05:00,814.068,771.273
2023-01-02 12:06:00,820.275,781.818
2023-01-02 12:07:00,829.512,797.575
2023-01-02 12:08:00,838.165,812.025
2023-01-02 12:09:00,855.668,836.58
2023-01-02 12:10:00,866.217,852.771
2023-01-02 12:11:00,865.503,854.318
2023-01-02 12:12:00,868.56,861.918
2023-01-02 12:13:00,869.568,866.887
2023-01-02 12:14:00,876.353,877.903
2023-01-02 12:15:00,873.288,876.56
2023-01-02 12:16:00,868.765,873.02
2023-01-02 12:17:00,866.77,870.633
2023-01-02 12:18:00,861.15,864.079
2023-01-02 12:19:00,860.083,863.546
2023-01-02 12:20:00,854.574,857.476
2023-01-02 12:21:00,851.92,855.102
2023-01-02 12:22:00,825.166,821.192
2023-01-02 12:23:00,817.382,811.242
2023-01-02 12:24:00,809.284,800.94
2023-01-02 12:25:00,793.766,783.0
2023-01-02 12:26:00,784.911,774.085
2023-01-02 12:27:00,850.192,857.945
2023-01-02 12:28:00,857.924,868.857
2023-01-02 12:29:00,850.14,860.12
2023-01-02 12:30:00,840.076,848.209
2023-01-02 12:31:00,835.911,843.917
2023-01-02 12:32:00,853.417,866.575
2023-01-02 12:33:00,857.966,873.856
2023-01-02 12:34:00,858.745,876.561
2023-01-02 12:35:00,860.388,879.512
2023-01-02 12:36:00,861.833,880.887
2023-01-02 12:37:00,857.4,875.463
2023-01-02 12:38:00,851.897,869.218
2023-01-02 12:39:00,860.028,879.693
2023-01-02 12:40:00,856.158,875.037
2023-01-02 12:41:00,839.878,853.481
2023-01-02 12:42:00,839.397,851.481
2023-01-02 12:43:00,821.707,827.447
2023-01-02 12:44:00,825.367,830.706
2023-01-02 12:45:00,805.725,804.646
2023-01-02 12:46:00,822.55,825.25
2023-01-02 12:47:00,802.07,797.256
2023-01-02 12:48:00,791.533,781.496
2023-01-02 12:49:00,797.677,786.039
2023-01-02 12:50:00,804.977,793.925
2023-01-02 12:51:00,815.403,808.586
2023-01-02 12:52:00,778.385,762.709
2023-01-02 12:53:00,790.685,777.421
2023-01-02 12:54:00,791.937,780.898
2023-01-02 12:55:00,790.386,780.778
2023-01-02 12:56:00,774.788,762.089
2023-01-02 12:57:00,810.483,808.613
2023-01-02 12:58:00,803.731,800.51
2023-01-02 12:59:00,799.424,795.651
2023-01-02 13:00:00,823.149,827.083
2023-01-02 13:01:00,804.137,803.846
2023-01-02 13:02:00,815.415,819.152
2023-01-02 13:03:00,790.163,787.485
2023-01-02 13:04:00,786.718,783.927
2023-01-02 13:05:00,803.791,808.445
2023-01-02 13:06:00,800.019,805.749
2023-01-02 13:07:00,789.495,793.769
2023-01-02 13:08:00,798.798,807.595
2023-01-02 13:09:00,798.926,810.436
2023-01-02 13:10:00,768.995,773.984
2023-01-02 13:11:00,774.404,785.434
2023-01-02 13:12:00,791.65,811.964
2023-01-02 13:13:00,822.657,855.63
2023-01-02 13:14:00,825.076,861.665
2023-01-02 13:15:00,831.487,872.899
2023-01-02 13:16:00,825.617,867.944
2023-01-02 13:17:00,822.802,866.954
2023-01-02 13:18:00,819.828,865.859
2023-01-02 13:19:00,814.764,862.602
2023-01-02 13:20:00,811.132,860.658
2023-01-02 13:21:00,809.797,862.115
2023-01-02 13:22:00,805.299,858.927
2023-01-02 13:23:00,800.946,855.125
2023-01-02 13:24:00,803.012,859.044
2023-01-02 13:25:00,802.707,859.527
2023-01-02 13:26:00,798.916,856.074
2023-01-02 13:27:00,791.266,847.782
2023-01-02 13:28:00,795.623,854.568
2023-01-02 13:29:00,791.193,849.319
2023-01-02 13:30:00,780.042,834.612
2023-01-02 13:31:00,772.748,826.575
2023-01-02 13:32:00,774.79,829.971
2023-01-02 13:33:00,772.381,827.112
2023-01-02 13:34:00,750.567,798.338
2023-01-02 13:35:00,775.699,833.742
2023-01-02 13:36:00,771.227,829.295
2023-01-02 13:37:00,760.666,816.472
2023-01-02 13:38:00,762.453,820.726
2023-01-02 13:39:00,781.509,843.356
2023-01-02 13:40:00,776.05,831.315
2023-01-02 13:41:00,773.022,830.729
2023-01-02 13:42:00,775.517,839.138
2023-01-02 13:43:00,673.006,704.635
2023-01-02 13:44:00,310.953,179.453
2023-01-02 13:45:00,639.576,632.208
2023-01-02 13:46:00,760.024,824.337
2023-01-02 13:47:00,762.849,828.987
2023-01-02 13:48:00,762.586,828.862
2023-01-02 13:49:00,752.686,816.981
2023-01-02 13:50:00,738.87,797.628
2023-01-02 13:51:00,724.245,775.488
2023-01-02 13:52:00,687.953,722.893
2023-01-02 13:53:00,658.543,680.147
2023-01-02 13:54:00,632.092,641.323
2023-01-02 13:55:00,600.333,595.802
2023-01-02 13:56:00,628.398,634.902
2023-01-02 13:57:00,666.528,687.232
2023-01-02 13:58:00,673.678,696.455
2023-01-02 13:59:00,663.208,679.954
2023-01-02 14:00:00,644.805,653.256
2023-01-02 14:01:00,667.99,687.08
2023-01-02 14:02:00,661.326,678.614
2023-01-02 14:03:00,647.571,660.741
2023-01-02 14:04:00,588.318,578.982
2023-01-02 14:05:00,557.616,537.94
2023-01-02 14:06:00,600.773,602.06
2023-01-02 14:07:00,629.758,644.221
2023-01-02 14:08:00,642.586,663.757
2023-01-02 14:09:00,650.167,676.256
2023-01-02 14:10:00,669.315,704.859
2023-01-02 14:11:00,701.666,752.94
2023-01-02 14:12:00,727.686,791.854
2023-01-02 14:13:00,737.362,807.42
2023-01-02 14:14:00,732.087,801.022
2023-01-02 14:15:00,728.808,799.19
2023-01-02 14:16:00,721.028,790.349
2023-01-02 14:17:00,708.348,774.668
2023-01-02 14:18:00,699.702,765.52
2023-01-02 14:19:00,696.579,763.828
2023-01-02 14:20:00,685.977,751.415
2023-01-02 14:21:00,658.769,715.175
2023-01-02 14:22:00,608.354,643.141
2023-01-02 14:23:00,626.336,676.143
2023-01-02 14:24:00,643.15,706.516
2023-01-02 14:25:00,661.75,737.867
2023-01-02 14:26:00,690.88,785.095
2023-01-02 14:27:00,693.146,789.109
2023-01-02 14:28:00,704.787,808.167
2023-01-02 14:29:00,706.625,812.646
2023-01-02 14:30:00,704.528,810.93
2023-01-02 14:31:00,701.792,807.29
2023-01-02 14:32:00,701.351,806.524
2023-01-02 14:33:00,708.089,815.79
2023-01-02 14:34:00,712.352,817.385
2023-01-02 14:35:00,717.018,815.547
2023-01-02 14:36:00,722.995,812.732
2023-01-02 14:37:00,729.871,807.76
2023-01-02 14:38:00,735.963,801.693
2023-01-02 14:39:00,747.201,806.101
2023-01-02 14:40:00,752.717,808.799
2023-01-02 14:41:00,753.302,808.512
2023-01-02 14:42:00,749.379,801.63
2023-01-02 14:43:00,749.237,800.484
2023-01-02 14:44:00,747.27,796.826
2023-01-02 14:45:00,746.695,796.468
2023-01-02 14:46:00,743.219,791.116
2023-01-02 14:47:00,743.388,791.833
2023-01-02 14:48:00,740.308,786.2
2023-01-02 14:49:00,739.328,785.177
2023-01-02 14:50:00,734.733,781.727
2023-01-02 14:51:00,724.12,774.285
2023-01-02 14:52:00,710.581,769.754
2023-01-02 14:53:00,692.418,759.744
2023-01-02 14:54:00,684.856,767.131
2023-01-02 14:55:00,674.452,767.205
2023-01-02 14:56:00,663.56,766.105
2023-01-02 14:57:00,653.472,762.953
2023-01-02 14:58:00,647.317,764.253
2023-01-02 14:59:00,638.165,755.404
2023-01-02 15:00:00,633.655,753.861
2023-01-02 15:01:00,626.244,748.974
2023-01-02 15:02:00,618.553,746.54
2023-01-02 15:03:00,607.568,740.15
2023-01-02 15:04:00,599.366,740.431
2023-01-02 15:05:00,587.493,732.433
2023-01-02 15:06:00,579.256,726.554
2023-01-02 15:07:00,571.276,715.939
2023-01-02 15:08:00,566.864,712.812
2023-01-02 15:09:00,552.927,698.273
2023-01-02 15:10:00,540.769,680.636
2023-01-02 15:11:00,541.457,682.388
2023-01-02 15:12:00,541.149,679.025
2023-01-02 15:13:00,541.592,674.851
2023-01-02 15:14:00,545.464,675.89
2023-01-02 15:15:00,550.183,677.275
2023-01-02 15:16:00,554.578,681.201
2023-01-02 15:17:00,548.226,665.456
2023-01-02 15:18:00,554.74,671.022
2023-01-02 15:19:00,555.688,666.782
2023-01-02 15:20:00,565.992,679.425
2023-01-02 15:21:00,564.914,672.234
2023-01-02 15:22:00,537.582,623.948
2023-01-02 15:23:00,468.934,499.801
2023-01-02 15:24:00,377.494,319.214
2023-01-02 15:25:00,369.977,295.076
2023-01-02 15:26:00,455.11,474.286
2023-01-02 15:27:00,411.923,382.859
2023-01-02 15:28:00,340.873,257.926
2023-01-02 15:29:00,425.488,419.507
2023-01-02 15:30:00,492.394,554.633
2023-01-02 15:31:00,488.158,551.738
2023-01-02 15:32:00,492.618,563.697
2023-01-02 15:33:00,492.13,565.596
2023-01-02 15:34:00,495.119,572.797
2023-01-02 15:35:00,468.105,509.795
2023-01-02 15:36:00,487.577,554.909
2023-01-02 15:37:00,486.389,548.405
2023-01-02 15:38:00,474.517,519.933
2023-01-02 15:39:00,390.491,324.82
2023-01-02 15:40:00,344.654,244.182
2023-01-02 15:41:00,450.521,484.609
2023-01-02 15:42:00,447.861,492.677
2023-01-02 15:43:00,431.071,467.707
2023-01-02 15:44:00,413.425,437.864
2023-01-02 15:45:00,409.164,439.689
2023-01-02 15:46:00,413.889,461.721
2023-01-02 15:47:00,334.958,278.218
2023-01-02 15:48:00,356.243,338.429
2023-01-02 15:49:00,324.877,258.404
2023-01-02 15:50:00,219.464,20.6357
2023-01-02 15:51:00,216.827,11.7165
2023-01-02 15:52:00,218.887,12.2632
2023-01-02 15:53:00,221.89,14.7105
2023-01-02 15:54:00,222.083,5.687
2023-01-02 15:55:00,224.542,4.22576
2023-01-02 15:56:00,226.999,4.01723
2023-01-02 15:57:00,227.876,5.35036
2023-01-02 15:58:00,228.025,6.97248
2023-01-02 15:59:00,262.498,105.639
2023-01-02 16:00:00,409.711,485.878
2023-01-02 16:01:00,406.439,491.17
2023-01-02 16:02:00,251.868,92.312
2023-01-02 16:03:00,225.367,37.7267
2023-01-02 16:04:00,209.914,8.51415
2023-01-02 16:05:00,204.628,5.15528
2023-01-02 16:06:00,201.481,4.20198
2023-01-02 16:07:00,199.768,4.09326
2023-01-02 16:08:00,197.175,2.54414
2023-01-02 16:09:00,196.109,8.52316
2023-01-02 16:10:00,194.595,15.1769
2023-01-02 16:11:00,228.984,128.148
2023-01-02 16:12:00,239.173,158.479
2023-01-02 16:13:00,320.3,408.45
2023-01-02 16:14:00,317.848,402.398
2023-01-02 16:15:00,286.016,320.723
2023-01-02 16:16:00,341.545,497.733
2023-01-02 16:17:00,231.484,167.8
2023-01-02 16:18:00,171.471,13.1155
2023-01-02 16:19:00,163.32,9.27543
2023-01-02 16:20:00,171.695,48.7382
2023-01-02 16:21:00,155.679,9.81616
2023-01-02 16:22:00,150.538,4.99745
2023-01-02 16:23:00,147.415,2.42798
2023-01-02 16:24:00,145.598,1.4419
2023-01-02 16:25:00,145.121,1.84556
2023-01-02 16:26:00,145.204,3.05508
2023-01-02 16:27:00,145.161,3.45577
2023-01-02 16:28:00,146.144,4.01586
2023-01-02 16:29:00,148.68,8.89869
2023-01-02 16:30:00,207.714,208.148
2023-01-02 16:31:00,274.208,439.671
2023-01-02 16:32:00,260.317,386.025
2023-01-02 16:33:00,236.182,299.151
2023-01-02 16:34:00,263.927,397.243
2023-01-02 16:35:00,244.206,323.371
2023-01-02 16:36:00,165.841,32.8036
2023-01-02 16:37:00,156.192,8.31335
2023-01-02 16:38:00,153.234,6.3039
2023-01-02 16:39:00,151.313,5.36548
2023-01-02 16:40:00,148.296,5.55617
2023-01-02 16:41:00,147.236,23.4447
2023-01-02 16:42:00,164.258,112.723
2023-01-02 16:43:00,150.379,69.4805
2023-01-02 16:44:00,140.468,47.8442
2023-01-02 16:45:00,160.796,153.031
2023-01-02 16:46:00,160.495,170.875
2023-01-02 16:47:00,151.469,153.923
2023-01-02 16:48:00,156.333,206.646
2023-01-02 16:49:00,141.344,153.391
2023-01-02 16:50:00,120.312,78.8706
2023-01-02 16:51:00,112.732,52.9116
2023-01-02 16:52:00,108.898,49.0999
2023-01-02 16:53:00,114.332,91.0158
2023-01-02 16:54:00,114.997,113.155
2023-01-02 16:55:00,122.281,170.911
2023-01-02 16:56:00,125.777,204.518
2023-01-02 16:57:00,121.813,201.541
2023-01-02 16:58:00,115.826,186.133
2023-01-02 16:59:00,112.637,182.324
2023-01-02 17:00:00,113.424,196.103
2023-01-02 17:01:00,118.777,232.521
2023-01-02 17:02:00,117.358,229.105
2023-01-02 17:03:00,115.82,230.337
2023-01-02 17:04:00,111.042,211.124
2023-01-02 17:05:00,99.6905,149.999
2023-01-02 17:06:00,111.763,230.113
2023-01-02 17:07:00,114.698,249.822
2023-01-02 17:08:00,113.208,244.729
2023-01-02 17:09:00,110.854,234.829
2023-01-02 17:10:00,108.35,223.555
2023-01-02 17:11:00,101.193,182.816
2023-01-02 17:12:00,92.3245,135.064
2023-01-02 17:13:00,88.4861,127.131
2023-01-02 17:14:00,91.2058,171.746
2023-01-02 17:15:00,91.2592,200.074
2023-01-02 17:16:00,86.7676,198.719
2023-01-02 17:17:00,81.2007,190.466
2023-01-02 17:18:00,76.6179,183.49
2023-01-02 17:19:00,72.1939,178.842
2023-01-02 17:20:00,69.1947,174.182
2023-01-02 17:21:00,66.5264,154.436
2023-01-02 17:22:00,63.9542,142.971
2023-01-02 17:23:00,60.9424,141.429
2023-01-02 17:24:00,56.5172,131.574
2023-01-02 17:25:00,52.6193,127.287
2023-01-02 17:26:00,48.8012,123.877
2023-01-02 17:27:00,45.0611,120.78
2023-01-02 17:28:00,41.1506,113.788
2023-01-02 17:29:00,37.6181,102.351
2023-01-02 17:30:00,34.3447,66.8783
2023-01-02 17:31:00,31.681,27.643
2023-01-02 17:32:00,29.756,11.6355
2023-01-02 17:33:00,28.1427,9.80021
2023-01-02 17:34:00,26.6059,19.5856
2023-01-02 17:35:00,25.1616,23.3945
2023-01-02 17:36:00,23.8383,9.10456
2023-01-02 17:37:00,22.5561,2.30742
2023-01-02 17:38:00,21.2329,0.430501
2023-01-02 17:39:00,19.9301,-0.35453
2023-01-02 17:40:00,18.7804,-0.499022
2023-01-02 17:41:00,17.7231,-0.600317
2023-01-02 17:42:00,16.7641,-0.631599
2023-01-02 17:43:00,15.6349,-0.643516
2023-01-02 17:44:00,14.2032,-0.658414
2023-01-02 17:45:00,12.582,-0.67927
2023-01-02 17:46:00,10.8305,-0.700123
2023-01-02 17:47:00,8.93523,-0.70906
2023-01-02 17:48:00,6.85043,-0.709061
2023-01-02 17:49:00,5.19263,-0.707571
2023-01-02 17:50:00,4.27126,-0.719491
2023-01-02 17:51:00,3.74036,-0.762692
2023-01-02 17:52:00,3.15921,-0.698639
2023-01-02 17:53:00,2.55409,-0.543717
2023-01-02 17:54:00,1.8188,-0.472213
2023-01-02 17:55:00,1.14288,-0.460294
2023-01-02 17:56:00,0.804928,-0.449868
2023-01-02 17:57:00,0.45784,-0.415607
2023-01-02 17:58:00,-0.0456696,-0.359001
2023-01-02 17:59:00,-0.572016,-0.364961
2023-01-02 18:00:00,-1.03785,-0.281542
2023-01-02 18:01:00,-1.50597,-0.242811
2023-01-02 18:02:00,-1.87132,-0.236852
2023-01-02 18:03:00,-2.13963,-0.20408
2023-01-02 18:04:00,-2.32231,-0.207059
2023-01-02 18:05:00,-2.45705,-0.214509
2023-01-02 18:06:00,-2.52784,-0.223446
2023-01-02 18:07:00,-2.61003,-0.247279
2023-01-02 18:08:00,-2.7299,-0.278561
2023-01-02 18:09:00,-2.77329,-0.359001
2023-01-02 18:10:00,-2.79498,-0.415606
2023-01-02 18:11:00,-2.88176,-0.448379
2023-01-02 18:12:00,-3.05989,-0.434974
2023-01-02 18:13:00,-3.0302,-0.376878
2023-01-02 18:14:00,-2.96171,-0.359004
2023-01-02 18:15:00,-2.91033,-0.351556
2023-01-02 18:16:00,-2.96171,-0.359004
2023-01-02 18:17:00,-2.93544,-0.361983
2023-01-02 18:18:00,-2.94227,-0.370918
2023-01-02 18:19:00,-2.90003,-0.357511
2023-01-02 18:20:00,-2.94455,-0.336656
2023-01-02 18:21:00,-2.87261,-0.338145
2023-01-02 18:22:00,-2.87262,-0.353041
2023-01-02 18:23:00,-2.80754,-0.359001
2023-01-02 18:24:00,-2.86235,-0.356022
2023-01-02 18:25:00,-2.92515,-0.342616
2023-01-02 18:26:00,-3.0496,-0.269623
2023-01-02 18:27:00,-3.24484,-0.189184
2023-01-02 18:28:00,-3.34988,0.0700127
2023-01-02 18:29:00,-3.28366,0.0968261
2023-01-02 18:30:00,-3.13636,0.0297926
2023-01-02 18:31:00,-3.03132,-0.11768
2023-01-02 18:32:00,-3.07358,-0.263665
2023-01-02 18:33:00,-3.07814,-0.263664
2023-01-02 18:34:00,-2.99708,-0.275582
2023-01-02 18:35:00,-2.74704,-0.277072
2023-01-02 18:36:00,-2.61231,-0.345595
2023-01-02 18:37:00,-2.56208,-0.36943
2023-01-02 18:38:00,-2.57236,-0.372409
2023-01-02 18:39:00,-2.67968,-0.373898
2023-01-02 18:40:00,-2.7048,-0.315803
2023-01-02 18:41:00,-2.66256,-0.263666
2023-01-02 18:42:00,-2.64657,-0.286009
2023-01-02 18:43:00,-2.7162,-0.281539
2023-01-02 18:44:00,-2.76529,-0.241319
2023-01-02 18:45:00,-2.69564,-0.242808
2023-01-02 18:46:00,-2.70248,-0.23238
2023-01-02 18:47:00,-2.68765,-0.251747
2023-01-02 18:48:00,-2.63057,-0.210037
2023-01-02 18:49:00,-2.67395,-0.247277
2023-01-02 18:50:00,-2.64883,-0.221954
2023-01-02 18:51:00,-2.67397,-0.218976
2023-01-02 18:52:00,-2.74133,-0.211527
2023-01-02 18:53:00,-2.70135,-0.208547
2023-01-02 18:54:00,-2.69792,-0.229402
2023-01-02 18:55:00,-2.72533,-0.232382
2023-01-02 18:56:00,-2.74247,-0.210038
2023-01-02 18:57:00,-2.72648,-0.224934
2023-01-02 18:58:00,-2.68309,-0.229403
2023-01-02 18:59:00,-2.69336,-0.221953
2023-01-02 19:00:00,-2.74017,-0.224933
2023-01-02 19:01:00,-2.72876,-0.250257
2023-01-02 19:02:00,-2.69337,-0.24132
2023-01-02 19:03:00,-2.64998,-0.265153
2023-01-02 19:04:00,-2.63171,-0.260684
2023-01-02 19:05:00,-2.62486,-0.268132
2023-01-02 19:06:00,-2.6237,-0.266641
2023-01-02 19:07:00,-2.62371,-0.247277
2023-01-02 19:08:00,-2.62942,-0.260684
2023-01-02 19:09:00,-2.59402,-0.256214
2023-01-02 19:10:00,-2.6454,-0.230891
2023-01-02 19:11:00,-2.62598,-0.189181
2023-01-02 19:12:00,-2.64311,-0.241318
2023-01-02 19:13:00,-2.57118,-0.251745
2023-01-02 19:14:00,-2.54035,-0.266641
2023-01-02 19:15:00,-2.50039,-0.280047
2023-01-02 19:16:00,-2.48555,-0.284516
2023-01-02 19:17:00,-2.5038,-0.306859
2023-01-02 19:18:00,-2.48554,-0.287495
2023-01-02 19:19:00,-2.51637,-0.296432
2023-01-02 19:20:00,-2.49126,-0.278558
2023-01-02 19:21:00,-2.4513,-0.26962
2023-01-02 19:22:00,-2.44102,-0.297923
2023-01-02 19:23:00,-2.45016,-0.303881
2023-01-02 19:24:00,-2.44787,-0.30835
2023-01-02 19:25:00,-2.40564,-0.299414
2023-01-02 19:26:00,-2.39879,-0.286008
2023-01-02 19:27:00,-2.41021,-0.275581
2023-01-02 19:28:00,-2.4045,-0.271111
2023-01-02 19:29:00,-2.41135,-0.266643
2023-01-02 19:30:00,-2.40336,-0.268132
2023-01-02 19:31:00,-2.41478,-0.271112
2023-01-02 19:32:00,-2.37824,-0.27558
2023-01-02 19:33:00,-2.37251,-0.259192
2023-01-02 19:34:00,-2.42389,-0.260682
2023-01-02 19:35:00,-2.48097,-0.26664
2023-01-02 19:36:00,-2.45813,-0.241316
2023-01-02 19:37:00,-2.41018,-0.232379
2023-01-02 19:38:00,-2.37365,-0.229399
2023-01-02 19:39:00,-2.36793,-0.233868
2023-01-02 19:40:00,-2.39877,-0.257702
2023-01-02 19:41:00,-2.44216,-0.233869
2023-01-02 19:42:00,-2.48097,-0.223441
2023-01-02 19:43:00,-2.50038,-0.224931
2023-01-02 19:44:00,-2.42389,-0.226421
2023-01-02 19:45:00,-2.41475,-0.224931
2023-01-02 19:46:00,-2.47183,-0.22493
2023-01-02 19:47:00,-2.40675,-0.227909
2023-01-02 19:48:00,-2.40332,-0.233867
2023-01-02 19:49:00,-2.40903,-0.22344
2023-01-02 19:50:00,-2.39419,-0.22195
2023-01-02 19:51:00,-2.40218,-0.22195
2023-01-02 19:52:00,-2.34738,-0.214503
2023-01-02 19:53:00,-2.27203,-0.201096
2023-01-02 19:54:00,-2.24234,-0.201096
2023-01-02 19:55:00,-2.20237,-0.211523
2023-01-02 19:56:00,-2.18524,-0.22195
2023-01-02 19:57:00,-2.15784,-0.211522
2023-01-02 19:58:00,-2.13272,-0.199605
2023-01-02 19:59:00,-2.13271,-0.192157
2023-01-02 20:00:00,-2.16583,-0.169813
2023-01-02 20:01:00,-2.19779,-0.183219
2023-01-02 20:02:00,-2.22634,-0.18024
2023-01-02 20:03:00,-2.27316,-0.162366
2023-01-02 20:04:00,-2.26403,-0.123637
2023-01-02 20:05:00,-2.25489,-0.141511
2023-01-02 20:06:00,-2.31197,-0.154918
2023-01-02 20:07:00,-2.32567,-0.18322
2023-01-02 20:08:00,-2.2526,-0.126615
2023-01-02 20:09:00,-2.22749,-0.196627
2023-01-02 20:10:00,-2.22863,-0.181731
2023-01-02 20:11:00,-2.23548,-0.180241
2023-01-02 20:12:00,-2.23206,-0.178752
2023-01-02 20:13:00,-2.2469,-0.174283
2023-01-02 20:14:00,-2.27543,-0.140022
2023-01-02 20:15:00,-2.2937,-0.165344
2023-01-02 20:16:00,-2.27771,-0.151938
2023-01-02 20:17:00,-2.34735,-0.17875
2023-01-02 20:18:00,-2.34278,-0.177261
2023-01-02 20:19:00,-2.28798,-0.172792
2023-01-02 20:20:00,-2.29255,-0.186198
2023-01-02 20:21:00,-2.19094,-0.135552
2023-01-02 20:22:00,-2.15212,-0.174281
2023-01-02 20:23:00,-2.14755,-0.17875
2023-01-02 20:24:00,-2.16239,-0.196625
2023-01-02 20:25:00,-2.12815,-0.143
2023-01-02 20:26:00,-2.06991,-0.113208
2023-01-02 20:27:00,-1.96373,-0.129594
2023-01-02 20:28:00,-1.91577,-0.148958
2023-01-02 20:29:00,-1.95345,-0.205562
2023-01-02 20:30:00,-1.98085,-0.151937
2023-01-02 20:31:00,-1.9329,-0.0640519
2023-01-02 20:32:00,-1.92948,-0.102781
2023-01-02 20:33:00,-1.95118,-0.101292
2023-01-02 20:34:00,-1.99,-0.122146
2023-01-02 20:35:00,-2.0585,-0.114698
2023-01-02 20:36:00,-2.08932,-0.0431979
2023-01-02 20:37:00,-2.11444,-0.0461771
2023-01-02 20:38:00,-2.12814,-0.0700104
2023-01-02 20:39:00,-2.12014,-0.0923538
2023-01-02 20:40:00,-2.13727,-0.117676
2023-01-02 20:41:00,-2.16237,-0.107249
2023-01-02 20:42:00,-2.14524,-0.113207
2023-01-02 20:43:00,-2.12355,-0.159384
2023-01-02 20:44:00,-2.13155,-0.159384
2023-01-02 20:45:00,-2.12012,-0.159383
2023-01-02 20:46:00,-2.09843,-0.169811
2023-01-02 20:47:00,-2.09501,-0.169811
2023-01-02 20:48:00,-2.07561,-0.166832
2023-01-02 20:49:00,-2.00939,-0.159384
2023-01-02 20:50:00,-1.96829,-0.114697
2023-01-02 20:51:00,-1.91348,-0.169811
2023-01-02 20:52:00,-1.93518,-0.178749
2023-01-02 20:53:00,-1.91576,-0.165342
2023-01-02 20:54:00,-1.90092,-0.162362
2023-01-02 20:55:00,-1.93174,-0.156404
2023-01-02 20:56:00,-1.88035,-0.13108
2023-01-02 20:57:00,-1.83125,-0.122143
2023-01-02 20:58:00,-1.82213,-0.154913
2023-01-02 20:59:00,-1.85295,-0.169809
2023-01-02 21:00:00,-1.8461,-0.160872
2023-01-02 21:01:00,-1.82326,-0.16534
2023-01-02 21:02:00,-1.80272,-0.172788
2023-01-02 21:03:00,-1.8244,-0.175767
2023-01-02 21:04:00,-1.87464,-0.172788
2023-01-02 21:05:00,-1.92145,-0.151934
2023-01-02 21:06:00,-1.92945,-0.163851
2023-01-02 21:07:00,-1.95799,-0.165341
2023-01-02 21:08:00,-2.03678,-0.172789
2023-01-02 21:09:00,-2.12811,-0.157893
2023-01-02 21:10:00,-2.15665,-0.151935
2023-01-02 21:11:00,-2.18633,-0.145976
2023-01-02 21:12:00,-2.19432,-0.163851
2023-01-02 21:13:00,-2.19318,-0.163851
2023-01-02 21:14:00,-2.18746,-0.171298
2023-01-02 21:15:00,-2.16234,-0.178746
2023-01-02 21:16:00,-2.15892,-0.195131
2023-01-02 21:17:00,-2.21601,-0.201089
2023-01-02 21:18:00,-2.17148,-0.177257
2023-01-02 21:19:00,-2.17833,-0.175767
2023-01-02 21:20:00,-2.17262,-0.178746
2023-01-02 21:21:00,-2.15778,-0.184704
2023-01-02 21:22:00,-2.1475,-0.183214
2023-01-02 21:23:00,-2.15777,-0.186193
2023-01-02 21:24:00,-2.17261,-0.180235
2023-01-02 21:25:00,-2.1669,-0.186193
2023-01-02 21:26:00,-2.18746,-0.181725
2023-01-02 21:27:00,-2.18289,-0.183214
2023-01-02 21:28:00,-2.23426,-0.180235
2023-01-02 21:29:00,-2.20115,-0.174276
2023-01-02 21:30:00,-2.22627,-0.165339
2023-01-02 21:31:00,-2.21943,-0.134059
2023-01-02 21:32:00,-2.20573,-0.102779
2023-01-02 21:33:00,-2.22171,-0.137038
2023-01-02 21:34:00,-2.19774,-0.13257
2023-01-02 21:35:00,-2.17147,-0.171298
2023-01-02 21:36:00,-2.15777,-0.175766
2023-01-02 21:37:00,-2.15206,-0.177256
2023-01-02 21:38:00,-2.12808,-0.174276
2023-01-02 21:39:00,-2.13265,-0.178745
2023-01-02 21:40:00,-2.1532,-0.186193
2023-01-02 21:41:00,-2.21942,-0.201088
2023-01-02 21:42:00,-2.27879,-0.177256
2023-01-02 21:43:00,-2.33359,-0.116184
2023-01-02 21:44:00,-2.33472,-0.0312803
2023-01-02 21:45:00,-2.28791,-0.0283012
2023-01-02 21:46:00,-2.29133,-0.0908616
2023-01-02 21:47:00,-2.27192,-0.131079
2023-01-02 21:48:00,-2.23767,-0.140016
2023-01-02 21:49:00,-2.24338,-0.160869
2023-01-02 21:50:00,-2.26735,-0.123631
2023-01-02 21:51:00,-2.34955,-0.104267
2023-01-02 21:52:00,-2.35641,-0.0312802
2023-01-02 21:53:00,-2.32558,-0.022343
2023-01-02 21:54:00,-2.32786,-0.0849032
2023-01-02 21:55:00,-2.30731,-0.0849032
2023-01-02 21:56:00,-2.26278,-0.0834135
2023-01-02 21:57:00,-2.19428,-0.148952
2023-01-02 21:58:00,-2.22282,-0.151931
2023-01-02 21:59:00,-2.15317,-0.116183
2023-01-02 22:00:00,-2.0961,-0.166827
2023-01-02 22:01:00,-2.0824,-0.183212
2023-01-02 22:02:00,-2.08354,-0.186191
2023-01-02 22:03:00,-2.06641,-0.180233
2023-01-02 22:04:00,-2.0687,-0.186191
2023-01-02 22:05:00,-2.02874,-0.172785
2023-01-02 22:06:00,-2.00133,-0.178743
2023-01-02 22:07:00,-1.98877,-0.180232
2023-01-02 22:08:00,-2.06869,-0.207044
2023-01-02 22:09:00,-2.16116,-0.171295
2023-01-02 22:10:00,-2.2993,-0.06256
2023-01-02 22:11:00,-2.41575,0.145973
2023-01-02 22:12:00,-2.46484,0.141504
2023-01-02 22:13:00,-2.58014,0.0685178
2023-01-02 22:14:00,-2.61553,0.0402169
2023-01-02 22:15:00,-2.55503,-0.0163847
2023-01-02 22:16:00,-2.4911,-0.0789447
2023-01-02 22:17:00,-2.46485,-0.0997982
2023-01-02 22:18:00,-2.35067,-0.111714
2023-01-02 22:19:00,-2.36437,-0.177253
2023-01-02 22:20:00,-2.32785,-0.171295
2023-01-02 22:21:00,-2.2856,-0.177253
2023-01-02 22:22:00,-2.27305,-0.172785
2023-01-02 22:23:00,-2.27647,-0.171295
2023-01-02 22:24:00,-2.33013,-0.174274
2023-01-02 22:25:00,-2.36438,-0.0878821
2023-01-02 22:26:00,-2.39292,-0.0759657
2023-01-02 22:27:00,-2.38037,-0.03128
2023-01-02 22:28:00,-2.27762,-0.0580914
2023-01-02 22:29:00,-2.17258,-0.122141
2023-01-02 22:30:00,-2.15774,-0.175764
2023-01-02 22:31:00,-2.14289,-0.178742
2023-01-02 22:32:00,-2.08695,-0.18619
2023-01-02 22:33:00,-2.01388,-0.180231
2023-01-02 22:34:00,-1.95565,-0.184699
2023-01-02 22:35:00,-1.9351,-0.198105
2023-01-02 22:36:00,-1.9408,-0.217468
2023-01-02 22:37:00,-1.92483,-0.181721
2023-01-02 22:38:00,-1.93053,-0.178741
2023-01-02 22:39:00,-1.91569,-0.178741
2023-01-02 22:40:00,-1.9077,-0.178741
2023-01-02 22:41:00,-1.94195,-0.174273
2023-01-02 22:42:00,-1.94652,-0.174273
2023-01-02 22:43:00,-1.92597,-0.169805
2023-01-02 22:44:00,-1.87916,-0.162357
2023-01-02 22:45:00,-1.83235,-0.178741
2023-01-02 22:46:00,-1.85861,-0.15193
2023-01-02 22:47:00,-1.85633,-0.141504
2023-01-02 22:48:00,-1.81752,-0.116182
2023-01-02 22:49:00,-1.78669,-0.145973
2023-01-02 22:50:00,-1.71819,-0.0953291
2023-01-02 22:51:00,-1.60517,-0.119162
2023-01-02 22:52:00,-1.53781,-0.147462
2023-01-02 22:53:00,-1.54351,-0.135546
2023-01-02 22:54:00,-1.51841,-0.151931
2023-01-02 22:55:00,-1.52868,-0.148952
2023-01-02 22:56:00,-1.55152,-0.141505
2023-01-02 22:57:00,-1.55494,-0.0863925
2023-01-02 22:58:00,-1.5481,-0.0938402
2023-01-02 22:59:00,-1.62801,-0.0923505
2023-01-02 23:00:00,-1.64513,-0.0789443
2023-01-02 23:01:00,-1.7376,-0.0729862
2023-01-02 23:02:00,-1.7513,-0.0759652
2023-01-02 23:03:00,-1.71705,-0.105756
2023-01-02 23:04:00,-1.68737,-0.116182
2023-01-02 23:05:00,-1.73646,-0.147462
2023-01-02 23:06:00,-1.76614,-0.15342
2023-01-02 23:07:00,-1.78784,-0.159379
2023-01-02 23:08:00,-1.82323,-0.138525
2023-01-02 23:09:00,-1.83008,-0.128099
2023-01-02 23:10:00,-1.81866,-0.142994
2023-01-02 23:11:00,-1.76044,-0.151931
2023-01-02 23:12:00,-1.69307,-0.153419
2023-01-02 23:13:00,-1.70904,-0.169803
2023-01-02 23:14:00,-1.6668,-0.17725
2023-01-02 23:15:00,-1.6394,-0.17874
2023-01-02 23:16:00,-1.71703,-0.17576
2023-01-02 23:17:00,-1.80836,-0.122139
2023-01-02 23:18:00,-1.87457,-0.0744748
2023-01-02 23:19:00,-1.93737,-0.011916
2023-01-02 23:20:00,-1.96362,0.0014895
2023-01-02 23:21:00,-1.9602,0.0014895
2023-01-02 23:22:00,-1.93623,-0.00446851
2023-01-02 23:23:00,-1.94651,-0.0283006
2023-01-02 23:24:00,-1.92482,-0.0834122
2023-01-02 23:25:00,-1.91797,-0.114692
2023-01-02 23:26:00,-1.85176,-0.0968182
2023-01-02 23:27:00,-1.77412,-0.104266
2023-01-02 23:28:00,-1.64511,-0.11916
2023-01-02 23:29:00,-1.52638,-0.119161
2023-01-02 23:30:00,-1.47159,-0.144482
2023-01-02 23:31:00,-1.4556,-0.154909
2023-01-02 23:32:00,-1.41337,-0.159378
2023-01-02 23:33:00,-1.37227,-0.156399
2023-01-02 23:34:00,-1.31176,-0.134057
2023-01-02 23:35:00,-1.28094,-0.140015
2023-01-02 23:36:00,-1.31062,-0.150441
2023-01-02 23:37:00,-1.31519,-0.140014
2023-01-02 23:38:00,-1.33574,-0.137036
2023-01-02 23:39:00,-1.31062,-0.131077
2023-01-02 23:40:00,-1.25011,-0.129588
2023-01-02 23:41:00,-1.26495,-0.134056
2023-01-02 23:42:00,-1.29464,-0.134057
2023-01-02 23:43:00,-1.31176,-0.141504
2023-01-02 23:44:00,-1.36085,-0.138525
2023-01-02 23:45:00,-1.30719,-0.132567
2023-01-02 23:46:00,-1.45789,-0.120651
2023-01-02 23:47:00,-1.51611,-0.132566
2023-01-02 23:48:00,-1.54694,-0.132566
2023-01-02 23:49:00,-1.57777,-0.141504
2023-01-02 23:50:00,-1.71134,-0.162357
2023-01-02 23:51:00,-1.80495,-0.157888
2023-01-02 23:52:00,-1.90769,-0.126608
2023-01-02 23:53:00,-1.95449,-0.11916
2023-01-02 23:54:00,-1.98417,-0.101286
2023-01-02 23:55:00,-1.96362,-0.114691
2023-01-02 23:56:00,-1.93051,-0.129586
2023-01-02 23:57:00,-1.92366,-0.162355
2023-01-02 23:58:00,-1.94193,-0.174271
2023-01-02 23:59:00,-1.96019,-0.177249
2023-01-03 00:00:00,-1.9385,-0.172781
2023-01-03 00:01:00,-1.98759,-0.160865
2023-01-03 00:02:00,-2.00129,-0.14746
2023-01-03 00:03:00,-2.02526,-0.14597
2023-01-03 00:04:00,-1.98645,-0.154907
2023-01-03 00:05:00,-2.00129,-0.17427
2023-01-03 00:06:00,-1.9305,-0.171291
2023-01-03 00:07:00,-1.92366,-0.17576
2023-01-03 00:08:00,-1.81521,-0.156397
2023-01-03 00:09:00,-1.75927,-0.177251
2023-01-03 00:10:00,-1.62227,-0.17874
2023-01-03 00:11:00,-1.51268,-0.174271
2023-01-03 00:12:00,-1.39622,-0.163844
2023-01-03 00:13:00,-1.30489,-0.166823
2023-01-03 00:14:00,-1.26037,-0.174271
2023-01-03 00:15:00,-1.2364,-0.169803
2023-01-03 00:16:00,-1.23982,-0.157886
2023-01-03 00:17:00,-1.25809,-0.160865
2023-01-03 00:18:00,-1.37225,-0.160866
2023-01-03 00:19:00,-1.47044,-0.174271
2023-01-03 00:20:00,-1.59602,-0.14895
2023-01-03 00:21:00,-1.69077,-0.132565
2023-01-03 00:22:00,-1.83005,-0.116181
2023-01-03 00:23:00,-1.9465,-0.0878804
2023-01-03 00:24:00,-1.98075,-0.0521325
2023-01-03 00:25:00,-2.007,-0.0655378
2023-01-03 00:26:00,-1.98417,-0.0789434
2023-01-03 00:27:00,-1.95449,-0.0789435
2023-01-03 00:28:00,-1.93508,-0.11767
2023-01-03 00:29:00,-1.82548,-0.125118
2023-01-03 00:30:00,-1.72845,-0.135544
2023-01-03 00:31:00,-1.69648,-0.141502
2023-01-03 00:32:00,-1.60058,-0.154908
2023-01-03 00:33:00,-1.56177,-0.171292
2023-01-03 00:34:00,-1.65081,-0.174271
2023-01-03 00:35:00,-1.68963,-0.14895
2023-01-03 00:36:00,-1.67022,-0.128097
2023-01-03 00:37:00,-1.64054,-0.134055
2023-01-03 00:38:00,-1.65082,-0.131076
2023-01-03 00:39:00,-1.64168,-0.125118
2023-01-03 00:40:00,-1.6394,-0.138523
2023-01-03 00:41:00,-1.64625,-0.102775
2023-01-03 00:42:00,-1.68848,-0.105754
2023-01-03 00:43:00,-1.73186,-0.0923483
2023-01-03 00:44:00,-1.78894,-0.0863903
2023-01-03 00:45:00,-1.85174,-0.11767
2023-01-03 00:46:00,-1.9111,-0.132565
2023-01-03 00:47:00,-1.91566,-0.138522
2023-01-03 00:48:00,-1.85516,-0.163844
2023-01-03 00:49:00,-1.88028,-0.17725
2023-01-03 00:50:00,-1.8563,-0.190655
2023-01-03 00:51:00,-1.85059,-0.195123
2023-01-03 00:52:00,-1.84831,-0.208529
2023-01-03 00:53:00,-1.8152,-0.196613
2023-01-03 00:54:00,-1.81064,-0.201081
2023-01-03 00:55:00,-1.81978,-0.204061
2023-01-03 00:56:00,-1.89398,-0.181718
2023-01-03 00:57:00,-1.91681,-0.162354
2023-01-03 00:58:00,-1.87799,-0.150438
2023-01-03 00:59:00,-1.86657,-0.175759
2023-01-03 01:00:00,-1.96589,-0.207039
2023-01-03 01:01:00,-2.04808,-0.160864
2023-01-03 01:02:00,-2.06863,-0.138522
2023-01-03 01:03:00,-2.09376,-0.134054
2023-01-03 01:04:00,-2.09947,-0.137033
2023-01-03 01:05:00,-2.06864,-0.141501
2023-01-03 01:06:00,-2.0595,-0.153417
2023-01-03 01:07:00,-2.05379,-0.156395
2023-01-03 01:08:00,-2.00584,-0.166822
2023-01-03 01:09:00,-2.00813,-0.181717
2023-01-03 01:10:00,-2.03439,-0.204059
2023-01-03 01:11:00,-2.0812,-0.184696
2023-01-03 01:12:00,-2.1417,-0.180228
2023-01-03 01:13:00,-2.15312,-0.14597
2023-01-03 01:14:00,-2.15198,-0.0893692
2023-01-03 01:15:00,-2.15655,-0.0953272
2023-01-03 01:16:00,-2.14513,-0.129585
2023-01-03 01:17:00,-2.11773,-0.138522
2023-01-03 01:18:00,-2.06407,-0.153417
2023-01-03 01:19:00,-2.05495,-0.189166
2023-01-03 01:20:00,-2.03326,-0.160865
2023-01-03 01:21:00,-2.0047,-0.165333
2023-01-03 01:22:00,-2.01041,-0.183207
2023-01-03 01:23:00,-2.04124,-0.17427
2023-01-03 01:24:00,-2.08462,-0.151927
2023-01-03 01:25:00,-2.08805,-0.148949
2023-01-03 01:26:00,-2.05608,-0.135543
2023-01-03 01:27:00,-2.04695,-0.137033
2023-01-03 01:28:00,-2.00129,-0.150439
2023-01-03 01:29:00,-1.90996,-0.181718
2023-01-03 01:30:00,-1.86885,-0.189165
2023-01-03 01:31:00,-1.85972,-0.199591
2023-01-03 01:32:00,-1.85744,-0.218954
2023-01-03 01:33:00,-1.83118,-0.201081
2023-01-03 01:34:00,-1.81749,-0.212997
2023-01-03 01:35:00,-1.82091,-0.218955
2023-01-03 01:36:00,-1.80378,-0.196612
2023-01-03 01:37:00,-1.79693,-0.207039
2023-01-03 01:38:00,-1.81635,-0.212997
2023-01-03 01:39:00,-1.8152,-0.202571
2023-01-03 01:40:00,-1.79009,-0.212997
2023-01-03 01:41:00,-1.77867,-0.210018
2023-01-03 01:42:00,-1.7741,-0.212997
2023-01-03 01:43:00,-1.733,-0.210018
2023-01-03 01:44:00,-1.71703,-0.217466
2023-01-03 01:45:00,-1.72045,-0.217466
2023-01-03 01:46:00,-1.72045,-0.208529
2023-01-03 01:47:00,-1.73758,-0.195124
2023-01-03 01:48:00,-1.78667,-0.17874
2023-01-03 01:49:00,-1.8917,-0.187677
2023-01-03 01:50:00,-1.86886,-0.184697
2023-01-03 01:51:00,-1.84601,-0.17129
2023-01-03 01:52:00,-1.8346,-0.160864
2023-01-03 01:53:00,-1.77866,-0.187675
2023-01-03 01:54:00,-1.8072,-0.177249
2023-01-03 01:55:00,-1.84374,-0.17427
2023-01-03 01:56:00,-1.88826,-0.192144
2023-01-03 01:57:00,-1.87685,-0.187675
2023-01-03 01:58:00,-1.87685,-0.192144
2023-01-03 01:59:00,-1.90196,-0.192144
2023-01-03 02:00:00,-1.85173,-0.193633
2023-01-03 02:01:00,-1.8346,-0.192143
2023-01-03 02:02:00,-1.85515,-0.199591
2023-01-03 02:03:00,-1.91109,-0.214486
2023-01-03 02:04:00,-1.87913,-0.201081
2023-01-03 02:05:00,-1.91566,-0.218954
2023-01-03 02:06:00,-1.92479,-0.223422
2023-01-03 02:07:00,-1.95218,-0.214485
2023-01-03 02:08:00,-2.00355,-0.211505
2023-01-03 02:09:00,-2.10402,-0.168311
2023-01-03 02:10:00,-2.11886,-0.135543
2023-01-03 02:11:00,-2.08233,-0.147459
2023-01-03 02:12:00,-1.9853,-0.162354
2023-01-03 02:13:00,-1.87912,-0.177248
2023-01-03 02:14:00,-1.76267,-0.19959
2023-01-03 02:15:00,-1.71929,-0.207038
2023-01-03 02:16:00,-1.70788,-0.20108
2023-01-03 02:17:00,-1.71017,-0.210017
2023-01-03 02:18:00,-1.72387,-0.20406
2023-01-03 02:19:00,-1.7604,-0.193633
2023-01-03 02:20:00,-1.78894,-0.166822
2023-01-03 02:21:00,-1.81177,-0.198102
2023-01-03 02:22:00,-1.79464,-0.205548
2023-01-03 02:23:00,-1.77866,-0.204059
2023-01-03 02:24:00,-1.80949,-0.205549
2023-01-03 02:25:00,-1.86086,-0.221933
2023-01-03 02:26:00,-1.96475,-0.20257
2023-01-03 02:27:00,-2.01498,-0.154906
2023-01-03 02:28:00,-2.06292,-0.135543
2023-01-03 02:29:00,-2.08118,-0.135542
2023-01-03 02:30:00,-2.10858,-0.14299
2023-01-03 02:31:00,-2.1394,-0.135542
2023-01-03 02:32:00,-2.15424,-0.125115
2023-01-03 02:33:00,-2.14853,-0.104263
2023-01-03 02:34:00,-2.15652,-0.105752
2023-01-03 02:35:00,-2.15081,-0.123626
2023-01-03 02:36:00,-2.1451,-0.122137
2023-01-03 02:37:00,-2.14397,-0.0997948
2023-01-03 02:38:00,-2.15539,-0.108732
2023-01-03 02:39:00,-2.13599,-0.132564
2023-01-03 02:40:00,-2.12229,-0.107243
2023-01-03 02:41:00,-2.07663,-0.105753
2023-01-03 02:42:00,-2.1143,-0.131074
2023-01-03 02:43:00,-2.12229,-0.132564
2023-01-03 02:44:00,-2.11087,-0.134053
2023-01-03 02:45:00,-2.08348,-0.135543
2023-01-03 02:46:00,-2.05722,-0.134054
2023-01-03 02:47:00,-2.0184,-0.135543
2023-01-03 02:48:00,-1.96245,-0.137032
2023-01-03 02:49:00,-1.92249,-0.153416
2023-01-03 02:50:00,-1.90195,-0.181716
2023-01-03 02:51:00,-1.90081,-0.202569
2023-01-03 02:52:00,-1.87798,-0.212996
2023-01-03 02:53:00,-1.84716,-0.218954
2023-01-03 02:54:00,-1.80948,-0.223422
2023-01-03 02:55:00,-1.80834,-0.230869
2023-01-03 02:56:00,-1.83118,-0.227892
2023-01-03 02:57:00,-1.82204,-0.221933
2023-01-03 02:58:00,-1.79693,-0.223423
2023-01-03 02:59:00,-1.7467,-0.223423
2023-01-03 03:00:00,-1.71587,-0.224911
2023-01-03 03:01:00,-1.6839,-0.224911
2023-01-03 03:02:00,-1.65422,-0.226401
2023-01-03 03:03:00,-1.71587,-0.223422
2023-01-03 03:04:00,-1.71472,-0.187674
2023-01-03 03:05:00,-1.68162,-0.162353
2023-01-03 03:06:00,-1.71244,-0.138522
2023-01-03 03:07:00,-1.65879,-0.128096
2023-01-03 03:08:00,-1.61312,-0.129585
2023-01-03 03:09:00,-1.60627,-0.134053
2023-01-03 03:10:00,-1.61654,-0.137031
2023-01-03 03:11:00,-1.70101,-0.137031
2023-01-03 03:12:00,-1.74212,-0.128095
2023-01-03 03:13:00,-1.73641,-0.134053
2023-01-03 03:14:00,-1.76039,-0.134053
2023-01-03 03:15:00,-1.79235,-0.151927
2023-01-03 03:16:00,-1.79235,-0.144479
2023-01-03 03:17:00,-1.80034,-0.150437
2023-01-03 03:18:00,-1.84829,-0.153416
2023-01-03 03:19:00,-1.85628,-0.144479
2023-01-03 03:20:00,-1.86313,-0.151927
2023-01-03 03:21:00,-1.862,-0.14448
2023-01-03 03:22:00,-1.92594,-0.17576
2023-01-03 03:23:00,-1.92593,-0.17278
2023-01-03 03:24:00,-1.91794,-0.193633
2023-01-03 03:25:00,-1.93162,-0.193631
2023-01-03 03:26:00,-2.01839,-0.172779
2023-01-03 03:27:00,-2.02866,-0.159373
2023-01-03 03:28:00,-2.05034,-0.148946
2023-01-03 03:29:00,-2.05606,-0.144478
2023-01-03 03:30:00,-2.04921,-0.157884
2023-01-03 03:31:00,-2.03323,-0.208526
2023-01-03 03:32:00,-2.04693,-0.220442
2023-01-03 03:33:00,-2.05949,-0.218953
2023-01-03 03:34:00,-2.0595,-0.214485
2023-01-03 03:35:00,-2.03553,-0.186186
2023-01-03 03:36:00,-1.96703,-0.190654
2023-01-03 03:37:00,-1.92024,-0.221935
2023-01-03 03:38:00,-1.88941,-0.211508
2023-01-03 03:39:00,-1.80493,-0.217466
2023-01-03 03:40:00,-1.78552,-0.218955
2023-01-03 03:41:00,-1.78208,-0.224912
2023-01-03 03:42:00,-1.74555,-0.221932
2023-01-03 03:43:00,-1.73184,-0.218952
2023-01-03 03:44:00,-1.75239,-0.212995
2023-01-03 03:45:00,-1.76838,-0.220443
2023-01-03 03:46:00,-1.78437,-0.215975
2023-01-03 03:47:00,-1.79921,-0.223422
2023-01-03 03:48:00,-1.76953,-0.217465
2023-01-03 03:49:00,-1.72272,-0.220443
2023-01-03 03:50:00,-1.72614,-0.220443
2023-01-03 03:51:00,-1.76267,-0.204058
2023-01-03 03:52:00,-1.7775,-0.208525
2023-01-03 03:53:00,-1.81518,-0.184694
2023-01-03 03:54:00,-1.82774,-0.196611
2023-01-03 03:55:00,-1.83118,-0.20257
2023-01-03 03:56:00,-1.86999,-0.177249
2023-01-03 03:57:00,-1.87799,-0.181717
2023-01-03 03:58:00,-1.88826,-0.204059
2023-01-03 03:59:00,-1.96474,-0.189164
2023-01-03 04:00:00,-2.0104,-0.144479
2023-01-03 04:01:00,-2.00926,-0.140011
2023-01-03 04:02:00,-2.01726,-0.132564
2023-01-03 04:03:00,-2.01611,-0.11469
2023-01-03 04:04:00,-2.02638,-0.128095
2023-01-03 04:05:00,-2.03322,-0.131073
2023-01-03 04:06:00,-2.07202,-0.126604
2023-01-03 04:07:00,-2.05148,-0.0983043
2023-01-03 04:08:00,-2.02979,-0.120647
2023-01-03 04:09:00,-1.98755,-0.150436
2023-01-03 04:10:00,-1.92477,-0.171289
2023-01-03 04:11:00,-1.88367,-0.187673
2023-01-03 04:12:00,-1.8597,-0.201079
2023-01-03 04:13:00,-1.76152,-0.187673
2023-01-03 04:14:00,-1.70558,-0.19512
2023-01-03 04:15:00,-1.73641,-0.207037
2023-01-03 04:16:00,-1.70331,-0.211506
2023-01-03 04:17:00,-1.66107,-0.199591
2023-01-03 04:18:00,-1.64509,-0.198101
2023-01-03 04:19:00,-1.62909,-0.172779
2023-01-03 04:20:00,-1.61425,-0.159373
2023-01-03 04:21:00,-1.64849,-0.154904
2023-01-03 04:22:00,-1.67704,-0.154904
2023-01-03 04:23:00,-1.67134,-0.134053
2023-01-03 04:24:00,-1.66564,-0.128095
2023-01-03 04:25:00,-1.67706,-0.135543
2023-01-03 04:26:00,-1.64852,-0.157886
2023-01-03 04:27:00,-1.62682,-0.157885
2023-01-03 04:28:00,-1.68048,-0.162354
2023-01-03 04:29:00,-1.76154,-0.184696
2023-01-03 04:30:00,-1.84373,-0.157885
2023-01-03 04:31:00,-1.88369,-0.154906
2023-01-03 04:32:00,-1.89282,-0.156395
2023-01-03 04:33:00,-1.90765,-0.137032
2023-01-03 04:34:00,-1.84486,-0.107242
2023-01-03 04:35:00,-1.75468,-0.129584
2023-01-03 04:36:00,-1.76153,-0.193632
2023-01-03 04:37:00,-1.84259,-0.198101
2023-01-03 04:38:00,-1.83117,-0.144479
2023-01-03 04:39:00,-1.82089,-0.116179
2023-01-03 04:40:00,-1.85628,-0.132564
2023-01-03 04:41:00,-1.87341,-0.140011
2023-01-03 04:42:00,-1.85172,-0.145969
2023-01-03 04:43:00,-1.88255,-0.150438
2023-01-03 04:44:00,-1.90424,-0.137032
2023-01-03 04:45:00,-1.92136,-0.156395
2023-01-03 04:46:00,-1.94191,-0.14299
2023-01-03 04:47:00,-1.98415,-0.174269
2023-01-03 04:48:00,-1.94533,-0.187674
2023-01-03 04:49:00,-1.87683,-0.171289
2023-01-03 04:50:00,-1.82773,-0.1981
2023-01-03 04:51:00,-1.85056,-0.192142
2023-01-03 04:52:00,-1.82203,-0.162353
2023-01-03 04:53:00,-1.8266,-0.1698
2023-01-03 04:54:00,-1.83345,-0.157885
2023-01-03 04:55:00,-1.80491,-0.150437
2023-01-03 04:56:00,-1.77409,-0.166822
2023-01-03 04:57:00,-1.78893,-0.196612
2023-01-03 04:58:00,-1.87112,-0.214485
2023-01-03 04:59:00,-1.88824,-0.187673
2023-01-03 05:00:00,-1.89966,-0.178737
2023-01-03 05:01:00,-1.89167,-0.172779
2023-01-03 05:02:00,-1.87227,-0.151927
2023-01-03 05:03:00,-1.82889,-0.157885
2023-01-03 05:04:00,-1.81062,-0.183206
2023-01-03 05:05:00,-1.80719,-0.1981
2023-01-03 05:06:00,-1.85171,-0.217463
2023-01-03 05:07:00,-1.90879,-0.162353
2023-01-03 05:08:00,-1.95446,-0.125116
2023-01-03 05:09:00,-1.97159,-0.144479
2023-01-03 05:10:00,-1.99557,-0.153417
2023-01-03 05:11:00,-2.00242,-0.135543
2023-01-03 05:12:00,-2.01954,-0.148948
2023-01-03 05:13:00,-2.02411,-0.178738
2023-01-03 05:14:00,-2.03895,-0.189164
2023-01-03 05:15:00,-2.04009,-0.17278
2023-01-03 05:16:00,-2.0104,-0.132563
2023-01-03 05:17:00,-1.92478,-0.168311
2023-01-03 05:18:00,-1.92135,-0.184695
2023-01-03 05:19:00,-1.88825,-0.195122
2023-01-03 05:20:00,-1.88483,-0.198101
2023-01-03 05:21:00,-1.86771,-0.205549
2023-01-03 05:22:00,-1.81862,-0.204059
2023-01-03 05:23:00,-1.82203,-0.210016
2023-01-03 05:24:00,-1.81746,-0.207036
2023-01-03 05:25:00,-1.80718,-0.22342
2023-01-03 05:26:00,-1.81517,-0.236825
2023-01-03 05:27:00,-1.81061,-0.229378
2023-01-03 05:28:00,-1.80148,-0.259168
2023-01-03 05:29:00,-1.81518,-0.260658
2023-01-03 05:30:00,-1.86998,-0.265127
2023-01-03 05:31:00,-1.87911,-0.218952
2023-01-03 05:32:00,-1.88709,-0.187672
2023-01-03 05:33:00,-1.89735,-0.16533
2023-01-03 05:34:00,-1.88937,-0.162351
2023-01-03 05:35:00,-1.89051,-0.153415
2023-01-03 05:36:00,-1.88366,-0.159372
2023-01-03 05:37:00,-1.88366,-0.160862
2023-01-03 05:38:00,-1.88253,-0.184694
2023-01-03 05:39:00,-1.84143,-0.207036
2023-01-03 05:40:00,-1.86883,-0.235336
2023-01-03 05:41:00,-1.83345,-0.224911
2023-01-03 05:42:00,-1.79464,-0.214485
2023-01-03 05:43:00,-1.76496,-0.181717
2023-01-03 05:44:00,-1.73871,-0.17427
2023-01-03 05:45:00,-1.71016,-0.178738
2023-01-03 05:46:00,-1.73642,-0.178738
2023-01-03 05:47:00,-1.69303,-0.184695
2023-01-03 05:48:00,-1.68389,-0.183205
2023-01-03 05:49:00,-1.68274,-0.16533
2023-01-03 05:50:00,-1.72042,-0.162352
2023-01-03 05:51:00,-1.72727,-0.156394
2023-01-03 05:52:00,-1.72498,-0.169799
2023-01-03 05:53:00,-1.73639,-0.160861
2023-01-03 05:54:00,-1.7227,-0.157883
2023-01-03 05:55:00,-1.73526,-0.175757
2023-01-03 05:56:00,-1.72727,-0.178736
2023-01-03 05:57:00,-1.75581,-0.184694
2023-01-03 05:58:00,-1.7832,-0.180225
2023-01-03 05:59:00,-1.81061,-0.183205
2023-01-03 06:00:00,-1.84828,-0.180226
2023-01-03 06:01:00,-1.86654,-0.183204
2023-01-03 06:02:00,-1.87111,-0.183205
2023-01-03 06:03:00,-1.82773,-0.177247
2023-01-03 06:04:00,-1.82773,-0.181715
2023-01-03 06:05:00,-1.87797,-0.190652
2023-01-03 06:06:00,-1.89395,-0.177247
2023-01-03 06:07:00,-1.89167,-0.151927
2023-01-03 06:08:00,-1.89281,-0.159374
2023-01-03 06:09:00,-1.9419,-0.14299
2023-01-03 06:10:00,-1.92934,-0.107242
2023-01-03 06:11:00,-1.88939,-0.0938368
2023-01-03 06:12:00,-1.88482,-0.105753
2023-01-03 06:13:00,-1.88368,-0.150437
2023-01-03 06:14:00,-1.84944,-0.125116
2023-01-03 06:15:00,-1.81519,-0.119158
2023-01-03 06:16:00,-1.8129,-0.153416
2023-01-03 06:17:00,-1.76723,-0.14299
2023-01-03 06:18:00,-1.69074,-0.126605
2023-01-03 06:19:00,-1.57658,-0.126605
2023-01-03 06:20:00,-1.47041,-0.129584
2023-01-03 06:21:00,-1.36881,-0.128095
2023-01-03 06:22:00,-1.19984,-0.125115
2023-01-03 06:23:00,-0.871056,-0.122137
2023-01-03 06:24:00,-0.422399,-0.135542
2023-01-03 06:25:00,-0.0319652,-0.178736
2023-01-03 06:26:00,0.356186,-0.1698
2023-01-03 06:27:00,0.712374,-0.156395
2023-01-03 06:28:00,1.09824,-0.101284
2023-01-03 06:29:00,1.49096,-0.096816
2023-01-03 06:30:00,1.79349,-0.108732
2023-01-03 06:31:00,1.79235,-0.0893683
2023-01-03 06:32:00,1.62796,-0.0893685
2023-01-03 06:33:00,1.68276,-0.0893686
2023-01-03 06:34:00,1.95445,-0.0893681
2023-01-03 06:35:00,2.30607,-0.0893681
2023-01-03 06:36:00,2.83463,-0.0923466
2023-01-03 06:37:00,3.40772,-0.108731
2023-01-03 06:38:00,4.0402,-0.0938367
2023-01-03 06:39:00,4.79939,-0.0893684
2023-01-03 06:40:00,5.64876,-0.0968159
2023-01-03 06:41:00,6.51981,-0.0908579
2023-01-03 06:42:00,7.73336,-0.0893684
2023-01-03 06:43:00,9.17637,-0.0893685
2023-01-03 06:44:00,10.3694,-0.0893683
2023-01-03 06:45:00,11.2518,-0.0893681
2023-01-03 06:46:00,12.1685,-0.0893679
2023-01-03 06:47:00,13.6126,-0.0893678
2023-01-03 06:48:00,15.8924,-0.0834099
2023-01-03 06:49:00,18.5534,-0.0282997
2023-01-03 06:50:00,20.7831,0.0640468
2023-01-03 06:51:00,22.6142,0.113199
2023-01-03 06:52:00,24.3986,0.207035
2023-01-03 06:53:00,26.3166,0.643451
2023-01-03 06:54:00,28.7849,4.64418
2023-01-03 06:55:00,31.9026,9.06195
2023-01-03 06:56:00,34.2533,14.2766
2023-01-03 06:57:00,36.4075,17.5624
2023-01-03 06:58:00,38.5537,10.7227
2023-01-03 06:59:00,40.0686,5.4321
2023-01-03 07:00:00,42.9991,5.46486
2023-01-03 07:01:00,46.8648,5.90875
2023-01-03 07:02:00,48.9882,7.19714
2023-01-03 07:03:00,49.7806,6.39582
2023-01-03 07:04:00,52.2885,7.43543
2023-01-03 07:05:00,56.7604,15.0392
2023-01-03 07:06:00,65.1432,43.7204
2023-01-03 07:07:00,72.6182,101.111
2023-01-03 07:08:00,78.7954,169.942
2023-01-03 07:09:00,85.0368,219.645
2023-01-03 07:10:00,88.8037,233.783
2023-01-03 07:11:00,91.9206,243.399
2023-01-03 07:12:00,93.6653,244.1
2023-01-03 07:13:00,90.3636,208.82
2023-01-03 07:14:00,89.1351,185.681
2023-01-03 07:15:00,92.6923,190.127
2023-01-03 07:16:00,100.661,219.544
2023-01-03 07:17:00,108.535,248.698
2023-01-03 07:18:00,115.852,277.02
2023-01-03 07:19:00,115.149,259.127
2023-01-03 07:20:00,121.409,279.166
2023-01-03 07:21:00,125.38,285.707
2023-01-03 07:22:00,126.835,280.016
2023-01-03 07:23:00,127.115,267.57
2023-01-03 07:24:00,134.0,289.131
2023-01-03 07:25:00,145.359,335.648
2023-01-03 07:26:00,149.659,344.984
2023-01-03 07:27:00,157.819,373.946
2023-01-03 07:28:00,162.579,386.73
2023-01-03 07:29:00,166.512,397.168
2023-01-03 07:30:00,164.875,380.392
2023-01-03 07:31:00,169.652,392.414
2023-01-03 07:32:00,171.631,389.538
2023-01-03 07:33:00,172.87,383.87
2023-01-03 07:34:00,177.009,392.971
2023-01-03 07:35:00,177.777,387.17
2023-01-03 07:36:00,177.724,377.433
2023-01-03 07:37:00,185.621,402.845
2023-01-03 07:38:00,183.494,386.466
2023-01-03 07:39:00,179.661,361.698
2023-01-03 07:40:00,182.826,367.256
2023-01-03 07:41:00,184.673,366.787
2023-01-03 07:42:00,188.59,373.509
2023-01-03 07:43:00,194.169,386.034
2023-01-03 07:44:00,203.813,413.623
2023-01-03 07:45:00,213.154,439.096
2023-01-03 07:46:00,219.918,455.147
2023-01-03 07:47:00,228.763,480.575
2023-01-03 07:48:00,231.516,484.224
2023-01-03 07:49:00,229.811,471.924
2023-01-03 07:50:00,228.028,458.043
2023-01-03 07:51:00,229.703,455.878
2023-01-03 07:52:00,227.929,442.139
2023-01-03 07:53:00,229.624,440.13
2023-01-03 07:54:00,232.488,442.151
2023-01-03 07:55:00,234.425,441.918
2023-01-03 07:56:00,235.93,440.721
2023-01-03 07:57:00,237.142,438.24
2023-01-03 07:58:00,239.351,439.422
2023-01-03 07:59:00,238.576,431.435
2023-01-03 08:00:00,237.525,422.973
2023-01-03 08:01:00,240.38,428.052
2023-01-03 08:02:00,237.581,416.933
2023-01-03 08:03:00,238.393,418.048
2023-01-03 08:04:00,234.552,405.06
2023-01-03 08:05:00,234.56,402.006
2023-01-03 08:06:00,236.454,404.567
2023-01-03 08:07:00,245.828,428.648
2023-01-03 08:08:00,243.632,419.174
2023-01-03 08:09:00,240.333,406.323
2023-01-03 08:10:00,247.975,423.786
2023-01-03 08:11:00,255.198,440.334
2023-01-03 08:12:00,260.031,448.051
2023-01-03 08:13:00,281.255,500.074
2023-01-03 08:14:00,289.52,516.845
2023-01-03 08:15:00,295.987,529.206
2023-01-03 08:16:00,295.793,523.497
2023-01-03 08:17:00,278.252,470.924
2023-01-03 08:18:00,306.279,539.847
2023-01-03 08:19:00,316.935,561.401
2023-01-03 08:20:00,327.564,583.838
2023-01-03 08:21:00,334.216,596.175
2023-01-03 08:22:00,341.028,610.722
2023-01-03 08:23:00,337.856,600.494
2023-01-03 08:24:00,314.868,539.046
2023-01-03 08:25:00,328.251,566.99
2023-01-03 08:26:00,314.402,524.844
2023-01-03 08:27:00,342.225,589.173
2023-01-03 08:28:00,354.046,614.694
2023-01-03 08:29:00,353.355,609.802
2023-01-03 08:30:00,348.081,592.894
2023-01-03 08:31:00,350.996,595.233
2023-01-03 08:32:00,358.807,608.552
2023-01-03 08:33:00,364.476,616.226
2023-01-03 08:34:00,375.646,636.243
2023-01-03 08:35:00,378.563,637.028
2023-01-03 08:36:00,383.819,643.283
2023-01-03 08:37:00,386.109,642.064
2023-01-03 08:38:00,392.311,649.454
2023-01-03 08:39:00,396.616,652.598
2023-01-03 08:40:00,394.198,641.004
2023-01-03 08:41:00,394.334,635.339
2023-01-03 08:42:00,395.639,632.207
2023-01-03 08:43:00,395.137,625.178
2023-01-03 08:44:00,393.83,614.906
2023-01-03 08:45:00,396.772,614.043
2023-01-03 08:46:00,403.684,620.961
2023-01-03 08:47:00,411.632,630.088
2023-01-03 08:48:00,421.155,642.382
2023-01-03 08:49:00,426.888,646.289
2023-01-03 08:50:00,431.985,648.69
2023-01-03 08:51:00,435.123,648.324
2023-01-03 08:52:00,436.894,646.014
2023-01-03 08:53:00,433.654,633.044
2023-01-03 08:54:00,429.158,617.818
2023-01-03 08:55:00,436.193,625.836
2023-01-03 08:56:00,445.549,638.174
2023-01-03 08:57:00,454.442,649.262
2023-01-03 08:58:00,461.733,657.747
2023-01-03 08:59:00,465.152,658.771
2023-01-03 09:00:00,467.457,658.231
2023-01-03 09:01:00,468.639,655.54
2023-01-03 09:02:00,479.135,670.07
2023-01-03 09:03:00,490.477,685.761
2023-01-03 09:04:00,494.589,687.77
2023-01-03 09:05:00,500.49,693.391
2023-01-03 09:06:00,503.975,694.286
2023-01-03 09:07:00,507.688,696.418
2023-01-03 09:08:00,503.845,684.674
2023-01-03 09:09:00,505.81,684.185
2023-01-03 09:10:00,502.191,672.009
2023-01-03 09:11:00,503.22,668.179
2023-01-03 09:12:00,498.862,655.723
2023-01-03 09:13:00,482.017,620.596
2023-01-03 09:14:00,489.675,627.854
2023-01-03 09:15:00,518.051,674.333
2023-01-03 09:16:00,514.873,665.086
2023-01-03 09:17:00,507.943,649.604
2023-01-03 09:18:00,510.099,650.87
2023-01-03 09:19:00,508.906,645.565
2023-01-03 09:20:00,537.111,692.853
2023-01-03 09:21:00,535.546,687.725
2023-01-03 09:22:00,544.075,700.585
2023-01-03 09:23:00,557.353,721.341
2023-01-03 09:24:00,561.575,726.569
2023-01-03 09:25:00,571.72,742.054
2023-01-03 09:26:00,578.892,753.183
2023-01-03 09:27:00,575.312,745.292
2023-01-03 09:28:00,568.928,732.769
2023-01-03 09:29:00,570.755,734.822
2023-01-03 09:30:00,575.693,741.656
2023-01-03 09:31:00,577.862,742.119
2023-01-03 09:32:00,577.908,738.508
2023-01-03 09:33:00,582.985,743.021
2023-01-03 09:34:00,591.571,753.318
2023-01-03 09:35:00,600.812,764.505
2023-01-03 09:36:00,600.959,760.4
2023-01-03 09:37:00,605.244,763.66
2023-01-03 09:38:00,605.044,758.929
2023-01-03 09:39:00,615.373,771.071
2023-01-03 09:40:00,617.207,769.007
2023-01-03 09:41:00,616.365,762.614
2023-01-03 09:42:00,616.362,757.653
2023-01-03 09:43:00,618.685,755.344
2023-01-03 09:44:00,615.869,744.87
2023-01-03 09:45:00,616.801,739.587
2023-01-03 09:46:00,608.756,719.819
2023-01-03 09:47:00,618.305,728.08
2023-01-03 09:48:00,624.698,730.972
2023-01-03 09:49:00,618.051,713.302
2023-01-03 09:50:00,613.642,700.011
2023-01-03 09:51:00,595.724,667.721
2023-01-03 09:52:00,541.439,579.584
2023-01-03 09:53:00,583.888,640.352
2023-01-03 09:54:00,543.328,573.904
2023-01-03 09:55:00,581.399,627.107
2023-01-03 09:56:00,610.629,668.97
2023-01-03 09:57:00,583.005,625.668
2023-01-03 09:58:00,583.996,625.289
2023-01-03 09:59:00,564.012,592.988
2023-01-03 10:00:00,540.265,557.032
2023-01-03 10:01:00,580.319,616.372
2023-01-03 10:02:00,651.766,722.093
2023-01-03 10:03:00,634.783,695.152
2023-01-03 10:04:00,688.054,772.794
2023-01-03 10:05:00,692.229,776.004
2023-01-03 10:06:00,693.16,774.318
2023-01-03 10:07:00,696.126,775.109
2023-01-03 10:08:00,697.534,773.087
2023-01-03 10:09:00,702.196,776.017
2023-01-03 10:10:00,704.931,775.574
2023-01-03 10:11:00,663.246,711.913
2023-01-03 10:12:00,509.37,489.491
2023-01-03 10:13:00,420.036,361.637
2023-01-03 10:14:00,469.094,432.73
2023-01-03 10:15:00,596.412,615.807
2023-01-03 10:16:00,660.953,709.324
2023-01-03 10:17:00,708.232,778.052
2023-01-03 10:18:00,722.171,797.662
2023-01-03 10:19:00,711.523,781.806
2023-01-03 10:20:00,707.499,775.075
2023-01-03 10:21:00,696.393,757.764
2023-01-03 10:22:00,697.003,757.973
2023-01-03 10:23:00,700.361,760.8
2023-01-03 10:24:00,704.37,764.044
2023-01-03 10:25:00,700.653,756.627
2023-01-03 10:26:00,700.492,754.911
2023-01-03 10:27:00,694.773,746.198
2023-01-03 10:28:00,700.384,752.781
2023-01-03 10:29:00,717.277,774.338
2023-01-03 10:30:00,728.188,787.205
2023-01-03 10:31:00,702.323,749.217
2023-01-03 10:32:00,707.449,754.043
2023-01-03 10:33:00,734.931,788.826
2023-01-03 10:34:00,743.819,797.104
2023-01-03 10:35:00,737.317,784.736
2023-01-03 10:36:00,677.315,700.058
2023-01-03 10:37:00,639.206,645.073
2023-01-03 10:38:00,684.035,702.501
2023-01-03 10:39:00,691.374,708.369
2023-01-03 10:40:00,691.422,705.971
2023-01-03 10:41:00,705.263,721.643
2023-01-03 10:42:00,722.364,740.734
2023-01-03 10:43:00,673.312,670.206
2023-01-03 10:44:00,695.048,694.453
2023-01-03 10:45:00,687.617,680.519
2023-01-03 10:46:00,650.607,627.331
2023-01-03 10:47:00,651.062,626.563
2023-01-03 10:48:00,655.594,632.313
2023-01-03 10:49:00,721.612,720.998
2023-01-03 10:50:00,733.878,737.433
2023-01-03 10:51:00,696.854,690.348
2023-01-03 10:52:00,684.513,676.944
2023-01-03 10:53:00,664.082,651.873
2023-01-03 10:54:00,724.209,733.484
2023-01-03 10:55:00,762.122,785.383
2023-01-03 10:56:00,744.33,762.886
2023-01-03 10:57:00,768.099,795.774
2023-01-03 10:58:00,767.601,796.46
2023-01-03 10:59:00,769.269,798.533
2023-01-03 11:00:00,776.626,807.754
2023-01-03 11:01:00,787.07,819.971
2023-01-03 11:02:00,788.106,822.427
2023-01-03 11:03:00,789.202,823.088
2023-01-03 11:04:00,793.263,826.463
2023-01-03 11:05:00,791.082,822.284
2023-01-03 11:06:00,781.387,809.397
2023-01-03 11:07:00,791.552,821.859
2023-01-03 11:08:00,782.577,808.957
2023-01-03 11:09:00,782.507,808.093
2023-01-03 11:10:00,794.364,822.4
2023-01-03 11:11:00,793.812,820.707
2023-01-03 11:12:00,781.896,804.688
2023-01-03 11:13:00,809.359,839.912
2023-01-03 11:14:00,829.631,864.664
2023-01-03 11:15:00,832.728,867.624
2023-01-03 11:16:00,830.129,862.684
2023-01-03 11:17:00,835.465,867.379
2023-01-03 11:18:00,832.416,861.118
2023-01-03 11:19:00,820.207,842.739
2023-01-03 11:20:00,814.615,831.951
2023-01-03 11:21:00,811.573,825.552
2023-01-03 11:22:00,810.855,821.614
2023-01-03 11:23:00,831.24,842.728
2023-01-03 11:24:00,831.503,838.765
2023-01-03 11:25:00,827.779,828.885
2023-01-03 11:26:00,853.07,856.726
2023-01-03 11:27:00,849.33,848.124
2023-01-03 11:28:00,849.206,844.291
2023-01-03 11:29:00,830.757,818.218
2023-01-03 11:30:00,831.831,815.254
2023-01-03 11:31:00,841.658,821.916
2023-01-03 11:32:00,791.612,752.93
2023-01-03 11:33:00,770.965,720.223
2023-01-03 11:34:00,814.492,765.648
2023-01-03 11:35:00,760.754,687.579
2023-01-03 11:36:00,582.954,454.517
2023-01-03 11:37:00,495.483,337.742
2023-01-03 11:38:00,469.541,296.233
2023-01-03 11:39:00,459.582,275.704
2023-01-03 11:40:00,465.74,277.511
2023-01-03 11:41:00,466.583,273.301
2023-01-03 11:42:00,539.207,361.023
2023-01-03 11:43:00,548.756,372.977
2023-01-03 11:44:00,646.238,498.344
2023-01-03 11:45:00,716.137,592.909
2023-01-03 11:46:00,760.301,654.576
2023-01-03 11:47:00,803.389,714.024
2023-01-03 11:48:00,816.807,738.505
2023-01-03 11:49:00,834.767,768.561
2023-01-03 11:50:00,803.922,737.533
2023-01-03 11:51:00,812.362,755.527
2023-01-03 11:52:00,847.082,804.727
2023-01-03 11:53:00,873.269,843.654
2023-01-03 11:54:00,913.186,898.207
2023-01-03 11:55:00,892.86,875.94
2023-01-03 11:56:00,923.071,914.304
2023-01-03 11:57:00,934.14,926.342
2023-01-03 11:58:00,937.852,928.222
2023-01-03 11:59:00,942.169,928.001
2023-01-03 12:00:00,933.763,909.622
2023-01-03 12:01:00,935.259,901.773
2023-01-03 12:02:00,925.186,877.352
2023-01-03 12:03:00,921.434,861.112
2023-01-03 12:04:00,926.365,856.174
2023-01-03 12:05:00,943.536,865.431
2023-01-03 12:06:00,965.925,880.842
2023-01-03 12:07:00,996.377,903.679
2023-01-03 12:08:00,984.132,872.253
2023-01-03 12:09:00,985.363,854.778
2023-01-03 12:10:00,956.352,798.406
2023-01-03 12:11:00,848.038,646.785
2023-01-03 12:12:00,768.629,532.039
2023-01-03 12:13:00,713.094,449.362
2023-01-03 12:14:00,697.732,417.632
2023-01-03 12:15:00,777.658,502.993
2023-01-03 12:16:00,781.49,495.15
2023-01-03 12:17:00,807.495,518.256
2023-01-03 12:18:00,732.842,418.022
2023-01-03 12:19:00,742.915,423.183
2023-01-03 12:20:00,741.402,416.395
2023-01-03 12:21:00,685.256,344.309
2023-01-03 12:22:00,679.329,335.574
2023-01-03 12:23:00,667.269,321.791
2023-01-03 12:24:00,680.571,340.059
2023-01-03 12:25:00,670.862,332.507
2023-01-03 12:26:00,589.378,238.793
2023-01-03 12:27:00,473.642,105.823
2023-01-03 12:28:00,447.864,80.2161
2023-01-03 12:29:00,460.67,99.8541
2023-01-03 12:30:00,467.617,107.465
2023-01-03 12:31:00,552.773,207.967
2023-01-03 12:32:00,591.479,254.197
2023-01-03 12:33:00,523.919,172.737
2023-01-03 12:34:00,508.917,160.254
2023-01-03 12:35:00,549.576,214.33
2023-01-03 12:36:00,590.093,265.996
2023-01-03 12:37:00,633.861,322.88
2023-01-03 12:38:00,633.021,329.327
2023-01-03 12:39:00,547.344,232.331
2023-01-03 12:40:00,633.958,349.384
2023-01-03 12:41:00,687.544,425.127
2023-01-03 12:42:00,774.442,543.567
2023-01-03 12:43:00,670.164,422.218
2023-01-03 12:44:00,486.596,199.34
2023-01-03 12:45:00,500.2,222.595
2023-01-03 12:46:00,601.339,352.45
2023-01-03 12:47:00,872.054,692.643
2023-01-03 12:48:00,953.287,793.194
2023-01-03 12:49:00,948.572,783.026
2023-01-03 12:50:00,908.516,726.166
2023-01-03 12:51:00,721.442,483.768
2023-01-03 12:52:00,753.124,515.105
2023-01-03 12:53:00,744.446,496.907
2023-01-03 12:54:00,644.56,363.128
2023-01-03 12:55:00,606.752,307.565
2023-01-03 12:56:00,605.325,297.528
2023-01-03 12:57:00,626.636,315.48
2023-01-03 12:58:00,676.956,371.404
2023-01-03 12:59:00,630.065,305.852
2023-01-03 13:00:00,563.509,218.915
2023-01-03 13:01:00,509.824,147.624
2023-01-03 13:02:00,490.19,120.794
2023-01-03 13:03:00,485.316,112.96
2023-01-03 13:04:00,478.905,105.516
2023-01-03 13:05:00,442.911,63.7289
2023-01-03 13:06:00,426.161,45.062
2023-01-03 13:07:00,456.008,81.2589
2023-01-03 13:08:00,496.634,129.803
2023-01-03 13:09:00,516.207,152.648
2023-01-03 13:10:00,537.772,177.753
2023-01-03 13:11:00,548.761,191.245
2023-01-03 13:12:00,503.929,137.177
2023-01-03 13:13:00,498.822,136.05
2023-01-03 13:14:00,485.933,125.218
2023-01-03 13:15:00,460.145,99.9312
2023-01-03 13:16:00,462.646,110.864
2023-01-03 13:17:00,477.995,137.073
2023-01-03 13:18:00,533.276,213.523
2023-01-03 13:19:00,637.841,355.279
2023-01-03 13:20:00,764.203,532.041
2023-01-03 13:21:00,820.854,622.718
2023-01-03 13:22:00,752.945,556.271
2023-01-03 13:23:00,692.294,500.902
2023-01-03 13:24:00,665.942,490.424
2023-01-03 13:25:00,663.931,510.433
2023-01-03 13:26:00,712.895,596.648
2023-01-03 13:27:00,720.945,628.359
2023-01-03 13:28:00,681.841,596.397
2023-01-03 13:29:00,704.168,640.611
2023-01-03 13:30:00,762.023,730.398
2023-01-03 13:31:00,786.326,775.721
2023-01-03 13:32:00,823.335,835.64
2023-01-03 13:33:00,833.023,857.885
2023-01-03 13:34:00,815.166,840.505
2023-01-03 13:35:00,780.943,799.742
2023-01-03 13:36:00,767.2,784.342
2023-01-03 13:37:00,718.178,721.464
2023-01-03 13:38:00,656.248,638.84
2023-01-03 13:39:00,652.963,633.807
2023-01-03 13:40:00,652.218,630.748
2023-01-03 13:41:00,640.835,612.733
2023-01-03 13:42:00,617.284,578.107
2023-01-03 13:43:00,634.949,599.95
2023-01-03 13:44:00,616.245,571.506
2023-01-03 13:45:00,610.298,561.721
2023-01-03 13:46:00,537.799,461.466
2023-01-03 13:47:00,501.124,413.284
2023-01-03 13:48:00,514.419,430.983
2023-01-03 13:49:00,518.319,435.688
2023-01-03 13:50:00,633.133,595.49
2023-01-03 13:51:00,703.723,694.946
2023-01-03 13:52:00,756.581,770.384
2023-01-03 13:53:00,695.099,688.979
2023-01-03 13:54:00,744.666,764.586
2023-01-03 13:55:00,796.669,842.336
2023-01-03 13:56:00,794.207,844.841
2023-01-03 13:57:00,784.567,837.935
2023-01-03 13:58:00,777.608,835.324
2023-01-03 13:59:00,764.34,823.187
2023-01-03 14:00:00,774.202,844.013
2023-01-03 14:01:00,763.168,834.586
2023-01-03 14:02:00,748.248,820.907
2023-01-03 14:03:00,714.734,780.203
2023-01-03 14:04:00,714.915,787.866
2023-01-03 14:05:00,703.244,777.305
2023-01-03 14:06:00,700.37,779.631
2023-01-03 14:07:00,719.581,814.146
2023-01-03 14:08:00,749.085,864.171
2023-01-03 14:09:00,746.448,868.448
2023-01-03 14:10:00,750.19,881.136
2023-01-03 14:11:00,759.106,900.534
2023-01-03 14:12:00,755.577,901.212
2023-01-03 14:13:00,745.713,892.894
2023-01-03 14:14:00,735.751,883.397
2023-01-03 14:15:00,728.405,877.203
2023-01-03 14:16:00,716.471,864.747
2023-01-03 14:17:00,716.71,869.433
2023-01-03 14:18:00,715.511,872.242
2023-01-03 14:19:00,715.459,876.971
2023-01-03 14:20:00,717.173,884.436
2023-01-03 14:21:00,715.902,887.125
2023-01-03 14:22:00,715.087,889.657
2023-01-03 14:23:00,712.05,888.61
2023-01-03 14:24:00,707.601,884.954
2023-01-03 14:25:00,700.403,877.91
2023-01-03 14:26:00,693.385,870.724
2023-01-03 14:27:00,689.887,868.409
2023-01-03 14:28:00,687.627,868.241
2023-01-03 14:29:00,681.141,861.171
2023-01-03 14:30:00,675.025,854.832
2023-01-03 14:31:00,670.835,851.665
2023-01-03 14:32:00,673.575,860.202
2023-01-03 14:33:00,671.759,861.196
2023-01-03 14:34:00,669.62,861.984
2023-01-03 14:35:00,670.178,867.229
2023-01-03 14:36:00,668.105,867.191
2023-01-03 14:37:00,665.089,866.413
2023-01-03 14:38:00,662.864,866.547
2023-01-03 14:39:00,660.426,866.499
2023-01-03 14:40:00,658.669,867.376
2023-01-03 14:41:00,655.957,866.784
2023-01-03 14:42:00,647.394,856.825
2023-01-03 14:43:00,632.134,835.518
2023-01-03 14:44:00,624.026,826.122
2023-01-03 14:45:00,637.18,850.367
2023-01-03 14:46:00,636.525,852.023
2023-01-03 14:47:00,634.123,850.919
2023-01-03 14:48:00,632.502,851.723
2023-01-03 14:49:00,627.822,847.513
2023-01-03 14:50:00,622.11,841.576
2023-01-03 14:51:00,618.159,837.86
2023-01-03 14:52:00,615.441,837.341
2023-01-03 14:53:00,614.066,839.315
2023-01-03 14:54:00,612.674,840.592
2023-01-03 14:55:00,611.422,841.428
2023-01-03 14:56:00,607.883,838.181
2023-01-03 14:57:00,595.087,818.33
2023-01-03 14:58:00,586.99,806.352
2023-01-03 14:59:00,573.222,783.899
2023-01-03 15:00:00,559.219,762.019
2023-01-03 15:01:00,560.933,766.748
2023-01-03 15:02:00,531.06,716.558
2023-01-03 15:03:00,454.792,584.763
2023-01-03 15:04:00,458.818,595.935
2023-01-03 15:05:00,465.086,607.358
2023-01-03 15:06:00,405.294,502.5
2023-01-03 15:07:00,459.764,599.445
2023-01-03 15:08:00,461.637,600.602
2023-01-03 15:09:00,470.291,615.331
2023-01-03 15:10:00,492.351,654.236
2023-01-03 15:11:00,486.306,643.78
2023-01-03 15:12:00,470.482,618.118
2023-01-03 15:13:00,354.099,406.048
2023-01-03 15:14:00,337.442,382.014
2023-01-03 15:15:00,298.354,314.433
2023-01-03 15:16:00,254.933,240.419
2023-01-03 15:17:00,264.776,260.341
2023-01-03 15:18:00,256.948,246.709
2023-01-03 15:19:00,239.519,214.773
2023-01-03 15:20:00,244.902,224.429
2023-01-03 15:21:00,233.145,199.923
2023-01-03 15:22:00,285.832,297.472
2023-01-03 15:23:00,291.623,306.985
2023-01-03 15:24:00,344.632,407.926
2023-01-03 15:25:00,369.685,455.276
2023-01-03 15:26:00,365.721,448.135
2023-01-03 15:27:00,356.854,428.873
2023-01-03 15:28:00,383.175,479.572
2023-01-03 15:29:00,424.444,557.267
2023-01-03 15:30:00,400.398,507.514
2023-01-03 15:31:00,373.262,454.131
2023-01-03 15:32:00,397.539,504.618
2023-01-03 15:33:00,443.461,595.22
2023-01-03 15:34:00,478.059,664.823
2023-01-03 15:35:00,490.436,689.477
2023-01-03 15:36:00,494.028,696.644
2023-01-03 15:37:00,494.351,697.578
2023-01-03 15:38:00,492.695,695.564
2023-01-03 15:39:00,489.794,691.424
2023-01-03 15:40:00,492.22,699.94
2023-01-03 15:41:00,489.572,698.222
2023-01-03 15:42:00,484.283,691.214
2023-01-03 15:43:00,476.867,680.863
2023-01-03 15:44:00,466.61,665.213
2023-01-03 15:45:00,461.108,660.143
2023-01-03 15:46:00,460.75,666.888
2023-01-03 15:47:00,457.037,666.606
2023-01-03 15:48:00,456.525,675.308
2023-01-03 15:49:00,451.746,674.195
2023-01-03 15:50:00,447.514,674.905
2023-01-03 15:51:00,442.897,674.165
2023-01-03 15:52:00,438.08,672.321
2023-01-03 15:53:00,431.203,665.335
2023-01-03 15:54:00,424.357,657.997
2023-01-03 15:55:00,418.742,653.285
2023-01-03 15:56:00,414.276,651.88
2023-01-03 15:57:00,410.693,651.12
2023-01-03 15:58:00,405.799,646.866
2023-01-03 15:59:00,399.848,640.82
2023-01-03 16:00:00,391.115,627.396
2023-01-03 16:01:00,383.15,616.145
2023-01-03 16:02:00,379.073,614.968
2023-01-03 16:03:00,370.486,602.839
2023-01-03 16:04:00,368.962,608.349
2023-01-03 16:05:00,369.384,618.482
2023-01-03 16:06:00,362.629,610.484
2023-01-03 16:07:00,354.003,598.376
2023-01-03 16:08:00,322.736,525.943
2023-01-03 16:09:00,303.315,486.92
2023-01-03 16:10:00,279.9,434.349
2023-01-03 16:11:00,279.194,443.051
2023-01-03 16:12:00,266.636,418.254
2023-01-03 16:13:00,281.549,470.105
2023-01-03 16:14:00,285.222,489.199
2023-01-03 16:15:00,288.718,508.595
2023-01-03 16:16:00,288.955,520.067
2023-01-03 16:17:00,293.194,543.181
2023-01-03 16:18:00,292.414,550.834
2023-01-03 16:19:00,294.132,567.006
2023-01-03 16:20:00,287.151,557.263
2023-01-03 16:21:00,276.529,536.185
2023-01-03 16:22:00,259.802,496.641
2023-01-03 16:23:00,262.955,518.777
2023-01-03 16:24:00,257.822,514.198
2023-01-03 16:25:00,257.441,524.88
2023-01-03 16:26:00,254.584,526.671
2023-01-03 16:27:00,247.894,514.611
2023-01-03 16:28:00,240.186,499.1
2023-01-03 16:29:00,236.935,499.236
2023-01-03 16:30:00,231.311,490.432
2023-01-03 16:31:00,231.228,499.664
2023-01-03 16:32:00,232.628,513.091
2023-01-03 16:33:00,227.992,505.253
2023-01-03 16:34:00,223.401,497.296
2023-01-03 16:35:00,217.384,484.387
2023-01-03 16:36:00,205.541,450.665
2023-01-03 16:37:00,189.401,400.195
2023-01-03 16:38:00,192.84,424.12
2023-01-03 16:39:00,189.71,420.583
2023-01-03 16:40:00,183.753,406.872
2023-01-03 16:41:00,193.329,453.245
2023-01-03 16:42:00,191.554,453.976
2023-01-03 16:43:00,188.862,451.645
2023-01-03 16:44:00,185.029,445.579
2023-01-03 16:45:00,181.033,439.608
2023-01-03 16:46:00,176.83,432.605
2023-01-03 16:47:00,172.286,424.395
2023-01-03 16:48:00,167.985,417.436
2023-01-03 16:49:00,163.033,407.489
2023-01-03 16:50:00,158.144,397.514
2023-01-03 16:51:00,154.972,395.471
2023-01-03 16:52:00,150.825,388.621
2023-01-03 16:53:00,146.121,380.047
2023-01-03 16:54:00,140.323,365.583
2023-01-03 16:55:00,135.212,354.247
2023-01-03 16:56:00,129.883,341.12
2023-01-03 16:57:00,124.221,325.587
2023-01-03 16:58:00,116.669,299.581
2023-01-03 16:59:00,109.959,277.99
2023-01-03 17:00:00,106.751,273.425
2023-01-03 17:01:00,103.664,269.484
2023-01-03 17:02:00,100.886,266.617
2023-01-03 17:03:00,98.6038,266.507
2023-01-03 17:04:00,96.1372,264.959
2023-01-03 17:05:00,92.1949,253.686
2023-01-03 17:06:00,88.0962,241.689
2023-01-03 17:07:00,83.7055,227.699
2023-01-03 17:08:00,80.1317,218.01
2023-01-03 17:09:00,78.4967,221.67
2023-01-03 17:10:00,76.4437,222.452
2023-01-03 17:11:00,72.4398,209.013
2023-01-03 17:12:00,66.9087,185.674
2023-01-03 17:13:00,69.5896,220.905
2023-01-03 17:14:00,68.9742,231.129
2023-01-03 17:15:00,66.684,228.266
2023-01-03 17:16:00,64.1702,223.007
2023-01-03 17:17:00,60.8235,210.97
2023-01-03 17:18:00,51.2569,145.127
2023-01-03 17:19:00,35.95,34.9306
2023-01-03 17:20:00,30.6663,14.4371
2023-01-03 17:21:00,28.3716,18.1089
2023-01-03 17:22:00,26.4501,22.8027
2023-01-03 17:23:00,26.2515,42.5548
2023-01-03 17:24:00,26.7208,68.2937
2023-01-03 17:25:00,26.7437,91.0148
2023-01-03 17:26:00,28.2508,133.202
2023-01-03 17:27:00,27.5372,148.278
2023-01-03 17:28:00,23.9876,114.364
2023-01-03 17:29:00,18.5849,31.7241
2023-01-03 17:30:00,16.048,3.91615
2023-01-03 17:31:00,14.775,1.49705
2023-01-03 17:32:00,13.405,0.597331
2023-01-03 17:33:00,11.9002,0.207054
2023-01-03 17:34:00,10.4559,0.0819283
2023-01-03 17:35:00,9.28228,-0.0387301
2023-01-03 17:36:00,8.3415,-0.215994
2023-01-03 17:37:00,7.58909,-0.326226
2023-01-03 17:38:00,7.0285,-0.357507
2023-01-03 17:39:00,6.47133,-0.358997
2023-01-03 17:40:00,5.98495,-0.391768
2023-01-03 17:41:00,5.6333,-0.46029
2023-01-03 17:42:00,5.29534,-0.49902
2023-01-03 17:43:00,4.76672,-0.548178
2023-01-03 17:44:00,4.08169,-0.567543
2023-01-03 17:45:00,3.35784,-0.606275
2023-01-03 17:46:00,2.77326,-0.613721
2023-01-03 17:47:00,2.41361,-0.61223
2023-01-03 17:48:00,2.25149,-0.625637
2023-01-03 17:49:00,1.99917,-0.612231
2023-01-03 17:50:00,1.51736,-0.62415
2023-01-03 17:51:00,0.992166,-0.624149
2023-01-03 17:52:00,0.492088,-0.618193
2023-01-03 17:53:00,0.119882,-0.558607
2023-01-03 17:54:00,-0.173543,-0.439436
2023-01-03 17:55:00,-0.430432,-0.354528
2023-01-03 17:56:00,-0.740979,-0.299411
2023-01-03 17:57:00,-1.06409,-0.256212
2023-01-03 17:58:00,-1.31984,-0.217483
2023-01-03 17:59:00,-1.54247,-0.218973
2023-01-03 18:00:00,-1.81991,-0.217483
2023-01-03 18:01:00,-2.0083,-0.19216
2023-01-03 18:02:00,-2.11791,-0.178754
2023-01-03 18:03:00,-2.22638,-0.19514
2023-01-03 18:04:00,-2.4102,-0.250255
2023-01-03 18:05:00,-2.59745,-0.263663
2023-01-03 18:06:00,-2.71961,-0.266642
2023-01-03 18:07:00,-2.73218,-0.265153
2023-01-03 18:08:00,-2.71391,-0.299414
2023-01-03 18:09:00,-2.66482,-0.354531
2023-01-03 18:10:00,-2.77785,-0.35453
2023-01-03 18:11:00,-2.73903,-0.324738
2023-01-03 18:12:00,-2.73561,-0.332187
2023-01-03 18:13:00,-2.79726,-0.306863
2023-01-03 18:14:00,-2.79041,-0.321759
2023-01-03 18:15:00,-2.8749,-0.344103
2023-01-03 18:16:00,-2.79954,-0.348572
2023-01-03 18:17:00,-2.69337,-0.350062
2023-01-03 18:18:00,-2.66026,-0.269623
2023-01-03 18:19:00,-2.67623,-0.296434
2023-01-03 18:20:00,-2.6728,-0.353039
2023-01-03 18:21:00,-2.82808,-0.309842
2023-01-03 18:22:00,-2.77899,-0.253236
2023-01-03 18:23:00,-2.75045,-0.262174
2023-01-03 18:24:00,-2.75046,-0.226424
2023-01-03 18:25:00,-2.70136,-0.250257
2023-01-03 18:26:00,-2.66825,-0.251747
2023-01-03 18:27:00,-2.76529,-0.259195
2023-01-03 18:28:00,-2.74702,-0.254725
2023-01-03 18:29:00,-2.73674,-0.253235
2023-01-03 18:30:00,-2.68422,-0.248766
2023-01-03 18:31:00,-2.79154,-0.256214
2023-01-03 18:32:00,-2.83264,-0.263662
2023-01-03 18:33:00,-2.88401,-0.262172
2023-01-03 18:34:00,-2.88059,-0.23238
2023-01-03 18:35:00,-2.92855,-0.202588
2023-01-03 18:36:00,-2.92742,-0.135556
2023-01-03 18:37:00,-2.91371,-0.116191
2023-01-03 18:38:00,-2.88746,-0.11768
2023-01-03 18:39:00,-2.88631,-0.111722
2023-01-03 18:40:00,-2.83721,-0.128107
2023-01-03 18:41:00,-2.83492,-0.125128
2023-01-03 18:42:00,-2.77784,-0.210036
2023-01-03 18:43:00,-2.77898,-0.220463
2023-01-03 18:44:00,-2.78354,-0.236849
2023-01-03 18:45:00,-2.75842,-0.23238
2023-01-03 18:46:00,-2.67622,-0.229401
2023-01-03 18:47:00,-2.64996,-0.263662
2023-01-03 18:48:00,-2.62485,-0.247277
2023-01-03 18:49:00,-2.53922,-0.224932
2023-01-03 18:50:00,-2.46501,-0.221953
2023-01-03 18:51:00,-2.3554,-0.199609
2023-01-03 18:52:00,-2.27091,-0.174286
2023-01-03 18:53:00,-2.20355,-0.169817
2023-01-03 18:54:00,-2.12819,-0.175775
2023-01-03 18:55:00,-2.06197,-0.186202
2023-01-03 18:56:00,-1.98433,-0.201099
2023-01-03 18:57:00,-1.95465,-0.172796
2023-01-03 18:58:00,-1.88499,-0.126617
2023-01-03 18:59:00,-1.83476,-0.123638
2023-01-03 19:00:00,-1.72287,-0.126617
2023-01-03 19:01:00,-1.70689,-0.105763
2023-01-03 19:02:00,-1.68976,-0.0878874
2023-01-03 19:03:00,-1.55846,-0.0342611
2023-01-03 19:04:00,-1.47169,-0.065543
2023-01-03 19:05:00,-1.41346,-0.0700119
2023-01-03 19:06:00,-1.30842,-0.0759701
2023-01-03 19:07:00,-1.27303,-0.0729908
2023-01-03 19:08:00,-1.25818,-0.095335
2023-01-03 19:09:00,-1.34381,-0.0729909
2023-01-03 19:10:00,-1.25248,-0.0208545
2023-01-03 19:11:00,-1.21594,-0.0312818
2023-01-03 19:12:00,-1.22051,-0.0625637
2023-01-03 19:13:00,-1.22393,-0.0774598
2023-01-03 19:14:00,-1.24677,-0.0625637
2023-01-03 19:15:00,-1.39405,-0.0387299
2023-01-03 19:16:00,-1.44315,0.0417091
2023-01-03 19:17:00,-1.31527,0.0908663
2023-01-03 19:18:00,-1.24791,0.0759702
2023-01-03 19:19:00,-1.37007,-0.0119169
2023-01-03 19:20:00,-1.41231,0.0223441
2023-01-03 19:21:00,-1.41574,-0.00297922
2023-01-03 19:22:00,-1.52877,0.0104271
2023-01-03 19:23:00,-1.61668,0.059584
2023-01-03 19:24:00,-1.64408,0.0312816
2023-01-03 19:25:00,-1.6064,-0.0193648
2023-01-03 19:26:00,-1.68632,-0.0968241
2023-01-03 19:27:00,-1.7103,-0.143001
2023-01-03 19:28:00,-1.70345,-0.199606
2023-01-03 19:29:00,-1.75711,-0.1862
2023-01-03 19:30:00,-1.74569,-0.145981
2023-01-03 19:31:00,-1.84502,-0.126616
2023-01-03 19:32:00,-1.94892,-0.128106
2023-01-03 19:33:00,-2.00143,-0.11172
2023-01-03 19:34:00,-1.97517,-0.129595
2023-01-03 19:35:00,-1.82105,-0.153429
2023-01-03 19:36:00,-1.93636,-0.14896
2023-01-03 19:37:00,-1.87698,-0.0998028
2023-01-03 19:38:00,-1.83131,-0.138532
2023-01-03 19:39:00,-2.10874,-0.0595837
2023-01-03 19:40:00,-2.1213,0.0446877
2023-01-03 19:41:00,-2.05052,-0.0342607
2023-01-03 19:42:00,-2.00713,-0.131084
2023-01-03 19:43:00,-1.98316,-0.171303
2023-01-03 19:44:00,-1.8393,-0.198116
2023-01-03 19:45:00,-1.8039,-0.232376
2023-01-03 19:46:00,-1.8039,-0.256209
2023-01-03 19:47:00,-1.75595,-0.300896
2023-01-03 19:48:00,-1.71484,-0.314302
2023-01-03 19:49:00,-1.60409,-0.314301
2023-01-03 19:50:00,-1.63835,-0.311322
2023-01-03 19:51:00,-1.69657,-0.262166
2023-01-03 19:52:00,-1.68516,-0.230886
2023-01-03 19:53:00,-1.65891,-0.235355
2023-01-03 19:54:00,-1.67489,-0.223438
2023-01-03 19:55:00,-1.76623,-0.230886
2023-01-03 19:56:00,-1.77649,-0.308343
2023-01-03 19:57:00,-1.73082,-0.369416
2023-01-03 19:58:00,-1.77649,-0.35601
2023-01-03 19:59:00,-1.81303,-0.39027
2023-01-03 20:00:00,-1.84385,-0.376864
2023-01-03 20:01:00,-1.93862,-0.384312
2023-01-03 20:02:00,-1.95004,-0.3575
2023-01-03 20:03:00,-1.97857,-0.329197
2023-01-03 20:04:00,-2.09731,-0.367925
2023-01-03 20:05:00,-2.22061,-0.405164
2023-01-03 20:06:00,-2.34162,-0.312809
2023-01-03 20:07:00,-2.35304,-0.297914
2023-01-03 20:08:00,-2.4398,-0.311319
2023-01-03 20:09:00,-2.43752,-0.253226
2023-01-03 20:10:00,-2.45121,-0.230882
2023-01-03 20:11:00,-2.48774,-0.224924
2023-01-03 20:12:00,-2.50373,-0.154915
2023-01-03 20:13:00,-2.49803,-0.105759
2023-01-03 20:14:00,-2.46606,-0.174279
2023-01-03 20:15:00,-2.47291,-0.180238
2023-01-03 20:16:00,-2.49919,-0.165343
2023-01-03 20:17:00,-2.47064,-0.119166
2023-01-03 20:18:00,-2.47292,-0.162364
2023-01-03 20:19:00,-2.45922,-0.189176
2023-01-03 20:20:00,-2.41925,-0.221946
2023-01-03 20:21:00,-2.3439,-0.217477
2023-01-03 20:22:00,-2.2891,-0.211519
2023-01-03 20:23:00,-2.2343,-0.217477
2023-01-03 20:24:00,-2.19776,-0.227904
2023-01-03 20:25:00,-2.16008,-0.277059
2023-01-03 20:26:00,-2.1578,-0.303871
2023-01-03 20:27:00,-2.12354,-0.230882
2023-01-03 20:28:00,-1.99339,-0.215986
2023-01-03 20:29:00,-1.88835,-0.229392
2023-01-03 20:30:00,-1.7936,-0.259184
2023-01-03 20:31:00,-1.78789,-0.290465
2023-01-03 20:32:00,-1.78332,-0.285996
2023-01-03 20:33:00,-1.74793,-0.290464
2023-01-03 20:34:00,-1.91005,-0.23982
2023-01-03 20:35:00,-1.92831,-0.218965
2023-01-03 20:36:00,-1.87807,-0.217474
2023-01-03 20:37:00,-1.93287,-0.215984
2023-01-03 20:38:00,-1.95912,-0.171298
2023-01-03 20:39:00,-1.94771,-0.114695
2023-01-03 20:40:00,-1.9009,-0.128101
2023-01-03 20:41:00,-1.76162,-0.153424
2023-01-03 20:42:00,-1.68398,-0.171298
2023-01-03 20:43:00,-1.76047,-0.181725
2023-01-03 20:44:00,-1.84952,-0.181725
2023-01-03 20:45:00,-1.94085,-0.140017
2023-01-03 20:46:00,-2.01278,-0.0640504
2023-01-03 20:47:00,-2.00821,-0.0476655
2023-01-03 20:48:00,-1.98539,-0.113206
2023-01-03 20:49:00,-2.00365,-0.148955
2023-01-03 20:50:00,-2.03448,-0.16534
2023-01-03 20:51:00,-2.1064,-0.195131
2023-01-03 20:52:00,-2.15663,-0.138528
2023-01-03 20:53:00,-2.15777,-0.0789457
2023-01-03 20:54:00,-2.15891,-3.21617e-08
2023-01-03 20:55:00,-2.15777,-0.0193642
2023-01-03 20:56:00,-2.14636,-0.0521342
2023-01-03 20:57:00,-2.13723,-0.0700088
2023-01-03 20:58:00,-2.11553,-0.148955
2023-01-03 20:59:00,-2.09955,-0.166829
2023-01-03 21:00:00,-2.14864,-0.168319
2023-01-03 21:01:00,-2.16691,-0.104268
2023-01-03 21:02:00,-2.10754,-0.0893727
2023-01-03 21:03:00,-2.05502,-0.125122
2023-01-03 21:04:00,-1.9968,-0.16683
2023-01-03 21:05:00,-1.96027,-0.181725
2023-01-03 21:06:00,-1.92715,-0.19513
2023-01-03 21:07:00,-1.92829,-0.223431
2023-01-03 21:08:00,-1.94884,-0.204067
2023-01-03 21:09:00,-1.86207,-0.189172
2023-01-03 21:10:00,-1.90432,-0.205557
2023-01-03 21:11:00,-1.98766,-0.147465
2023-01-03 21:12:00,-2.0162,-0.110226
2023-01-03 21:13:00,-1.9831,-0.116185
2023-01-03 21:14:00,-2.04017,-0.0908621
2023-01-03 21:15:00,-2.0242,-0.0372387
2023-01-03 21:16:00,-2.0162,-0.0387282
2023-01-03 21:17:00,-1.9831,-0.06554
2023-01-03 21:18:00,-1.91916,-0.0938415
2023-01-03 21:19:00,-1.89062,-0.16534
2023-01-03 21:20:00,-1.93286,-0.168318
2023-01-03 21:21:00,-1.91687,-0.140017
2023-01-03 21:22:00,-1.95226,-0.123632
2023-01-03 21:23:00,-1.90544,0.0342592
2023-01-03 21:24:00,-1.87232,-0.0506437
2023-01-03 21:25:00,-1.8415,-0.0446857
2023-01-03 21:26:00,-1.81982,-0.0685183
2023-01-03 21:27:00,-1.76159,-0.0461754
2023-01-03 21:28:00,-1.70565,-0.0685183
2023-01-03 21:29:00,-1.60404,-0.0923509
2023-01-03 21:30:00,-1.43622,-0.15789
2023-01-03 21:31:00,-1.34145,-0.172785
2023-01-03 21:32:00,-1.29008,-0.177254
2023-01-03 21:33:00,-1.26497,-0.178744
2023-01-03 21:34:00,-1.26383,-0.175765
2023-01-03 21:35:00,-1.22958,-0.154912
2023-01-03 21:36:00,-1.05605,-0.141506
2023-01-03 21:37:00,-0.985264,-0.12959
2023-01-03 21:38:00,-0.973847,-0.117674
2023-01-03 21:39:00,-0.952153,-0.119163
2023-01-03 21:40:00,-0.954434,-0.105757
2023-01-03 21:41:00,-1.01152,-0.123631
2023-01-03 21:42:00,-1.10513,-0.12661
2023-01-03 21:43:00,-0.958999,-0.153421
2023-01-03 21:44:00,-0.795739,-0.166827
2023-01-03 21:45:00,-0.755778,-0.131078
2023-01-03 21:46:00,-0.73523,-0.0506438
2023-01-03 21:47:00,-0.744365,-0.053623
2023-01-03 21:48:00,-0.770623,-0.00595811
2023-01-03 21:49:00,-0.720386,-0.00297904
2023-01-03 21:50:00,-0.623345,-0.0104266
2023-01-03 21:51:00,-0.592521,-0.0104266
2023-01-03 21:52:00,-0.566262,-0.00893712
2023-01-03 21:53:00,-0.586813,-0.0104266
2023-01-03 21:54:00,-0.613074,0.0
2023-01-03 21:55:00,-0.697558,0.0387277
2023-01-03 21:56:00,-0.763773,0.0521334
2023-01-03 21:57:00,-0.758064,0.0566019
2023-01-03 21:58:00,-0.702122,0.059581
2023-01-03 21:59:00,-0.739796,0.0491543
2023-01-03 22:00:00,-0.801449,0.0178743
2023-01-03 22:01:00,-0.777474,0.0
2023-01-03 22:02:00,-0.788893,-0.0417069
2023-01-03 22:03:00,-0.791179,-0.0297907
2023-01-03 22:04:00,-0.778619,-0.0163849
2023-01-03 22:05:00,-0.768342,-0.00297906
2023-01-03 22:06:00,-0.769482,-0.00446858
2023-01-03 22:07:00,-0.798023,-0.00893716
2023-01-03 22:08:00,-0.832272,-0.0297905
2023-01-03 22:09:00,-0.814001,-0.0283008
2023-01-03 22:10:00,-0.850535,-0.0312799
2023-01-03 22:11:00,-0.858527,-0.0625598
2023-01-03 22:12:00,-0.75007,-0.0670284
2023-01-03 22:13:00,-0.690705,-0.034259
2023-01-03 22:14:00,-0.727236,-0.0580912
2023-01-03 22:15:00,-0.791169,0.00446856
2023-01-03 22:16:00,-0.834552,0.0461751
2023-01-03 22:17:00,-0.917893,0.0610703
2023-01-03 22:18:00,-0.88136,0.0997978
2023-01-03 22:19:00,-0.863094,0.0446856
2023-01-03 22:20:00,-0.89506,0.0625598
2023-01-03 22:21:00,-0.905335,0.104266
2023-01-03 22:22:00,-0.917893,0.037238
2023-01-03 22:23:00,-0.989818,0.0580913
2023-01-03 22:24:00,-1.12567,0.135546
2023-01-03 22:25:00,-1.11197,0.145973
2023-01-03 22:26:00,-1.10855,0.116182
2023-01-03 22:27:00,-1.10969,0.0163847
2023-01-03 22:28:00,-1.09142,-0.0357485
2023-01-03 22:29:00,-1.13138,-0.034259
2023-01-03 22:30:00,-1.12111,0.0387276
2023-01-03 22:31:00,-1.08572,0.0729867
2023-01-03 22:32:00,-0.993242,0.0312799
2023-01-03 22:33:00,-0.925884,-0.00744759
2023-01-03 22:34:00,-0.952142,-0.0700074
2023-01-03 22:35:00,-0.998948,-0.0417064
2023-01-03 22:36:00,-1.08914,0.0283007
2023-01-03 22:37:00,-1.07201,0.072986
2023-01-03 22:38:00,-1.06973,0.0402168
2023-01-03 22:39:00,-1.09827,0.12214
2023-01-03 22:40:00,-1.0937,0.114692
2023-01-03 22:41:00,-1.0389,0.0774544
2023-01-03 22:42:00,-0.985245,0.0193636
2023-01-03 22:43:00,-1.01493,-0.0283006
2023-01-03 22:44:00,-1.05488,-0.014895
2023-01-03 22:45:00,-1.01378,-7.45058e-09
2023-01-03 22:46:00,-1.03205,0.00446852
2023-01-03 22:47:00,-0.986383,0.0283006
2023-01-03 22:48:00,-0.986384,0.0402167
2023-01-03 22:49:00,-1.0252,0.117671
2023-01-03 22:50:00,-1.0115,0.101286
2023-01-03 22:51:00,-0.965837,0.0461748
2023-01-03 22:52:00,-0.960126,0.0476642
2023-01-03 22:53:00,-0.964687,0.0729854
2023-01-03 22:54:00,-1.01949,0.0908597
2023-01-03 22:55:00,-1.06287,0.0834121
2023-01-03 22:56:00,-1.06173,0.0655382
2023-01-03 22:57:00,-1.08114,0.0402166
2023-01-03 22:58:00,-1.10169,0.0342585
2023-01-03 22:59:00,-1.16219,0.0342585
2023-01-03 23:00:00,-1.16905,0.0163845
2023-01-03 23:01:00,-1.1759,-0.0268111
2023-01-03 23:02:00,-1.18503,-0.0476641
2023-01-03 23:03:00,-1.21585,-0.0700067
2023-01-03 23:04:00,-1.22956,-0.0640488
2023-01-03 23:05:00,-1.21243,-0.0804336
2023-01-03 23:06:00,-1.16791,-0.0938393
2023-01-03 23:07:00,-1.16335,-0.120651
2023-01-03 23:08:00,-1.17248,-0.128098
2023-01-03 23:09:00,-1.23071,-0.113203
2023-01-03 23:10:00,-1.22842,-0.0849023
2023-01-03 23:11:00,-1.2307,-0.107245
2023-01-03 23:12:00,-1.20558,-0.0938391
2023-01-03 23:13:00,-1.17248,-0.129588
2023-01-03 23:14:00,-1.217,-0.137035
2023-01-03 23:15:00,-1.25924,-0.134056
2023-01-03 23:16:00,-1.32432,-0.132566
2023-01-03 23:17:00,-1.35514,-0.129587
2023-01-03 23:18:00,-1.29006,-0.101286
2023-01-03 23:19:00,-1.24439,-0.0700064
2023-01-03 23:20:00,-1.23069,-0.0923491
2023-01-03 23:21:00,-1.14279,-0.0893704
2023-01-03 23:22:00,-1.21586,-0.105755
2023-01-03 23:23:00,-1.27636,-0.0700068
2023-01-03 23:24:00,-1.26038,-0.0372376
2023-01-03 23:25:00,-1.26722,-0.0253215
2023-01-03 23:26:00,-1.23525,-0.0134054
2023-01-03 23:27:00,-1.25808,0.0193634
2023-01-03 23:28:00,-1.23069,0.00893697
2023-01-03 23:29:00,-1.18845,-0.0178739
2023-01-03 23:30:00,-1.14507,0.00595799
2023-01-03 23:31:00,-1.11652,-0.0193634
2023-01-03 23:32:00,-1.09711,-0.00297898
2023-01-03 23:33:00,-1.07885,0.00595798
2023-01-03 23:34:00,-1.04118,0.00297899
2023-01-03 23:35:00,-1.03319,-0.011916
2023-01-03 23:36:00,-0.93957,-0.0283004
2023-01-03 23:37:00,-0.908746,-0.0342584
2023-01-03 23:38:00,-0.891623,-0.023832
2023-01-03 23:39:00,-0.897332,-0.02979
2023-01-03 23:40:00,-0.935009,-0.0193636
2023-01-03 23:41:00,-0.911037,0.0223426
2023-01-03 23:42:00,-0.904185,0.0104266
2023-01-03 23:43:00,-0.893903,-0.0178739
2023-01-03 23:44:00,-0.935004,-0.0223425
2023-01-03 23:45:00,-0.94414,-0.0163845
2023-01-03 23:46:00,-0.957838,-0.0163845
2023-01-03 23:47:00,-0.973819,-0.00446849
2023-01-03 23:48:00,-0.992084,-0.0163844
2023-01-03 23:49:00,-0.995508,0.0297899
2023-01-03 23:50:00,-0.997793,0.00595794
2023-01-03 23:51:00,-1.06058,0.00595798
2023-01-03 23:52:00,-1.08798,0.0283004
2023-01-03 23:53:00,-1.09255,0.0372373
2023-01-03 23:54:00,-1.10054,0.0208529
2023-01-03 23:55:00,-1.08798,0.0297899
2023-01-03 23:56:00,-1.09483,0.0104265
2023-01-03 23:57:00,-1.13022,-0.0148949
2023-01-03 23:58:00,-1.1816,0.0297899
2023-01-03 23:59:00,-1.17817,0.0521322
2023-01-04 00:00:00,-1.11196,0.0104264
2023-01-04 00:01:00,-1.0994,-0.00595797
2023-01-04 00:02:00,-1.07885,-0.0640483
2023-01-04 00:03:00,-1.10054,-0.0670274
2023-01-04 00:04:00,-1.13821,-0.0446848
2023-01-04 00:05:00,-1.19301,-0.0431953
2023-01-04 00:06:00,-1.26493,-0.0566007
2023-01-04 00:07:00,-1.2558,-0.0610694
2023-01-04 00:08:00,-1.25581,-0.0878803
2023-01-04 00:09:00,-1.23755,-0.0819228
2023-01-04 00:10:00,-1.22955,-0.0759646
2023-01-04 00:11:00,-1.21128,-0.0863909
2023-01-04 00:12:00,-1.22498,-0.0878803
2023-01-04 00:13:00,-1.17703,-0.0968171
2023-01-04 00:14:00,-1.15305,-0.0893696
2023-01-04 00:15:00,-1.17474,-0.099796
2023-01-04 00:16:00,-1.24667,-0.11767
2023-01-04 00:17:00,-1.33229,-0.072985
2023-01-04 00:18:00,-1.32316,-0.0297898
2023-01-04 00:19:00,-1.27864,-0.0402163
2023-01-04 00:20:00,-1.28434,-0.0566008
2023-01-04 00:21:00,-1.31403,-0.0789431
2023-01-04 00:22:00,-1.34485,-0.0759641
2023-01-04 00:23:00,-1.37796,-0.081922
2023-01-04 00:24:00,-1.39508,-0.0461742
2023-01-04 00:25:00,-1.40307,-0.0595796
2023-01-04 00:26:00,-1.42362,-0.0283002
2023-01-04 00:27:00,-1.43503,-0.0372371
2023-01-04 00:28:00,-1.43046,-0.0506425
2023-01-04 00:29:00,-1.4533,-0.0521321
2023-01-04 00:30:00,-1.4613,-0.0849011
2023-01-04 00:31:00,-1.43846,-0.0997959
2023-01-04 00:32:00,-1.45901,-0.104264
2023-01-04 00:33:00,-1.43275,-0.110222
2023-01-04 00:34:00,-1.47157,-0.132565
2023-01-04 00:35:00,-1.40079,-0.140012
2023-01-04 00:36:00,-1.43731,-0.150438
2023-01-04 00:37:00,-1.43046,-0.157885
2023-01-04 00:38:00,-1.40535,-0.157885
2023-01-04 00:39:00,-1.42362,-0.137033
2023-01-04 00:40:00,-1.42362,-0.138523
2023-01-04 00:41:00,-1.35055,-0.14448
2023-01-04 00:42:00,-1.3574,-0.14597
2023-01-04 00:43:00,-1.41905,-0.140012
2023-01-04 00:44:00,-1.42704,-0.135543
2023-01-04 00:45:00,-1.42476,-0.125117
2023-01-04 00:46:00,-1.4476,-0.0819221
2023-01-04 00:47:00,-1.46015,-0.0655376
2023-01-04 00:48:00,-1.4476,-0.081922
2023-01-04 00:49:00,-1.43846,-0.0893695
2023-01-04 00:50:00,-1.44189,-0.11767
2023-01-04 00:51:00,-1.47157,-0.137033
2023-01-04 00:52:00,-1.48299,-0.140012
2023-01-04 00:53:00,-1.50353,-0.137033
2023-01-04 00:54:00,-1.54349,-0.135543
2023-01-04 00:55:00,-1.60742,-0.134054
2023-01-04 00:56:00,-1.64053,-0.128096
2023-01-04 00:57:00,-1.70104,-0.123627
2023-01-04 00:58:00,-1.72501,-0.123627
2023-01-04 00:59:00,-1.79807,-0.132564
2023-01-04 01:00:00,-1.85401,-0.134053
2023-01-04 01:01:00,-1.85629,-0.131075
2023-01-04 01:02:00,-1.81405,-0.151927
2023-01-04 01:03:00,-1.7935,-0.17278
2023-01-04 01:04:00,-1.71815,-0.189164
2023-01-04 01:05:00,-1.69875,-0.223422
2023-01-04 01:06:00,-1.70674,-0.242785
2023-01-04 01:07:00,-1.74098,-0.253212
2023-01-04 01:08:00,-1.74555,-0.244275
2023-01-04 01:09:00,-1.74327,-0.233849
2023-01-04 01:10:00,-1.74214,-0.227892
2023-01-04 01:11:00,-1.7467,-0.23236
2023-01-04 01:12:00,-1.80378,-0.23385
2023-01-04 01:13:00,-1.80264,-0.220444
2023-01-04 01:14:00,-1.75127,-0.210018
2023-01-04 01:15:00,-1.70446,-0.214486
2023-01-04 01:16:00,-1.79693,-0.205549
2023-01-04 01:17:00,-1.81063,-0.150438
2023-01-04 01:18:00,-1.80492,-0.135543
2023-01-04 01:19:00,-1.7604,-0.135543
2023-01-04 01:20:00,-1.74669,-0.138522
2023-01-04 01:21:00,-1.71587,-0.145969
2023-01-04 01:22:00,-1.6371,-0.162353
2023-01-04 01:23:00,-1.53892,-0.17278
2023-01-04 01:24:00,-1.53664,-0.186186
2023-01-04 01:25:00,-1.52294,-0.181718
2023-01-04 01:26:00,-1.55491,-0.154907
2023-01-04 01:27:00,-1.59144,-0.132565
2023-01-04 01:28:00,-1.58687,-0.0893694
2023-01-04 01:29:00,-1.57661,-0.0893698
2023-01-04 01:30:00,-1.60857,-0.047664
2023-01-04 01:31:00,-1.60628,-0.00446847
2023-01-04 01:32:00,-1.60971,-0.0446847
2023-01-04 01:33:00,-1.61997,0.0178738
2023-01-04 01:34:00,-1.60856,0.0208528
2023-01-04 01:35:00,-1.54577,-0.00297897
2023-01-04 01:36:00,-1.51381,-0.0685164
2023-01-04 01:37:00,-1.51609,-0.0878797
2023-01-04 01:38:00,-1.54463,-0.078943
2023-01-04 01:39:00,-1.54806,-0.0521323
2023-01-04 01:40:00,-1.5412,-0.0476636
2023-01-04 01:41:00,-1.53891,-0.0357475
2023-01-04 01:42:00,-1.53092,-0.0431947
2023-01-04 01:43:00,-1.50352,-0.0789421
2023-01-04 01:44:00,-1.47955,-0.068516
2023-01-04 01:45:00,-1.48069,-0.0893688
2023-01-04 01:46:00,-1.4864,-0.0774529
2023-01-04 01:47:00,-1.46927,-0.0849003
2023-01-04 01:48:00,-1.43616,-0.0863896
2023-01-04 01:49:00,-1.40534,-0.0893688
2023-01-04 01:50:00,-1.4179,-0.0953269
2023-01-04 01:51:00,-1.39393,-0.105753
2023-01-04 01:52:00,-1.34484,-0.119159
2023-01-04 01:53:00,-1.33342,-0.123627
2023-01-04 01:54:00,-1.29575,-0.129585
2023-01-04 01:55:00,-1.32086,-0.1415
2023-01-04 01:56:00,-1.32543,-0.169801
2023-01-04 01:57:00,-1.39279,-0.153417
2023-01-04 01:58:00,-1.46585,-0.107242
2023-01-04 01:59:00,-1.54234,-0.0863896
2023-01-04 02:00:00,-1.59485,-0.0700055
2023-01-04 02:01:00,-1.6097,-0.0119159
2023-01-04 02:02:00,-1.61312,-0.0744741
2023-01-04 02:03:00,-1.63367,-0.0878796
2023-01-04 02:04:00,-1.64509,-0.0893688
2023-01-04 02:05:00,-1.6645,-0.0893693
2023-01-04 02:06:00,-1.66564,-0.0893693
2023-01-04 02:07:00,-1.62682,-0.0938374
2023-01-04 02:08:00,-1.59143,-0.132564
2023-01-04 02:09:00,-1.57088,-0.159374
2023-01-04 02:10:00,-1.56631,-0.154905
2023-01-04 02:11:00,-1.52178,-0.171289
2023-01-04 02:12:00,-1.54461,-0.178736
2023-01-04 02:13:00,-1.58,-0.172778
2023-01-04 02:14:00,-1.60283,-0.160862
2023-01-04 02:15:00,-1.61082,-0.162352
2023-01-04 02:16:00,-1.6348,-0.148947
2023-01-04 02:17:00,-1.65079,-0.123626
2023-01-04 02:18:00,-1.67248,-0.114689
2023-01-04 02:19:00,-1.63937,-0.0893684
2023-01-04 02:20:00,-1.62453,-0.0893686
2023-01-04 02:21:00,-1.62454,-0.0968162
2023-01-04 02:22:00,-1.67248,-0.116179
2023-01-04 02:23:00,-1.68617,-0.0983049
2023-01-04 02:24:00,-1.71472,-0.0893683
2023-01-04 02:25:00,-1.72956,-0.0893686
2023-01-04 02:26:00,-1.6976,-0.0923477
2023-01-04 02:27:00,-1.68276,-0.111711
2023-01-04 02:28:00,-1.68618,-0.160864
2023-01-04 02:29:00,-1.67933,-0.168311
2023-01-04 02:30:00,-1.65422,-0.181716
2023-01-04 02:31:00,-1.6348,-0.187673
2023-01-04 02:32:00,-1.68047,-0.201079
2023-01-04 02:33:00,-1.74784,-0.214485
2023-01-04 02:34:00,-1.74098,-0.232359
2023-01-04 02:35:00,-1.73642,-0.235338
2023-01-04 02:36:00,-1.75468,-0.236827
2023-01-04 02:37:00,-1.80148,-0.251721
2023-01-04 02:38:00,-1.78208,-0.262148
2023-01-04 02:39:00,-1.81633,-0.254701
2023-01-04 02:40:00,-1.8814,-0.260658
2023-01-04 02:41:00,-1.88368,-0.268105
2023-01-04 02:42:00,-1.86199,-0.269595
2023-01-04 02:43:00,-1.86884,-0.269595
2023-01-04 02:44:00,-1.94532,-0.284489
2023-01-04 02:45:00,-2.01382,-0.266615
2023-01-04 02:46:00,-2.06976,-0.242784
2023-01-04 02:47:00,-2.09829,-0.190652
2023-01-04 02:48:00,-2.09943,-0.175757
2023-01-04 02:49:00,-2.11884,-0.144478
2023-01-04 02:50:00,-2.13481,-0.134051
2023-01-04 02:51:00,-2.17934,-0.144478
2023-01-04 02:52:00,-2.19647,-0.150436
2023-01-04 02:53:00,-2.16223,-0.134052
2023-01-04 02:54:00,-2.1314,-0.178736
2023-01-04 02:55:00,-2.11542,-0.227889
2023-01-04 02:56:00,-2.10286,-0.233847
2023-01-04 02:57:00,-2.10857,-0.232357
2023-01-04 02:58:00,-2.10514,-0.22193
2023-01-04 02:59:00,-2.06176,-0.211504
2023-01-04 03:00:00,-2.0161,-0.230867
2023-01-04 03:01:00,-1.99898,-0.242784
2023-01-04 03:02:00,-1.93276,-0.256188
2023-01-04 03:03:00,-1.89509,-0.272573
2023-01-04 03:04:00,-1.9065,-0.285978
2023-01-04 03:05:00,-1.9065,-0.287467
2023-01-04 03:06:00,-1.93847,-0.282999
2023-01-04 03:07:00,-1.9339,-0.268103
2023-01-04 03:08:00,-1.91677,-0.256187
2023-01-04 03:09:00,-1.94075,-0.245762
2023-01-04 03:10:00,-1.94532,-0.220441
2023-01-04 03:11:00,-1.94875,-0.218952
2023-01-04 03:12:00,-1.95217,-0.207036
2023-01-04 03:13:00,-1.95674,-0.189163
2023-01-04 03:14:00,-2.00354,-0.201078
2023-01-04 03:15:00,-2.02753,-0.184695
2023-01-04 03:16:00,-2.01269,-0.180227
2023-01-04 03:17:00,-1.983,-0.184695
2023-01-04 03:18:00,-1.95218,-0.184695
2023-01-04 03:19:00,-1.95104,-0.184695
2023-01-04 03:20:00,-1.95446,-0.183205
2023-01-04 03:21:00,-1.95103,-0.183205
2023-01-04 03:22:00,-1.93618,-0.183204
2023-01-04 03:23:00,-1.9259,-0.195119
2023-01-04 03:24:00,-1.94303,-0.198099
2023-01-04 03:25:00,-1.95331,-0.186184
2023-01-04 03:26:00,-1.92363,-0.187673
2023-01-04 03:27:00,-1.89509,-0.226399
2023-01-04 03:28:00,-1.86541,-0.227889
2023-01-04 03:29:00,-1.82773,-0.241294
2023-01-04 03:30:00,-1.87225,-0.239804
2023-01-04 03:31:00,-1.99784,-0.269594
2023-01-04 03:32:00,-2.09258,-0.183204
2023-01-04 03:33:00,-2.10056,-0.138519
2023-01-04 03:34:00,-2.11541,-0.142989
2023-01-04 03:35:00,-2.13026,-0.171289
2023-01-04 03:36:00,-2.12684,-0.166821
2023-01-04 03:37:00,-2.11884,-0.177246
2023-01-04 03:38:00,-2.10857,-0.171289
2023-01-04 03:39:00,-2.10516,-0.184695
2023-01-04 03:40:00,-2.08917,-0.186184
2023-01-04 03:41:00,-2.0846,-0.207036
2023-01-04 03:42:00,-2.09145,-0.183205
2023-01-04 03:43:00,-2.08688,-0.175757
2023-01-04 03:44:00,-2.07547,-0.177247
2023-01-04 03:45:00,-2.06863,-0.180227
2023-01-04 03:46:00,-2.06748,-0.181716
2023-01-04 03:47:00,-2.05149,-0.177246
2023-01-04 03:48:00,-2.02067,-0.175757
2023-01-04 03:49:00,-1.95903,-0.177247
2023-01-04 03:50:00,-1.88254,-0.208527
2023-01-04 03:51:00,-1.82432,-0.247254
2023-01-04 03:52:00,-1.85856,-0.259168
2023-01-04 03:53:00,-1.87111,-0.265125
2023-01-04 03:54:00,-1.87453,-0.266613
2023-01-04 03:55:00,-1.90077,-0.266612
2023-01-04 03:56:00,-1.9647,-0.259164
2023-01-04 03:57:00,-1.95786,-0.236824
2023-01-04 03:58:00,-1.975,-0.233846
2023-01-04 03:59:00,-1.98528,-0.212994
2023-01-04 04:00:00,-1.95103,-0.218952
2023-01-04 04:01:00,-1.93162,-0.223421
2023-01-04 04:02:00,-1.8985,-0.238314
2023-01-04 04:03:00,-1.86197,-0.244271
2023-01-04 04:04:00,-1.87679,-0.253206
2023-01-04 04:05:00,-1.89164,-0.235333
2023-01-04 04:06:00,-1.88252,-0.190651
2023-01-04 04:07:00,-1.84599,-0.205546
2023-01-04 04:08:00,-1.79805,-0.207036
2023-01-04 04:09:00,-1.74897,-0.217463
2023-01-04 04:10:00,-1.75924,-0.233847
2023-01-04 04:11:00,-1.7775,-0.226399
2023-01-04 04:12:00,-1.79234,-0.217462
2023-01-04 04:13:00,-1.79234,-0.220441
2023-01-04 04:14:00,-1.76152,-0.217462
2023-01-04 04:15:00,-1.74668,-0.202568
2023-01-04 04:16:00,-1.74441,-0.195122
2023-01-04 04:17:00,-1.72613,-0.187673
2023-01-04 04:18:00,-1.72841,-0.183205
2023-01-04 04:19:00,-1.717,-0.180226
2023-01-04 04:20:00,-1.75009,-0.186183
2023-01-04 04:21:00,-1.79234,-0.180225
2023-01-04 04:22:00,-1.83115,-0.181715
2023-01-04 04:23:00,-1.88138,-0.177246
2023-01-04 04:24:00,-1.89737,-0.165331
2023-01-04 04:25:00,-1.93962,-0.16831
2023-01-04 04:26:00,-1.98871,-0.17129
2023-01-04 04:27:00,-2.0161,-0.163842
2023-01-04 04:28:00,-2.01267,-0.162352
2023-01-04 04:29:00,-1.98984,-0.162352
2023-01-04 04:30:00,-1.98413,-0.150436
2023-01-04 04:31:00,-1.96815,-0.153415
2023-01-04 04:32:00,-1.93161,-0.175756
2023-01-04 04:33:00,-1.90079,-0.178735
2023-01-04 04:34:00,-1.88709,-0.201077
2023-01-04 04:35:00,-1.88937,-0.208524
2023-01-04 04:36:00,-1.88138,-0.211504
2023-01-04 04:37:00,-1.85627,-0.202568
2023-01-04 04:38:00,-1.82431,-0.217462
2023-01-04 04:39:00,-1.80833,-0.220441
2023-01-04 04:40:00,-1.79576,-0.226398
2023-01-04 04:41:00,-1.77292,-0.233845
2023-01-04 04:42:00,-1.75123,-0.257676
2023-01-04 04:43:00,-1.73981,-0.251718
2023-01-04 04:44:00,-1.71584,-0.266613
2023-01-04 04:45:00,-1.73982,-0.268103
2023-01-04 04:46:00,-1.73868,-0.266613
2023-01-04 04:47:00,-1.71699,-0.263635
2023-01-04 04:48:00,-1.709,-0.265124
2023-01-04 04:49:00,-1.73753,-0.263634
2023-01-04 04:50:00,-1.76151,-0.265123
2023-01-04 04:51:00,-1.77862,-0.256186
2023-01-04 04:52:00,-1.77633,-0.262143
2023-01-04 04:53:00,-1.75692,-0.260652
2023-01-04 04:54:00,-1.70555,-0.247248
2023-01-04 04:55:00,-1.66219,-0.215971
2023-01-04 04:56:00,-1.67018,-0.210013
2023-01-04 04:57:00,-1.70899,-0.210013
2023-01-04 04:58:00,-1.68844,-0.212992
2023-01-04 04:59:00,-1.70328,-0.202566
2023-01-04 05:00:00,-1.7421,-0.195119
2023-01-04 05:01:00,-1.71129,-0.183205
2023-01-04 05:02:00,-1.69758,-0.190651
2023-01-04 05:03:00,-1.69301,-0.235335
2023-01-04 05:04:00,-1.71584,-0.230865
2023-01-04 05:05:00,-1.73067,-0.227885
2023-01-04 05:06:00,-1.75122,-0.229375
2023-01-04 05:07:00,-1.77406,-0.224907
2023-01-04 05:08:00,-1.7889,-0.212992
2023-01-04 05:09:00,-1.81402,-0.217461
2023-01-04 05:10:00,-1.8437,-0.204056
2023-01-04 05:11:00,-1.84485,-0.19512
2023-01-04 05:12:00,-1.83228,-0.205545
2023-01-04 05:13:00,-1.80374,-0.204055
2023-01-04 05:14:00,-1.80489,-0.19065
2023-01-04 05:15:00,-1.85398,-0.204056
2023-01-04 05:16:00,-1.87794,-0.223418
2023-01-04 05:17:00,-1.88936,-0.233844
2023-01-04 05:18:00,-1.88707,-0.245759
2023-01-04 05:19:00,-1.96698,-0.21746
2023-01-04 05:20:00,-2.01607,-0.204054
2023-01-04 05:21:00,-2.01607,-0.18767
2023-01-04 05:22:00,-2.02292,-0.193628
2023-01-04 05:23:00,-2.02407,-0.178734
2023-01-04 05:24:00,-2.04347,-0.184692
2023-01-04 05:25:00,-2.07888,-0.198098
2023-01-04 05:26:00,-2.0823,-0.178735
2023-01-04 05:27:00,-2.08801,-0.172777
2023-01-04 05:28:00,-2.08914,-0.140008
2023-01-04 05:29:00,-2.10056,-0.165329
2023-01-04 05:30:00,-2.13823,-0.154903
2023-01-04 05:31:00,-2.09828,-0.0923462
2023-01-04 05:32:00,-2.05946,-0.0819198
2023-01-04 05:33:00,-2.05489,-0.16086
2023-01-04 05:34:00,-2.04347,-0.184692
2023-01-04 05:35:00,-2.01493,-0.186181
2023-01-04 05:36:00,-1.96697,-0.190648
2023-01-04 05:37:00,-1.90304,-0.205542
2023-01-04 05:38:00,-1.8608,-0.233842
2023-01-04 05:39:00,-1.84483,-0.260653
2023-01-04 05:40:00,-1.84939,-0.26661
2023-01-04 05:41:00,-1.85053,-0.245757
2023-01-04 05:42:00,-1.83341,-0.215969
2023-01-04 05:43:00,-1.81058,-0.24278
2023-01-04 05:44:00,-1.79232,-0.220438
2023-01-04 05:45:00,-1.80945,-0.215971
2023-01-04 05:46:00,-1.78205,-0.195118
2023-01-04 05:47:00,-1.74551,-0.198097
2023-01-04 05:48:00,-1.72382,-0.214481
2023-01-04 05:49:00,-1.75807,-0.220439
2023-01-04 05:50:00,-1.79346,-0.238311
2023-01-04 05:51:00,-1.82885,-0.245759
2023-01-04 05:52:00,-1.83684,-0.241291
2023-01-04 05:53:00,-1.80032,-0.211503
2023-01-04 05:54:00,-1.77749,-0.239802
2023-01-04 05:55:00,-1.75466,-0.256187
2023-01-04 05:56:00,-1.73981,-0.254697
2023-01-04 05:57:00,-1.73183,-0.256187
2023-01-04 05:58:00,-1.73296,-0.236823
2023-01-04 05:59:00,-1.75237,-0.229376
2023-01-04 06:00:00,-1.73638,-0.205544
2023-01-04 06:01:00,-1.72953,-0.201076
2023-01-04 06:02:00,-1.77178,-0.186182
2023-01-04 06:03:00,-1.81402,-0.178735
2023-01-04 06:04:00,-1.82201,-0.175756
2023-01-04 06:05:00,-1.84255,-0.172776
2023-01-04 06:06:00,-1.85396,-0.178733
2023-01-04 06:07:00,-1.86766,-0.184691
2023-01-04 06:08:00,-1.93616,-0.18767
2023-01-04 06:09:00,-1.97269,-0.172776
2023-01-04 06:10:00,-1.98182,-0.169797
2023-01-04 06:11:00,-1.98867,-0.177244
2023-01-04 06:12:00,-1.99325,-0.169798
2023-01-04 06:13:00,-1.99211,-0.166819
2023-01-04 06:14:00,-1.98413,-0.16533
2023-01-04 06:15:00,-1.9613,-0.177246
2023-01-04 06:16:00,-1.90878,-0.169799
2023-01-04 06:17:00,-1.83459,-0.180226
2023-01-04 06:18:00,-1.74782,-0.175757
2023-01-04 06:19:00,-1.70444,-0.177247
2023-01-04 06:20:00,-1.6211,-0.162352
2023-01-04 06:21:00,-1.48412,-0.17129
2023-01-04 06:22:00,-1.39735,-0.184695
2023-01-04 06:23:00,-1.25692,-0.177247
2023-01-04 06:24:00,-1.09824,-0.178736
2023-01-04 06:25:00,-0.913293,-0.178736
2023-01-04 06:26:00,-0.705516,-0.180225
2023-01-04 06:27:00,-0.439521,-0.178735
2023-01-04 06:28:00,-0.140418,-0.178735
2023-01-04 06:29:00,0.124435,-0.196608
2023-01-04 06:30:00,0.401847,-0.183203
2023-01-04 06:31:00,0.68725,-0.169798
2023-01-04 06:32:00,1.00462,-0.16682
2023-01-04 06:33:00,1.33341,-0.145968
2023-01-04 06:34:00,1.71357,-0.135542
2023-01-04 06:35:00,2.09601,-0.142989
2023-01-04 06:36:00,2.48073,-0.148946
2023-01-04 06:37:00,2.87344,-0.16533
2023-01-04 06:38:00,3.3141,-0.174267
2023-01-04 06:39:00,3.73765,-0.19512
2023-01-04 06:40:00,4.25365,-0.187672
2023-01-04 06:41:00,4.93517,-0.181714
2023-01-04 06:42:00,5.7149,-0.174266
2023-01-04 06:43:00,6.58138,-0.151925
2023-01-04 06:44:00,7.48668,-0.156393
2023-01-04 06:45:00,8.36,-0.16384
2023-01-04 06:46:00,9.22542,-0.169799
2023-01-04 06:47:00,10.2358,-0.148947
2023-01-04 06:48:00,11.3488,-0.147457
2023-01-04 06:49:00,12.5258,-0.148947
2023-01-04 06:50:00,13.7359,-0.11171
2023-01-04 06:51:00,14.9174,-0.140009
2023-01-04 06:52:00,16.0967,-0.129583
2023-01-04 06:53:00,17.3456,-0.0685149
2023-01-04 06:54:00,18.6698,1.30774
2023-01-04 06:55:00,20.0089,1.98544
2023-01-04 06:56:00,21.3423,0.918989
2023-01-04 06:57:00,23.4256,5.95927
2023-01-04 06:58:00,25.629,7.12402
2023-01-04 06:59:00,26.903,3.4853
2023-01-04 07:00:00,28.4133,2.77335
2023-01-04 07:01:00,30.5881,2.89698
2023-01-04 07:02:00,32.2412,4.08854
2023-01-04 07:03:00,33.0586,4.71411
2023-01-04 07:04:00,34.165,3.88003
2023-01-04 07:05:00,37.0295,6.35257
2023-01-04 07:06:00,42.1794,21.0327
2023-01-04 07:07:00,48.4181,55.9307
2023-01-04 07:08:00,53.4493,110.272
2023-01-04 07:09:00,59.4634,161.393
2023-01-04 07:10:00,63.7591,182.985
2023-01-04 07:11:00,66.8711,193.038
2023-01-04 07:12:00,70.0194,202.146
2023-01-04 07:13:00,73.1311,211.676
2023-01-04 07:14:00,76.111,218.557
2023-01-04 07:15:00,79.0214,224.939
2023-01-04 07:16:00,81.821,229.803
2023-01-04 07:17:00,84.8622,236.231
2023-01-04 07:18:00,87.8089,241.976
2023-01-04 07:19:00,91.0383,249.749
2023-01-04 07:20:00,94.4635,257.877
2023-01-04 07:21:00,98.0702,267.43
2023-01-04 07:22:00,101.659,276.709
2023-01-04 07:23:00,105.356,286.043
2023-01-04 07:24:00,108.744,293.512
2023-01-04 07:25:00,112.192,301.081
2023-01-04 07:26:00,115.569,308.041
2023-01-04 07:27:00,118.906,314.467
2023-01-04 07:28:00,122.594,322.57
2023-01-04 07:29:00,125.986,328.826
2023-01-04 07:30:00,129.338,334.828
2023-01-04 07:31:00,132.942,341.35
2023-01-04 07:32:00,136.425,346.873
2023-01-04 07:33:00,139.712,352.021
2023-01-04 07:34:00,142.861,356.499
2023-01-04 07:35:00,146.3,362.259
2023-01-04 07:36:00,150.458,371.292
2023-01-04 07:37:00,154.034,377.574
2023-01-04 07:38:00,157.771,384.034
2023-01-04 07:39:00,161.027,388.367
2023-01-04 07:40:00,164.443,393.465
2023-01-04 07:41:00,167.928,398.807
2023-01-04 07:42:00,171.947,406.016
2023-01-04 07:43:00,175.612,411.562
2023-01-04 07:44:00,179.416,417.587
2023-01-04 07:45:00,183.463,424.313
2023-01-04 07:46:00,187.329,429.818
2023-01-04 07:47:00,190.411,432.665
2023-01-04 07:48:00,193.755,436.574
2023-01-04 07:49:00,197.076,440.277
2023-01-04 07:50:00,201.677,448.67
2023-01-04 07:51:00,205.501,454.5
2023-01-04 07:52:00,208.814,458.815
2023-01-04 07:53:00,212.39,463.54
2023-01-04 07:54:00,216.046,468.284
2023-01-04 07:55:00,219.956,473.562
2023-01-04 07:56:00,224.056,479.201
2023-01-04 07:57:00,229.723,490.302
2023-01-04 07:58:00,233.353,494.686
2023-01-04 07:59:00,236.64,497.618
2023-01-04 08:00:00,240.092,501.147
2023-01-04 08:01:00,243.499,504.041
2023-01-04 08:02:00,246.784,506.482
2023-01-04 08:03:00,250.594,510.666
2023-01-04 08:04:00,253.691,513.211
2023-01-04 08:05:00,256.664,515.335
2023-01-04 08:06:00,261.134,521.585
2023-01-04 08:07:00,264.741,525.155
2023-01-04 08:08:00,269.872,532.947
2023-01-04 08:09:00,273.897,537.299
2023-01-04 08:10:00,276.418,537.468
2023-01-04 08:11:00,279.479,539.435
2023-01-04 08:12:00,283.703,544.432
2023-01-04 08:13:00,286.472,545.318
2023-01-04 08:14:00,289.987,548.589
2023-01-04 08:15:00,293.227,551.339
2023-01-04 08:16:00,296.078,553.087
2023-01-04 08:17:00,299.893,557.629
2023-01-04 08:18:00,303.851,562.477
2023-01-04 08:19:00,307.173,565.524
2023-01-04 08:20:00,310.36,568.136
2023-01-04 08:21:00,313.415,570.119
2023-01-04 08:22:00,317.716,575.316
2023-01-04 08:23:00,320.764,577.204
2023-01-04 08:24:00,325.633,583.517
2023-01-04 08:25:00,329.767,588.075
2023-01-04 08:26:00,334.534,594.065
2023-01-04 08:27:00,338.255,597.12
2023-01-04 08:28:00,341.96,600.774
2023-01-04 08:29:00,346.125,605.884
2023-01-04 08:30:00,350.227,610.914
2023-01-04 08:31:00,354.007,614.704
2023-01-04 08:32:00,356.76,616.256
2023-01-04 08:33:00,360.827,621.047
2023-01-04 08:34:00,364.768,624.99
2023-01-04 08:35:00,369.949,631.815
2023-01-04 08:36:00,374.934,638.733
2023-01-04 08:37:00,380.811,646.924
2023-01-04 08:38:00,386.078,653.53
2023-01-04 08:39:00,390.938,659.36
2023-01-04 08:40:00,393.024,658.745
2023-01-04 08:41:00,396.086,660.001
2023-01-04 08:42:00,399.685,662.952
2023-01-04 08:43:00,402.585,664.037
2023-01-04 08:44:00,406.326,667.272
2023-01-04 08:45:00,410.508,671.081
2023-01-04 08:46:00,414.813,675.326
2023-01-04 08:47:00,419.216,679.685
2023-01-04 08:48:00,422.307,681.402
2023-01-04 08:49:00,424.473,680.873
2023-01-04 08:50:00,428.013,683.075
2023-01-04 08:51:00,431.04,684.358
2023-01-04 08:52:00,433.798,684.24
2023-01-04 08:53:00,437.898,687.787
2023-01-04 08:54:00,443.357,693.529
2023-01-04 08:55:00,445.625,692.814
2023-01-04 08:56:00,448.414,692.839
2023-01-04 08:57:00,452.682,696.317
2023-01-04 08:58:00,456.56,699.172
2023-01-04 08:59:00,461.077,703.184
2023-01-04 09:00:00,464.648,705.192
2023-01-04 09:01:00,467.818,706.535
2023-01-04 09:02:00,471.498,709.03
2023-01-04 09:03:00,475.253,711.755
2023-01-04 09:04:00,477.309,711.108
2023-01-04 09:05:00,478.4,708.562
2023-01-04 09:06:00,481.851,710.991
2023-01-04 09:07:00,486.112,715.058
2023-01-04 09:08:00,489.847,718.315
2023-01-04 09:09:00,490.693,715.874
2023-01-04 09:10:00,494.963,720.107
2023-01-04 09:11:00,502.459,730.029
2023-01-04 09:12:00,507.122,734.535
2023-01-04 09:13:00,509.596,735.475
2023-01-04 09:14:00,511.91,736.265
2023-01-04 09:15:00,514.911,737.862
2023-01-04 09:16:00,518.87,741.591
2023-01-04 09:17:00,524.599,749.065
2023-01-04 09:18:00,530.33,755.732
2023-01-04 09:19:00,533.543,757.392
2023-01-04 09:20:00,536.665,759.121
2023-01-04 09:21:00,541.065,763.549
2023-01-04 09:22:00,544.214,765.972
2023-01-04 09:23:00,547.931,769.382
2023-01-04 09:24:00,552.054,773.85
2023-01-04 09:25:00,555.069,776.382
2023-01-04 09:26:00,558.976,780.133
2023-01-04 09:27:00,563.271,784.274
2023-01-04 09:28:00,567.521,788.222
2023-01-04 09:29:00,569.146,787.423
2023-01-04 09:30:00,571.338,788.048
2023-01-04 09:31:00,572.878,786.8
2023-01-04 09:32:00,576.308,789.826
2023-01-04 09:33:00,580.003,792.646
2023-01-04 09:34:00,582.972,794.404
2023-01-04 09:35:00,585.0,793.756
2023-01-04 09:36:00,587.716,795.081
2023-01-04 09:37:00,591.606,798.165
2023-01-04 09:38:00,594.143,799.583
2023-01-04 09:39:00,598.205,803.206
2023-01-04 09:40:00,602.047,805.79
2023-01-04 09:41:00,604.728,807.275
2023-01-04 09:42:00,607.516,809.54
2023-01-04 09:43:00,610.729,812.381
2023-01-04 09:44:00,613.739,814.41
2023-01-04 09:45:00,616.92,816.575
2023-01-04 09:46:00,620.054,818.388
2023-01-04 09:47:00,622.356,818.792
2023-01-04 09:48:00,624.842,819.244
2023-01-04 09:49:00,627.568,820.438
2023-01-04 09:50:00,631.09,822.585
2023-01-04 09:51:00,634.791,825.245
2023-01-04 09:52:00,637.641,827.651
2023-01-04 09:53:00,640.332,829.174
2023-01-04 09:54:00,643.455,831.033
2023-01-04 09:55:00,647.348,833.304
2023-01-04 09:56:00,652.468,839.008
2023-01-04 09:57:00,655.51,841.186
2023-01-04 09:58:00,657.196,841.38
2023-01-04 09:59:00,659.285,841.473
2023-01-04 10:00:00,661.878,843.024
2023-01-04 10:01:00,663.511,842.221
2023-01-04 10:02:00,664.147,839.675
2023-01-04 10:03:00,664.848,838.464
2023-01-04 10:04:00,667.172,839.621
2023-01-04 10:05:00,670.456,841.497
2023-01-04 10:06:00,673.279,843.429
2023-01-04 10:07:00,676.463,846.395
2023-01-04 10:08:00,680.363,849.568
2023-01-04 10:09:00,683.19,851.467
2023-01-04 10:10:00,685.57,851.329
2023-01-04 10:11:00,688.093,852.547
2023-01-04 10:12:00,691.05,854.219
2023-01-04 10:13:00,693.861,856.078
2023-01-04 10:14:00,696.978,858.236
2023-01-04 10:15:00,699.477,859.751
2023-01-04 10:16:00,701.368,859.959
2023-01-04 10:17:00,702.862,859.296
2023-01-04 10:18:00,704.87,859.824
2023-01-04 10:19:00,707.048,860.404
2023-01-04 10:20:00,709.309,861.179
2023-01-04 10:21:00,711.618,862.234
2023-01-04 10:22:00,714.179,863.81
2023-01-04 10:23:00,716.754,865.538
2023-01-04 10:24:00,718.662,866.131
2023-01-04 10:25:00,719.837,866.377
2023-01-04 10:26:00,721.002,866.255
2023-01-04 10:27:00,722.639,866.571
2023-01-04 10:28:00,724.974,868.447
2023-01-04 10:29:00,729.748,873.31
2023-01-04 10:30:00,733.248,876.102
2023-01-04 10:31:00,735.838,877.517
2023-01-04 10:32:00,738.709,879.729
2023-01-04 10:33:00,741.19,881.265
2023-01-04 10:34:00,743.99,883.41
2023-01-04 10:35:00,745.998,884.297
2023-01-04 10:36:00,747.094,884.274
2023-01-04 10:37:00,748.559,884.313
2023-01-04 10:38:00,749.901,884.478
2023-01-04 10:39:00,752.295,886.238
2023-01-04 10:40:00,755.019,888.342
2023-01-04 10:41:00,757.439,890.112
2023-01-04 10:42:00,760.404,892.773
2023-01-04 10:43:00,763.537,895.916
2023-01-04 10:44:00,765.192,896.269
2023-01-04 10:45:00,765.026,895.185
2023-01-04 10:46:00,765.507,894.739
2023-01-04 10:47:00,767.503,895.932
2023-01-04 10:48:00,769.61,897.142
2023-01-04 10:49:00,772.989,899.439
2023-01-04 10:50:00,775.442,901.1
2023-01-04 10:51:00,776.821,901.636
2023-01-04 10:52:00,778.531,902.325
2023-01-04 10:53:00,778.134,901.621
2023-01-04 10:54:00,780.268,903.521
2023-01-04 10:55:00,781.784,904.468
2023-01-04 10:56:00,784.029,905.975
2023-01-04 10:57:00,787.874,909.724
2023-01-04 10:58:00,791.273,912.343
2023-01-04 10:59:00,792.128,912.327
2023-01-04 11:00:00,792.099,911.064
2023-01-04 11:01:00,792.936,910.664
2023-01-04 11:02:00,794.658,911.756
2023-01-04 11:03:00,798.036,915.032
2023-01-04 11:04:00,798.119,913.63
2023-01-04 11:05:00,796.829,910.233
2023-01-04 11:06:00,795.873,907.267
2023-01-04 11:07:00,797.346,907.875
2023-01-04 11:08:00,800.053,909.666
2023-01-04 11:09:00,804.188,913.487
2023-01-04 11:10:00,806.83,915.687
2023-01-04 11:11:00,808.503,916.827
2023-01-04 11:12:00,810.085,917.512
2023-01-04 11:13:00,810.437,916.276
2023-01-04 11:14:00,810.76,915.569
2023-01-04 11:15:00,811.532,916.33
2023-01-04 11:16:00,812.804,917.1
2023-01-04 11:17:00,812.888,915.977
2023-01-04 11:18:00,814.149,916.512
2023-01-04 11:19:00,815.374,917.369
2023-01-04 11:20:00,817.518,918.958
2023-01-04 11:21:00,819.46,920.226
2023-01-04 11:22:00,821.055,920.787
2023-01-04 11:23:00,821.045,919.311
2023-01-04 11:24:00,821.164,918.721
2023-01-04 11:25:00,821.934,918.333
2023-01-04 11:26:00,823.29,918.792
2023-01-04 11:27:00,825.057,920.807
2023-01-04 11:28:00,828.0,924.582
2023-01-04 11:29:00,829.701,925.63
2023-01-04 11:30:00,828.549,922.78
2023-01-04 11:31:00,827.513,920.316
2023-01-04 11:32:00,826.353,918.151
2023-01-04 11:33:00,827.723,919.219
2023-01-04 11:34:00,830.133,921.922
2023-01-04 11:35:00,833.619,926.333
2023-01-04 11:36:00,836.059,928.19
2023-01-04 11:37:00,836.461,927.844
2023-01-04 11:38:00,834.854,925.393
2023-01-04 11:39:00,834.329,923.655
2023-01-04 11:40:00,833.674,922.042
2023-01-04 11:41:00,832.869,920.708
2023-01-04 11:42:00,833.138,921.116
2023-01-04 11:43:00,836.031,924.455
2023-01-04 11:44:00,838.122,926.797
2023-01-04 11:45:00,839.738,928.447
2023-01-04 11:46:00,839.706,927.508
2023-01-04 11:47:00,838.594,926.133
2023-01-04 11:48:00,838.914,926.065
2023-01-04 11:49:00,840.642,927.959
2023-01-04 11:50:00,841.218,927.99
2023-01-04 11:51:00,841.29,928.16
2023-01-04 11:52:00,841.007,927.441
2023-01-04 11:53:00,841.359,928.395
2023-01-04 11:54:00,841.195,927.14
2023-01-04 11:55:00,840.244,925.627
2023-01-04 11:56:00,839.73,924.965
2023-01-04 11:57:00,840.857,925.955
2023-01-04 11:58:00,842.989,928.088
2023-01-04 11:59:00,844.407,929.793
2023-01-04 12:00:00,845.06,930.586
2023-01-04 12:01:00,845.126,930.37
2023-01-04 12:02:00,843.969,928.907
2023-01-04 12:03:00,843.452,928.453
2023-01-04 12:04:00,842.828,927.193
2023-01-04 12:05:00,841.048,924.552
2023-01-04 12:06:00,841.392,924.172
2023-01-04 12:07:00,844.513,928.553
2023-01-04 12:08:00,846.798,930.755
2023-01-04 12:09:00,847.978,931.502
2023-01-04 12:10:00,844.03,926.141
2023-01-04 12:11:00,843.511,926.026
2023-01-04 12:12:00,843.065,925.567
2023-01-04 12:13:00,841.819,924.357
2023-01-04 12:14:00,843.925,928.453
2023-01-04 12:15:00,844.118,928.478
2023-01-04 12:16:00,842.527,926.259
2023-01-04 12:17:00,841.565,924.774
2023-01-04 12:18:00,841.719,924.909
2023-01-04 12:19:00,842.165,925.469
2023-01-04 12:20:00,841.611,924.749
2023-01-04 12:21:00,841.27,924.104
2023-01-04 12:22:00,841.11,923.762
2023-01-04 12:23:00,840.41,923.19
2023-01-04 12:24:00,841.678,924.825
2023-01-04 12:25:00,841.585,924.874
2023-01-04 12:26:00,842.394,925.826
2023-01-04 12:27:00,842.56,925.928
2023-01-04 12:28:00,841.245,923.948
2023-01-04 12:29:00,839.5,921.703
2023-01-04 12:30:00,837.851,919.078
2023-01-04 12:31:00,837.762,919.178
2023-01-04 12:32:00,837.128,918.529
2023-01-04 12:33:00,836.373,917.115
2023-01-04 12:34:00,836.012,916.81
2023-01-04 12:35:00,836.627,917.543
2023-01-04 12:36:00,835.603,916.704
2023-01-04 12:37:00,834.5,915.689
2023-01-04 12:38:00,834.549,916.055
2023-01-04 12:39:00,832.753,913.343
2023-01-04 12:40:00,831.32,911.326
2023-01-04 12:41:00,829.824,910.26
2023-01-04 12:42:00,829.506,909.941
2023-01-04 12:43:00,829.138,909.512
2023-01-04 12:44:00,827.14,906.768
2023-01-04 12:45:00,828.406,908.614
2023-01-04 12:46:00,827.525,907.609
2023-01-04 12:47:00,828.535,909.083
2023-01-04 12:48:00,827.945,908.414
2023-01-04 12:49:00,824.769,904.567
2023-01-04 12:50:00,823.013,902.893
2023-01-04 12:51:00,822.448,902.609
2023-01-04 12:52:00,822.689,904.007
2023-01-04 12:53:00,824.14,906.842
2023-01-04 12:54:00,821.433,903.738
2023-01-04 12:55:00,821.451,904.357
2023-01-04 12:56:00,822.302,906.024
2023-01-04 12:57:00,820.71,904.407
2023-01-04 12:58:00,814.983,897.209
2023-01-04 12:59:00,814.355,896.955
2023-01-04 13:00:00,812.737,895.306
2023-01-04 13:01:00,811.57,895.211
2023-01-04 13:02:00,810.232,894.44
2023-01-04 13:03:00,812.37,898.711
2023-01-04 13:04:00,812.745,899.907
2023-01-04 13:05:00,813.248,901.278
2023-01-04 13:06:00,813.27,902.099
2023-01-04 13:07:00,811.066,900.382
2023-01-04 13:08:00,808.909,898.634
2023-01-04 13:09:00,808.221,898.854
2023-01-04 13:10:00,801.829,891.322
2023-01-04 13:11:00,799.089,889.043
2023-01-04 13:12:00,804.298,897.24
2023-01-04 13:13:00,802.878,896.009
2023-01-04 13:14:00,799.845,892.986
2023-01-04 13:15:00,798.797,893.086
2023-01-04 13:16:00,798.339,894.328
2023-01-04 13:17:00,797.457,894.062
2023-01-04 13:18:00,794.238,890.49
2023-01-04 13:19:00,791.215,887.65
2023-01-04 13:20:00,789.463,886.991
2023-01-04 13:21:00,789.58,888.362
2023-01-04 13:22:00,788.551,888.652
2023-01-04 13:23:00,785.826,886.746
2023-01-04 13:24:00,784.826,886.916
2023-01-04 13:25:00,782.834,885.806
2023-01-04 13:26:00,784.495,889.899
2023-01-04 13:27:00,785.714,892.718
2023-01-04 13:28:00,783.765,891.118
2023-01-04 13:29:00,781.99,890.383
2023-01-04 13:30:00,778.711,887.246
2023-01-04 13:31:00,775.795,884.964
2023-01-04 13:32:00,771.618,880.842
2023-01-04 13:33:00,772.868,884.074
2023-01-04 13:34:00,772.867,885.751
2023-01-04 13:35:00,769.817,883.653
2023-01-04 13:36:00,766.297,880.893
2023-01-04 13:37:00,765.306,881.18
2023-01-04 13:38:00,765.043,882.46
2023-01-04 13:39:00,771.092,892.19
2023-01-04 13:40:00,765.451,886.298
2023-01-04 13:41:00,760.672,882.516
2023-01-04 13:42:00,758.575,882.268
2023-01-04 13:43:00,758.021,883.586
2023-01-04 13:44:00,756.175,882.596
2023-01-04 13:45:00,757.135,884.26
2023-01-04 13:46:00,755.849,882.968
2023-01-04 13:47:00,752.904,881.839
2023-01-04 13:48:00,751.308,881.851
2023-01-04 13:49:00,750.227,882.389
2023-01-04 13:50:00,744.862,876.448
2023-01-04 13:51:00,742.899,875.616
2023-01-04 13:52:00,738.86,871.93
2023-01-04 13:53:00,736.683,871.098
2023-01-04 13:54:00,734.769,870.984
2023-01-04 13:55:00,732.318,870.078
2023-01-04 13:56:00,732.285,872.764
2023-01-04 13:57:00,727.942,869.201
2023-01-04 13:58:00,724.609,867.105
2023-01-04 13:59:00,722.823,866.208
2023-01-04 14:00:00,724.423,869.631
2023-01-04 14:01:00,722.649,868.287
2023-01-04 14:02:00,718.046,863.479
2023-01-04 14:03:00,712.311,857.59
2023-01-04 14:04:00,706.69,851.917
2023-01-04 14:05:00,705.37,852.628
2023-01-04 14:06:00,705.197,854.316
2023-01-04 14:07:00,704.172,854.279
2023-01-04 14:08:00,696.865,846.256
2023-01-04 14:09:00,693.602,843.193
2023-01-04 14:10:00,689.873,840.394
2023-01-04 14:11:00,687.612,838.831
2023-01-04 14:12:00,687.728,840.387
2023-01-04 14:13:00,687.078,840.897
2023-01-04 14:14:00,684.209,838.419
2023-01-04 14:15:00,681.669,837.08
2023-01-04 14:16:00,678.755,834.864
2023-01-04 14:17:00,675.67,831.969
2023-01-04 14:18:00,670.807,826.802
2023-01-04 14:19:00,668.88,825.895
2023-01-04 14:20:00,664.969,822.686
2023-01-04 14:21:00,660.345,818.391
2023-01-04 14:22:00,654.688,811.795
2023-01-04 14:23:00,650.798,808.798
2023-01-04 14:24:00,654.597,817.387
2023-01-04 14:25:00,654.831,821.226
2023-01-04 14:26:00,650.614,817.356
2023-01-04 14:27:00,647.504,815.174
2023-01-04 14:28:00,642.613,810.228
2023-01-04 14:29:00,639.052,807.01
2023-01-04 14:30:00,638.692,808.935
2023-01-04 14:31:00,637.171,809.578
2023-01-04 14:32:00,635.08,809.052
2023-01-04 14:33:00,634.437,811.225
2023-01-04 14:34:00,631.109,808.646
2023-01-04 14:35:00,627.105,804.851
2023-01-04 14:36:00,625.463,804.529
2023-01-04 14:37:00,618.071,796.062
2023-01-04 14:38:00,609.985,786.888
2023-01-04 14:39:00,604.266,779.684
2023-01-04 14:40:00,598.714,772.859
2023-01-04 14:41:00,595.18,770.015
2023-01-04 14:42:00,591.863,767.37
2023-01-04 14:43:00,589.488,766.242
2023-01-04 14:44:00,585.218,762.238
2023-01-04 14:45:00,585.246,765.93
2023-01-04 14:46:00,586.415,770.319
2023-01-04 14:47:00,582.959,766.506
2023-01-04 14:48:00,579.308,761.868
2023-01-04 14:49:00,574.803,756.727
2023-01-04 14:50:00,574.309,759.097
2023-01-04 14:51:00,574.602,762.249
2023-01-04 14:52:00,573.195,762.755
2023-01-04 14:53:00,567.433,756.471
2023-01-04 14:54:00,560.992,747.95
2023-01-04 14:55:00,553.965,739.135
2023-01-04 14:56:00,549.005,733.56
2023-01-04 14:57:00,551.812,741.805
2023-01-04 14:58:00,555.198,750.727
2023-01-04 14:59:00,556.141,754.015
2023-01-04 15:00:00,552.707,751.699
2023-01-04 15:01:00,548.019,750.661
2023-01-04 15:02:00,545.859,751.824
2023-01-04 15:03:00,542.675,750.082
2023-01-04 15:04:00,539.28,747.665
2023-01-04 15:05:00,532.5,739.488
2023-01-04 15:06:00,526.793,733.102
2023-01-04 15:07:00,520.263,724.866
2023-01-04 15:08:00,516.648,721.557
2023-01-04 15:09:00,517.757,728.348
2023-01-04 15:10:00,516.428,731.354
2023-01-04 15:11:00,515.766,735.374
2023-01-04 15:12:00,514.51,737.77
2023-01-04 15:13:00,514.309,741.509
2023-01-04 15:14:00,509.909,736.459
2023-01-04 15:15:00,505.896,731.53
2023-01-04 15:16:00,504.339,731.483
2023-01-04 15:17:00,499.608,725.159
2023-01-04 15:18:00,498.268,726.66
2023-01-04 15:19:00,496.375,728.651
2023-01-04 15:20:00,491.302,723.817
2023-01-04 15:21:00,486.673,718.696
2023-01-04 15:22:00,480.231,709.771
2023-01-04 15:23:00,476.299,707.436
2023-01-04 15:24:00,474.593,709.145
2023-01-04 15:25:00,472.466,709.218
2023-01-04 15:26:00,469.21,705.732
2023-01-04 15:27:00,467.407,703.053
2023-01-04 15:28:00,468.614,705.687
2023-01-04 15:29:00,474.275,717.292
2023-01-04 15:30:00,472.367,714.262
2023-01-04 15:31:00,466.648,706.013
2023-01-04 15:32:00,460.982,699.351
2023-01-04 15:33:00,461.971,707.057
2023-01-04 15:34:00,460.508,710.925
2023-01-04 15:35:00,462.11,719.991
2023-01-04 15:36:00,466.927,731.009
2023-01-04 15:37:00,466.359,730.21
2023-01-04 15:38:00,463.484,727.426
2023-01-04 15:39:00,454.129,713.211
2023-01-04 15:40:00,447.809,704.886
2023-01-04 15:41:00,443.615,699.302
2023-01-04 15:42:00,439.336,695.037
2023-01-04 15:43:00,431.867,689.098
2023-01-04 15:44:00,421.384,679.172
2023-01-04 15:45:00,417.262,682.163
2023-01-04 15:46:00,410.917,678.943
2023-01-04 15:47:00,408.864,685.802
2023-01-04 15:48:00,394.952,662.226
2023-01-04 15:49:00,392.163,659.887
2023-01-04 15:50:00,396.162,677.734
2023-01-04 15:51:00,394.655,687.812
2023-01-04 15:52:00,389.996,692.808
2023-01-04 15:53:00,385.742,694.334
2023-01-04 15:54:00,378.91,685.751
2023-01-04 15:55:00,373.405,678.126
2023-01-04 15:56:00,370.664,677.071
2023-01-04 15:57:00,368.795,678.831
2023-01-04 15:58:00,367.708,684.417
2023-01-04 15:59:00,361.836,678.731
2023-01-04 16:00:00,356.02,674.285
2023-01-04 16:01:00,349.357,667.233
2023-01-04 16:02:00,348.429,673.737
2023-01-04 16:03:00,346.427,677.32
2023-01-04 16:04:00,342.915,677.714
2023-01-04 16:05:00,337.21,671.253
2023-01-04 16:06:00,326.513,650.916
2023-01-04 16:07:00,282.539,536.419
2023-01-04 16:08:00,323.774,658.088
2023-01-04 16:09:00,322.603,663.565
2023-01-04 16:10:00,320.402,665.773
2023-01-04 16:11:00,315.453,660.229
2023-01-04 16:12:00,312.878,660.681
2023-01-04 16:13:00,312.22,664.717
2023-01-04 16:14:00,306.874,654.394
2023-01-04 16:15:00,302.301,646.524
2023-01-04 16:16:00,295.275,632.986
2023-01-04 16:17:00,289.129,622.523
2023-01-04 16:18:00,283.799,613.388
2023-01-04 16:19:00,282.654,616.367
2023-01-04 16:20:00,277.046,607.12
2023-01-04 16:21:00,270.904,596.167
2023-01-04 16:22:00,271.869,606.904
2023-01-04 16:23:00,268.519,604.023
2023-01-04 16:24:00,266.217,606.203
2023-01-04 16:25:00,246.939,555.104
2023-01-04 16:26:00,263.664,618.869
2023-01-04 16:27:00,260.794,620.195
2023-01-04 16:28:00,255.444,610.967
2023-01-04 16:29:00,243.939,580.248
2023-01-04 16:30:00,228.891,538.443
2023-01-04 16:31:00,221.061,520.488
2023-01-04 16:32:00,223.329,536.765
2023-01-04 16:33:00,223.23,544.773
2023-01-04 16:34:00,203.67,484.541
2023-01-04 16:35:00,123.096,197.676
2023-01-04 16:36:00,80.9309,49.548
2023-01-04 16:37:00,69.3496,11.5052
2023-01-04 16:38:00,67.7398,9.72815
2023-01-04 16:39:00,66.1437,8.24457
2023-01-04 16:40:00,65.0776,7.31958
2023-01-04 16:41:00,65.233,9.76691
2023-01-04 16:42:00,64.7707,9.07131
2023-01-04 16:43:00,64.2011,10.3732
2023-01-04 16:44:00,62.7772,10.044
2023-01-04 16:45:00,61.0122,8.4025
2023-01-04 16:46:00,59.8304,7.48194
2023-01-04 16:47:00,57.3197,2.75712
2023-01-04 16:48:00,55.4644,1.47463
2023-01-04 16:49:00,54.4894,1.25567
2023-01-04 16:50:00,53.8548,1.28845
2023-01-04 16:51:00,53.4076,0.948838
2023-01-04 16:52:00,52.8314,0.674767
2023-01-04 16:53:00,51.7286,0.494532
2023-01-04 16:54:00,50.4535,0.375369
2023-01-04 16:55:00,49.1385,0.233862
2023-01-04 16:56:00,48.0595,0.202581
2023-01-04 16:57:00,47.2089,0.16832
2023-01-04 16:58:00,46.2499,0.142998
2023-01-04 16:59:00,45.2931,0.218966
2023-01-04 17:00:00,44.5464,0.373879
2023-01-04 17:01:00,43.8262,0.470702
2023-01-04 17:02:00,43.1366,0.737335
2023-01-04 17:03:00,42.3442,1.18271
2023-01-04 17:04:00,41.3166,1.55957
2023-01-04 17:05:00,40.4752,1.94239
2023-01-04 17:06:00,39.8119,1.91558
2023-01-04 17:07:00,39.2125,1.90217
2023-01-04 17:08:00,40.5117,14.4666
2023-01-04 17:09:00,45.3699,51.6583
2023-01-04 17:10:00,56.0585,132.436
2023-01-04 17:11:00,56.812,147.873
2023-01-04 17:12:00,47.0196,88.0841
2023-01-04 17:13:00,35.6117,13.2884
2023-01-04 17:14:00,33.0509,1.0278
2023-01-04 17:15:00,32.182,1.0993
2023-01-04 17:16:00,31.1671,0.120655
2023-01-04 17:17:00,30.2824,0.0253227
2023-01-04 17:18:00,29.4102,-0.0357498
2023-01-04 17:19:00,28.4273,-0.0774581
2023-01-04 17:20:00,27.4375,-0.116187
2023-01-04 17:21:00,26.4133,-0.138531
2023-01-04 17:22:00,25.3241,-0.178749
2023-01-04 17:23:00,24.2588,-0.223436
2023-01-04 17:24:00,23.1444,-0.220456
2023-01-04 17:25:00,21.972,-0.236842
2023-01-04 17:26:00,20.8292,-0.213009
2023-01-04 17:27:00,19.6624,-0.207052
2023-01-04 17:28:00,18.5711,-0.145979
2023-01-04 17:29:00,17.5423,-0.131083
2023-01-04 17:30:00,16.4942,-0.0849061
2023-01-04 17:31:00,15.4861,-0.0908644
2023-01-04 17:32:00,14.5476,-0.0774579
2023-01-04 17:33:00,13.6444,0.00744786
2023-01-04 17:34:00,12.7596,0.274082
2023-01-04 17:35:00,11.9833,11.0258
2023-01-04 17:36:00,11.2675,28.7296
2023-01-04 17:37:00,10.6156,26.6636
2023-01-04 17:38:00,9.88607,21.8418
2023-01-04 17:39:00,8.97726,7.16938
2023-01-04 17:40:00,8.04679,1.26019
2023-01-04 17:41:00,7.11172,0.163855
2023-01-04 17:42:00,6.24401,0.0670314
2023-01-04 17:43:00,5.44023,-0.0431979
2023-01-04 17:44:00,4.63873,-0.0953327
2023-01-04 17:45:00,3.91032,-0.202582
2023-01-04 17:46:00,3.29037,-0.199603
2023-01-04 17:47:00,2.75492,-0.271102
2023-01-04 17:48:00,2.25372,-0.311321
2023-01-04 17:49:00,1.84042,-0.287487
2023-01-04 17:50:00,1.40201,-0.287488
2023-01-04 17:51:00,0.983002,-0.344091
2023-01-04 17:52:00,0.601675,-0.339622
2023-01-04 17:53:00,0.205505,-0.323236
2023-01-04 17:54:00,-0.163263,-0.297914
2023-01-04 17:55:00,-0.478371,-0.274081
2023-01-04 17:56:00,-0.767221,-0.256206
2023-01-04 17:57:00,-1.04922,-0.232374
2023-01-04 17:58:00,-1.23989,-0.226416
2023-01-04 17:59:00,-1.46023,-0.221946
2023-01-04 18:00:00,-1.63492,-0.229395
2023-01-04 18:01:00,-1.79133,-0.224927
2023-01-04 18:02:00,-1.91806,-0.244291
2023-01-04 18:03:00,-2.04936,-0.223437
2023-01-04 18:04:00,-2.1681,-0.218968
2023-01-04 18:05:00,-2.26285,-0.211519
2023-01-04 18:06:00,-2.38843,-0.226414
2023-01-04 18:07:00,-2.43639,-0.224926
2023-01-04 18:08:00,-2.5631,-0.223435
2023-01-04 18:09:00,-2.59963,-0.223434
2023-01-04 18:10:00,-2.65102,-0.210029
2023-01-04 18:11:00,-2.69897,-0.213009
2023-01-04 18:12:00,-2.71495,-0.211519
2023-01-04 18:13:00,-2.72409,-0.177259
2023-01-04 18:14:00,-2.74236,-0.195134
2023-01-04 18:15:00,-2.7024,-0.20705
2023-01-04 18:16:00,-2.75377,-0.224925
2023-01-04 18:17:00,-2.76975,-0.190665
2023-01-04 18:18:00,-2.76746,-0.186195
2023-01-04 18:19:00,-2.76975,-0.165342
2023-01-04 18:20:00,-2.76518,-0.168321
2023-01-04 18:21:00,-2.73207,-0.156404
2023-01-04 18:22:00,-2.75377,-0.17279
2023-01-04 18:23:00,-2.75834,-0.178748
2023-01-04 18:24:00,-2.78002,-0.174279
2023-01-04 18:25:00,-2.77545,-0.177258
2023-01-04 18:26:00,-2.78002,-0.189175
2023-01-04 18:27:00,-2.73208,-0.145978
2023-01-04 18:28:00,-2.75491,-0.183217
2023-01-04 18:29:00,-2.77432,-0.13853
2023-01-04 18:30:00,-2.76176,-0.157894
2023-01-04 18:31:00,-2.77203,-0.160873
2023-01-04 18:32:00,-2.78802,-0.145977
2023-01-04 18:33:00,-2.78914,-0.144487
2023-01-04 18:34:00,-2.78686,-0.177257
2023-01-04 18:35:00,-2.8314,-0.178748
2023-01-04 18:36:00,-2.82229,-0.147468
2023-01-04 18:37:00,-2.81886,-0.17726
2023-01-04 18:38:00,-2.79717,-0.189176
2023-01-04 18:39:00,-2.81202,-0.207052
2023-01-04 18:40:00,-2.81658,-0.202583
2023-01-04 18:41:00,-2.79374,-0.205561
2023-01-04 18:42:00,-2.74235,-0.169811
2023-01-04 18:43:00,-2.72522,-0.201091
2023-01-04 18:44:00,-2.74235,-0.202581
2023-01-04 18:45:00,-2.74006,-0.141509
2023-01-04 18:46:00,-2.76747,-0.183217
2023-01-04 18:47:00,-2.76861,-0.135551
2023-01-04 18:48:00,-2.76289,-0.157893
2023-01-04 18:49:00,-2.77316,-0.160872
2023-01-04 18:50:00,-2.78457,-0.16683
2023-01-04 18:51:00,-2.79829,-0.129592
2023-01-04 18:52:00,-2.85538,-0.159384
2023-01-04 18:53:00,-2.86565,-0.165342
2023-01-04 18:54:00,-2.85423,-0.157894
2023-01-04 18:55:00,-2.85194,-0.177258
2023-01-04 18:56:00,-2.88162,-0.186195
2023-01-04 18:57:00,-2.87592,-0.172789
2023-01-04 18:58:00,-2.8919,-0.20258
2023-01-04 18:59:00,-2.9193,-0.193642
2023-01-04 19:00:00,-2.92957,-0.186194
2023-01-04 19:01:00,-2.93756,-0.180236
2023-01-04 19:02:00,-2.92956,-0.186194
2023-01-04 19:03:00,-2.9307,-0.183215
2023-01-04 19:04:00,-2.91244,-0.190663
2023-01-04 19:05:00,-2.92042,-0.183214
2023-01-04 19:06:00,-2.91128,-0.169808
2023-01-04 19:07:00,-2.88617,-0.177256
2023-01-04 19:08:00,-2.93755,-0.180235
2023-01-04 19:09:00,-2.94211,-0.177256
2023-01-04 19:10:00,-2.94325,-0.16385
2023-01-04 19:11:00,-2.91243,-0.137039
2023-01-04 19:12:00,-2.93755,-0.184704
2023-01-04 19:13:00,-2.91929,-0.172788
2023-01-04 19:14:00,-2.96153,-0.193642
2023-01-04 19:15:00,-2.94099,-0.153425
2023-01-04 19:16:00,-2.91817,-0.162363
2023-01-04 19:17:00,-2.91474,-0.172789
2023-01-04 19:18:00,-2.92502,-0.153425
2023-01-04 19:19:00,-2.91016,-0.169809
2023-01-04 19:20:00,-2.89073,-0.142997
2023-01-04 19:21:00,-2.86789,-0.153423
2023-01-04 19:22:00,-2.88274,-0.178745
2023-01-04 19:23:00,-2.8873,-0.151933
2023-01-04 19:24:00,-2.90442,-0.159381
2023-01-04 19:25:00,-2.89986,-0.151934
2023-01-04 19:26:00,-2.93868,-0.183214
2023-01-04 19:27:00,-2.99463,-0.175766
2023-01-04 19:28:00,-2.97635,-0.169808
2023-01-04 19:29:00,-2.99348,-0.183214
2023-01-04 19:30:00,-2.97863,-0.184703
2023-01-04 19:31:00,-2.96607,-0.180235
2023-01-04 19:32:00,-2.97064,-0.19513
2023-01-04 19:33:00,-2.94667,-0.181725
2023-01-04 19:34:00,-2.96608,-0.183214
2023-01-04 19:35:00,-3.01402,-0.180235
2023-01-04 19:36:00,-2.99005,-0.178745
2023-01-04 19:37:00,-2.94325,-0.171298
2023-01-04 19:38:00,-2.91357,-0.184704
2023-01-04 19:39:00,-2.92156,-0.178746
2023-01-04 19:40:00,-2.91698,-0.180235
2023-01-04 19:41:00,-2.90441,-0.171297
2023-01-04 19:42:00,-2.96149,-0.172786
2023-01-04 19:43:00,-2.91468,-0.123631
2023-01-04 19:44:00,-2.893,-0.177255
2023-01-04 19:45:00,-2.8873,-0.16236
2023-01-04 19:46:00,-2.87245,-0.165339
2023-01-04 19:47:00,-2.86104,-0.174277
2023-01-04 19:48:00,-2.85191,-0.180235
2023-01-04 19:49:00,-2.88044,-0.175765
2023-01-04 19:50:00,-2.90212,-0.162359
2023-01-04 19:51:00,-2.90212,-0.122142
2023-01-04 19:52:00,-2.85189,-0.125121
2023-01-04 19:53:00,-2.8713,-0.181723
2023-01-04 19:54:00,-2.88501,-0.166828
2023-01-04 19:55:00,-2.87702,-0.168318
2023-01-04 19:56:00,-2.88158,-0.153422
2023-01-04 19:57:00,-2.87245,-0.135548
2023-01-04 19:58:00,-2.88044,-0.156402
2023-01-04 19:59:00,-2.83592,-0.0819247
2023-01-04 20:00:00,-2.77656,-0.153423
2023-01-04 20:01:00,-2.80282,-0.180235
2023-01-04 20:02:00,-2.83593,-0.156402
2023-01-04 20:03:00,-2.87246,-0.125122
2023-01-04 20:04:00,-2.87817,-0.134059
2023-01-04 20:05:00,-2.92269,-0.151934
2023-01-04 20:06:00,-2.96722,-0.151934
2023-01-04 20:07:00,-2.94896,-0.162361
2023-01-04 20:08:00,-2.95921,-0.175765
2023-01-04 20:09:00,-3.01287,-0.178744
2023-01-04 20:10:00,-3.00943,-0.174275
2023-01-04 20:11:00,-2.99687,-0.180233
2023-01-04 20:12:00,-3.00602,-0.180234
2023-01-04 20:13:00,-2.98662,-0.180234
2023-01-04 20:14:00,-2.98776,-0.186192
2023-01-04 20:15:00,-2.94665,-0.180234
2023-01-04 20:16:00,-2.94664,-0.178744
2023-01-04 20:17:00,-2.93864,-0.190659
2023-01-04 20:18:00,-2.96262,-0.178743
2023-01-04 20:19:00,-2.9044,-0.180233
2023-01-04 20:20:00,-2.93066,-0.180233
2023-01-04 20:21:00,-2.93293,-0.18917
2023-01-04 20:22:00,-2.9101,-0.178743
2023-01-04 20:23:00,-2.89299,-0.178744
2023-01-04 20:24:00,-2.89413,-0.169807
2023-01-04 20:25:00,-2.8713,-0.178744
2023-01-04 20:26:00,-2.84504,-0.165339
2023-01-04 20:27:00,-2.81878,-0.125121
2023-01-04 20:28:00,-2.80049,-0.138526
2023-01-04 20:29:00,-2.83475,-0.153421
2023-01-04 20:30:00,-2.89183,-0.113204
2023-01-04 20:31:00,-2.93407,-0.0968191
2023-01-04 20:32:00,-2.88611,-0.110224
2023-01-04 20:33:00,-2.90894,-0.15342
2023-01-04 20:34:00,-2.97516,-0.175763
2023-01-04 20:35:00,-2.95005,-0.174274
2023-01-04 20:36:00,-2.94319,-0.175763
2023-01-04 20:37:00,-2.90779,-0.174273
2023-01-04 20:38:00,-2.93863,-0.178742
2023-01-04 20:39:00,-2.96374,-0.178742
2023-01-04 20:40:00,-3.0094,-0.180231
2023-01-04 20:41:00,-3.0174,-0.180232
2023-01-04 20:42:00,-3.02997,-0.202576
2023-01-04 20:43:00,-3.04254,-0.233856
2023-01-04 20:44:00,-2.98546,-0.235346
2023-01-04 20:45:00,-2.99116,-0.256199
2023-01-04 20:46:00,-2.95919,-0.260667
2023-01-04 20:47:00,-2.93065,-0.25173
2023-01-04 20:48:00,-2.9078,-0.233854
2023-01-04 20:49:00,-2.88611,-0.190659
2023-01-04 20:50:00,-2.84731,-0.233855
2023-01-04 20:51:00,-2.87583,-0.193637
2023-01-04 20:52:00,-2.82218,-0.177253
2023-01-04 20:53:00,-2.83359,-0.175763
2023-01-04 20:54:00,-2.76509,-0.165336
2023-01-04 20:55:00,-2.73426,-0.177252
2023-01-04 20:56:00,-2.75482,-0.181721
2023-01-04 20:57:00,-2.77536,-0.169805
2023-01-04 20:58:00,-2.75025,-0.180231
2023-01-04 20:59:00,-2.75596,-0.181721
2023-01-04 21:00:00,-2.75939,-0.1847
2023-01-04 21:01:00,-2.78907,-0.190658
2023-01-04 21:02:00,-2.853,-0.192148
2023-01-04 21:03:00,-2.81647,-0.181721
2023-01-04 21:04:00,-2.8256,-0.183211
2023-01-04 21:05:00,-2.81305,-0.180232
2023-01-04 21:06:00,-2.8199,-0.1847
2023-01-04 21:07:00,-2.77194,-0.171294
2023-01-04 21:08:00,-2.77307,-0.18321
2023-01-04 21:09:00,-2.77079,-0.166825
2023-01-04 21:10:00,-2.72969,-0.174273
2023-01-04 21:11:00,-2.74568,-0.187679
2023-01-04 21:12:00,-2.72513,-0.175763
2023-01-04 21:13:00,-2.73769,-0.175763
2023-01-04 21:14:00,-2.73998,-0.175763
2023-01-04 21:15:00,-2.77194,-0.177253
2023-01-04 21:16:00,-2.77994,-0.181721
2023-01-04 21:17:00,-2.81875,-0.189169
2023-01-04 21:18:00,-2.81874,-0.201084
2023-01-04 21:19:00,-2.79477,-0.241302
2023-01-04 21:20:00,-2.80847,-0.268113
2023-01-04 21:21:00,-2.90665,-0.280028
2023-01-04 21:22:00,-3.01739,-0.315777
2023-01-04 21:23:00,-3.13613,-0.198105
2023-01-04 21:24:00,-3.25143,-0.159378
2023-01-04 21:25:00,-3.31764,-0.150441
2023-01-04 21:26:00,-3.31993,-0.147462
2023-01-04 21:27:00,-3.35531,-0.172783
2023-01-04 21:28:00,-3.30851,-0.186189
2023-01-04 21:29:00,-3.46719,-0.253216
2023-01-04 21:30:00,-3.63958,-0.195126
2023-01-04 21:31:00,-3.52542,-0.148951
2023-01-04 21:32:00,-3.28566,-0.168314
2023-01-04 21:33:00,-3.28679,-0.293431
2023-01-04 21:34:00,-3.26167,-0.315773
2023-01-04 21:35:00,-3.17263,-0.239809
2023-01-04 21:36:00,-3.29822,-0.30088
2023-01-04 21:37:00,-3.37128,-0.26811
2023-01-04 21:38:00,-3.3964,-0.238321
2023-01-04 21:39:00,-3.36786,-0.148951
2023-01-04 21:40:00,-3.25712,-0.147461
2023-01-04 21:41:00,-3.23314,-0.23832
2023-01-04 21:42:00,-3.24456,-0.254705
2023-01-04 21:43:00,-3.05848,-0.190657
2023-01-04 21:44:00,-2.98998,-0.271091
2023-01-04 21:45:00,-3.05848,-0.336629
2023-01-04 21:46:00,-3.02879,-0.294922
2023-01-04 21:47:00,-2.97171,-0.268111
2023-01-04 21:48:00,-2.93747,-0.248748
2023-01-04 21:49:00,-2.8039,-0.241301
2023-01-04 21:50:00,-2.86441,-0.300882
2023-01-04 21:51:00,-2.89409,-0.256197
2023-01-04 21:52:00,-2.76165,-0.220447
2023-01-04 21:53:00,-2.76622,-0.260664
2023-01-04 21:54:00,-2.7274,-0.259175
2023-01-04 21:55:00,-2.64749,-0.186189
2023-01-04 21:56:00,-2.57328,-0.239811
2023-01-04 21:57:00,-2.62236,-0.284495
2023-01-04 21:58:00,-2.70799,-0.259174
2023-01-04 21:59:00,-2.75479,-0.256194
2023-01-04 22:00:00,-2.821,-0.162355
2023-01-04 22:01:00,-2.72396,-0.17874
2023-01-04 22:02:00,-2.62805,-0.162355
2023-01-04 22:03:00,-2.52988,-0.220445
2023-01-04 22:04:00,-2.58468,-0.226404
2023-01-04 22:05:00,-2.57441,-0.218957
2023-01-04 22:06:00,-2.46823,-0.189167
2023-01-04 22:07:00,-2.49793,-0.244279
2023-01-04 22:08:00,-2.43742,-0.227895
2023-01-04 22:09:00,-2.38833,-0.217468
2023-01-04 22:10:00,-2.28444,-0.186189
2023-01-04 22:11:00,-2.3324,-0.284497
2023-01-04 22:12:00,-2.44656,-0.208532
2023-01-04 22:13:00,-2.53217,-0.190656
2023-01-04 22:14:00,-2.64175,-0.159376
2023-01-04 22:15:00,-2.50133,-0.116181
2023-01-04 22:16:00,-2.47051,-0.168313
2023-01-04 22:17:00,-2.50476,-0.190655
2023-01-04 22:18:00,-2.45225,-0.172782
2023-01-04 22:19:00,-2.18967,-0.157887
2023-01-04 22:20:00,-1.9876,-0.262152
2023-01-04 22:21:00,-2.19766,-0.379822
2023-01-04 22:22:00,-2.37576,-0.303858
2023-01-04 22:23:00,-2.32895,-0.254704
2023-01-04 22:24:00,-2.3575,-0.214488
2023-01-04 22:25:00,-2.18511,-0.165335
2023-01-04 22:26:00,-2.38375,-0.275558
2023-01-04 22:27:00,-2.35065,-0.145971
2023-01-04 22:28:00,-2.16341,-0.186187
2023-01-04 22:29:00,-2.37232,-0.291941
2023-01-04 22:30:00,-2.33351,-0.207039
2023-01-04 22:31:00,-2.39059,-0.218956
2023-01-04 22:32:00,-2.46138,-0.201082
2023-01-04 22:33:00,-2.53444,-0.210018
2023-01-04 22:34:00,-2.59837,-0.180229
2023-01-04 22:35:00,-2.60407,-0.181718
2023-01-04 22:36:00,-2.54927,-0.160865
2023-01-04 22:37:00,-2.62577,-0.208529
2023-01-04 22:38:00,-2.57097,-0.180229
2023-01-04 22:39:00,-2.64633,-0.193635
2023-01-04 22:40:00,-2.67602,-0.163845
2023-01-04 22:41:00,-2.69656,-0.144481
2023-01-04 22:42:00,-2.67371,-0.172781
2023-01-04 22:43:00,-2.70795,-0.201081
2023-01-04 22:44:00,-2.60635,-0.23087
2023-01-04 22:45:00,-2.58694,-0.26215
2023-01-04 22:46:00,-2.48419,-0.272576
2023-01-04 22:47:00,-2.33692,-0.291939
2023-01-04 22:48:00,-2.23874,-0.284492
2023-01-04 22:49:00,-2.3883,-0.336624
2023-01-04 22:50:00,-2.43283,-0.281514
2023-01-04 22:51:00,-2.42371,-0.23832
2023-01-04 22:52:00,-2.48307,-0.211509
2023-01-04 22:53:00,-2.47622,-0.166824
2023-01-04 22:54:00,-2.49677,-0.215977
2023-01-04 22:55:00,-2.66573,-0.20853
2023-01-04 22:56:00,-2.70112,-0.140013
2023-01-04 22:57:00,-2.61778,-0.150439
2023-01-04 22:58:00,-2.64746,-0.196613
2023-01-04 22:59:00,-2.5036,-0.138522
2023-01-04 23:00:00,-2.27755,-0.154906
2023-01-04 23:01:00,-2.17594,-0.212996
2023-01-04 23:02:00,-2.15768,-0.186185
2023-01-04 23:03:00,-2.15768,-0.169801
2023-01-04 23:04:00,-2.15653,-0.151927
2023-01-04 23:05:00,-2.18394,-0.137033
2023-01-04 23:06:00,-2.22733,-0.128096
2023-01-04 23:07:00,-2.27529,-0.0774537
2023-01-04 23:08:00,-2.28785,-0.0878804
2023-01-04 23:09:00,-2.28898,-0.11618
2023-01-04 23:10:00,-2.36317,-0.147459
2023-01-04 23:11:00,-2.42824,-0.175758
2023-01-04 23:12:00,-2.4545,-0.178737
2023-01-04 23:13:00,-2.48646,-0.174269
2023-01-04 23:14:00,-2.50245,-0.190653
2023-01-04 23:15:00,-2.52072,-0.199591
2023-01-04 23:16:00,-2.5447,-0.20257
2023-01-04 23:17:00,-2.53445,-0.212998
2023-01-04 23:18:00,-2.49334,-0.224913
2023-01-04 23:19:00,-2.48191,-0.223423
2023-01-04 23:20:00,-2.50361,-0.236829
2023-01-04 23:21:00,-2.58695,-0.268108
2023-01-04 23:22:00,-2.65886,-0.189165
2023-01-04 23:23:00,-2.63832,-0.169802
2023-01-04 23:24:00,-2.61662,-0.196612
2023-01-04 23:25:00,-2.68283,-0.22938
2023-01-04 23:26:00,-2.7148,-0.227891
2023-01-04 23:27:00,-2.58923,-0.257681
2023-01-04 23:28:00,-2.53101,-0.250235
2023-01-04 23:29:00,-2.43625,-0.294919
2023-01-04 23:30:00,-2.42027,-0.277045
2023-01-04 23:31:00,-2.31523,-0.266618
2023-01-04 23:32:00,-2.21705,-0.247255
2023-01-04 23:33:00,-2.15313,-0.291941
2023-01-04 23:34:00,-2.1303,-0.338115
2023-01-04 23:35:00,-2.15656,-0.312794
2023-01-04 23:36:00,-2.14514,-0.251725
2023-01-04 23:37:00,-2.12458,-0.235339
2023-01-04 23:38:00,-2.13257,-0.22938
2023-01-04 23:39:00,-2.23645,-0.28896
2023-01-04 23:40:00,-2.32208,-0.190654
2023-01-04 23:41:00,-2.38944,-0.178738
2023-01-04 23:42:00,-2.44424,-0.159375
2023-01-04 23:43:00,-2.46935,-0.148949
2023-01-04 23:44:00,-2.36433,-0.142991
2023-01-04 23:45:00,-2.44196,-0.214487
2023-01-04 23:46:00,-2.402,-0.184696
2023-01-04 23:47:00,-2.32437,-0.198102
2023-01-04 23:48:00,-2.3335,-0.306835
2023-01-04 23:49:00,-2.51731,-0.277046
2023-01-04 23:50:00,-2.52302,-0.227892
2023-01-04 23:51:00,-2.50133,-0.232361
2023-01-04 23:52:00,-2.57211,-0.26364
2023-01-04 23:53:00,-2.58923,-0.238318
2023-01-04 23:54:00,-2.60407,-0.238318
2023-01-04 23:55:00,-2.64859,-0.227892
2023-01-04 23:56:00,-2.65087,-0.217465
2023-01-04 23:57:00,-2.56411,-0.23087
2023-01-04 23:58:00,-2.51501,-0.283002
2023-01-04 23:59:00,-2.44536,-0.266616
