TIMESTAMP,GLOBAL_Avg,UPWARD_SW_Avg
2022-12-31 18:00:00,-1.67372,-1.38772
2022-12-31 18:01:00,-2.08131,-1.51078
2022-12-31 18:02:00,-2.28454,-1.53699
2022-12-31 18:03:00,-2.34391,-1.53813
2022-12-31 18:04:00,-2.57453,-1.58826
2022-12-31 18:05:00,-2.56654,-1.60535
2022-12-31 18:06:00,-2.60536,-1.42077
2022-12-31 18:07:00,-2.61791,-1.40368
2022-12-31 18:08:00,-2.71838,-1.3809
2022-12-31 18:09:00,-2.81542,-1.35241
2022-12-31 18:10:00,-2.82113,-1.22366
2022-12-31 18:11:00,-2.83027,-1.19062
2022-12-31 18:12:00,-2.88963,-1.30228
2022-12-31 18:13:00,-2.98439,-1.43103
2022-12-31 18:14:00,-3.0038,-1.39343
2022-12-31 18:15:00,-3.05748,-1.43901
2022-12-31 18:16:00,-3.08828,-1.3752
2022-12-31 18:17:00,-3.0917,-1.39342
2022-12-31 18:18:00,-3.05745,-1.37633
2022-12-31 18:19:00,-3.03006,-1.31367
2022-12-31 18:20:00,-2.96726,-1.20315
2022-12-31 18:21:00,-2.92845,-1.15758
2022-12-31 18:22:00,-2.86108,-1.10175
2022-12-31 18:23:00,-2.73436,-0.958194
2022-12-31 18:24:00,-2.63733,-0.890976
2022-12-31 18:25:00,-2.56769,-0.86933
2022-12-31 18:26:00,-2.55627,-0.839707
2022-12-31 18:27:00,-2.45465,-0.803246
2022-12-31 18:28:00,-2.31878,-0.565117
2022-12-31 18:29:00,-2.36445,-0.7702
2022-12-31 18:30:00,-2.69667,-1.24758
2022-12-31 18:31:00,-2.87933,-1.32733
2022-12-31 18:32:00,-2.99692,-1.48114
2022-12-31 18:33:00,-3.22298,-1.59964
2022-12-31 18:34:00,-3.21613,-1.50963
2022-12-31 18:35:00,-3.10311,-1.36152
2022-12-31 18:36:00,-2.86335,-1.06757
2022-12-31 18:37:00,-2.72636,-1.01858
2022-12-31 18:38:00,-2.75375,-1.01971
2022-12-31 18:39:00,-2.67611,-1.01857
2022-12-31 18:40:00,-2.54939,-0.880712
2022-12-31 18:41:00,-2.31077,-0.781589
2022-12-31 18:42:00,-2.15093,-0.599293
2022-12-31 18:43:00,-2.15094,-0.458016
2022-12-31 18:44:00,-2.13153,-0.166344
2022-12-31 18:45:00,-2.11213,-0.178877
2022-12-31 18:46:00,-2.18862,-0.29623
2022-12-31 18:47:00,-2.15209,-0.485363
2022-12-31 18:48:00,-2.1932,-0.603857
2022-12-31 18:49:00,-2.27083,-0.71779
2022-12-31 18:50:00,-2.32791,-0.737157
2022-12-31 18:51:00,-2.33817,-0.694998
2022-12-31 18:52:00,-2.33473,-0.643725
2022-12-31 18:53:00,-2.14637,-0.184573
2022-12-31 18:54:00,-2.01965,-0.0102541
2022-12-31 18:55:00,-1.88037,0.0262049
2022-12-31 18:56:00,-1.87237,-0.0683606
2022-12-31 18:57:00,-2.08472,-0.316738
2022-12-31 18:58:00,-2.13611,-0.504732
2022-12-31 18:59:00,-2.36103,-0.707538
2022-12-31 19:00:00,-2.55968,-0.924012
2022-12-31 19:01:00,-2.54141,-0.947941
2022-12-31 19:02:00,-2.48433,-0.906924
2022-12-31 19:03:00,-2.34161,-0.82261
2022-12-31 19:04:00,-2.29821,-0.81463
2022-12-31 19:05:00,-2.16921,-0.725762
2022-12-31 19:06:00,-1.8541,0.0501318
2022-12-31 19:07:00,-1.55955,0.450043
2022-12-31 19:08:00,-1.14968,1.05504
2022-12-31 19:09:00,-1.11201,0.841981
2022-12-31 19:10:00,-1.15083,0.822615
2022-12-31 19:11:00,-1.2513,0.75995
2022-12-31 19:12:00,-1.48306,0.591324
2022-12-31 19:13:00,-1.74337,0.150395
2022-12-31 19:14:00,-1.86781,0.0501315
2022-12-31 19:15:00,-1.96941,-0.0660818
2022-12-31 19:16:00,-2.03791,-0.198245
2022-12-31 19:17:00,-2.07101,-0.454595
2022-12-31 19:18:00,-2.12468,-0.427253
2022-12-31 19:19:00,-2.24569,-0.529791
2022-12-31 19:20:00,-2.18288,-0.550297
2022-12-31 19:21:00,-2.12808,-0.488772
2022-12-31 19:22:00,-2.14293,-0.451176
2022-12-31 19:23:00,-2.13723,-0.483079
2022-12-31 19:24:00,-2.16349,-0.483081
2022-12-31 19:25:00,-2.22287,-0.472829
2022-12-31 19:26:00,-2.26741,-0.452322
2022-12-31 19:27:00,-2.34619,-0.715514
2022-12-31 19:28:00,-2.42381,-0.773616
2022-12-31 19:29:00,-2.50258,-0.822607
2022-12-31 19:30:00,-2.56766,-0.952492
2022-12-31 19:31:00,-2.60761,-0.947931
2022-12-31 19:32:00,-2.53225,-0.904636
2022-12-31 19:33:00,-2.50827,-0.863617
2022-12-31 19:34:00,-2.55394,-0.844249
2022-12-31 19:35:00,-2.56763,-0.951342
2022-12-31 19:36:00,-2.53452,-1.0892
2022-12-31 19:37:00,-2.52538,-1.22706
2022-12-31 19:38:00,-2.56649,-1.23731
2022-12-31 19:39:00,-2.5528,-1.18263
2022-12-31 19:40:00,-2.47859,-1.14048
2022-12-31 19:41:00,-2.42722,-1.01857
2022-12-31 19:42:00,-2.3747,-0.925142
2022-12-31 19:43:00,-2.33588,-0.911468
2022-12-31 19:44:00,-2.30848,-0.868175
2022-12-31 19:45:00,-2.36213,-1.02426
2022-12-31 19:46:00,-2.51283,-1.35353
2022-12-31 19:47:00,-2.61557,-1.42302
2022-12-31 19:48:00,-2.59502,-1.40024
2022-12-31 19:49:00,-2.30617,-1.12452
2022-12-31 19:50:00,-2.35298,-1.06071
2022-12-31 19:51:00,-2.19086,-1.00147
2022-12-31 19:52:00,-2.1372,-0.937662
2022-12-31 19:53:00,-2.10752,-0.853352
2022-12-31 19:54:00,-2.04245,-0.783856
2022-12-31 19:55:00,-1.98651,-0.728029
2022-12-31 19:56:00,-2.11893,-0.688151
2022-12-31 19:57:00,-2.13035,-0.659667
2022-12-31 19:58:00,-2.0493,-0.521811
2022-12-31 19:59:00,-1.90545,-0.416994
2022-12-31 20:00:00,-1.82553,-0.307618
2022-12-31 20:01:00,-1.91229,-0.31901
2022-12-31 20:02:00,-2.04016,-0.439778
2022-12-31 20:03:00,-2.08011,-0.455727
2022-12-31 20:04:00,-2.02188,-0.511552
2022-12-31 20:05:00,-2.05156,-0.595861
2022-12-31 20:06:00,-2.07439,-0.679031
2022-12-31 20:07:00,-2.15888,-0.722325
2022-12-31 20:08:00,-2.0938,-0.535478
2022-12-31 20:09:00,-1.96936,-0.405596
2022-12-31 20:10:00,-1.96479,-0.375974
2022-12-31 20:11:00,-2.05499,-0.357745
2022-12-31 20:12:00,-2.13719,-0.495602
2022-12-31 20:13:00,-2.16573,-0.446612
2022-12-31 20:14:00,-2.17145,-0.397624
2022-12-31 20:15:00,-2.22396,-0.475097
2022-12-31 20:16:00,-2.23196,-0.510417
2022-12-31 20:17:00,-2.24339,-0.516116
2022-12-31 20:18:00,-2.2468,-0.576497
2022-12-31 20:19:00,-2.22396,-0.623208
2022-12-31 20:20:00,-2.24109,-0.649414
2022-12-31 20:21:00,-2.38951,-0.770181
2022-12-31 20:22:00,-2.45229,-0.876137
2022-12-31 20:23:00,-2.31415,-0.925127
2022-12-31 20:24:00,-2.33127,-0.897782
2022-12-31 20:25:00,-2.32101,-0.892088
2022-12-31 20:26:00,-2.31872,-0.914875
2022-12-31 20:27:00,-2.35868,-0.991211
2022-12-31 20:28:00,-2.34041,-1.00032
2022-12-31 20:29:00,-2.24108,-0.885248
2022-12-31 20:30:00,-2.2662,-0.854487
2022-12-31 20:31:00,-2.36095,-0.810052
2022-12-31 20:32:00,-2.38607,-0.757644
2022-12-31 20:33:00,-2.30044,-0.657385
2022-12-31 20:34:00,-2.21254,-0.597003
2022-12-31 20:35:00,-2.16231,-0.48421
2022-12-31 20:36:00,-2.07668,-0.347492
2022-12-31 20:37:00,-2.00476,-0.262043
2022-12-31 20:38:00,-1.95109,-0.243813
2022-12-31 20:39:00,-1.97963,-0.345211
2022-12-31 20:40:00,-2.06526,-0.418127
2022-12-31 20:41:00,-2.10635,-0.484206
2022-12-31 20:42:00,-2.1406,-0.494461
2022-12-31 20:43:00,-2.13033,-0.538894
2022-12-31 20:44:00,-2.18171,-0.595862
2022-12-31 20:45:00,-2.16688,-0.640298
2022-12-31 20:46:00,-2.14404,-0.558266
2022-12-31 20:47:00,-2.12234,-0.519527
2022-12-31 20:48:00,-2.09379,-0.467115
2022-12-31 20:49:00,-2.07553,-0.516108
2022-12-31 20:50:00,-2.11777,-0.514969
2022-12-31 20:51:00,-2.05954,-0.566237
2022-12-31 20:52:00,-2.02187,-0.567376
2022-12-31 20:53:00,-1.96593,-0.505854
2022-12-31 20:54:00,-1.9922,-0.522946
2022-12-31 20:55:00,-2.06297,-0.566238
2022-12-31 20:56:00,-2.02872,-0.500158
2022-12-31 20:57:00,-1.90314,-0.509273
2022-12-31 20:58:00,-1.9294,-0.476233
2022-12-31 20:59:00,-1.97049,-0.419266
2022-12-31 21:00:00,-1.9488,-0.349768
2022-12-31 21:01:00,-1.93738,-0.322424
2022-12-31 21:02:00,-1.90314,-0.296221
2022-12-31 21:03:00,-1.96707,-0.306475
2022-12-31 21:04:00,-1.96136,-0.303056
2022-12-31 21:05:00,-1.92826,-0.295082
2022-12-31 21:06:00,-1.90314,-0.283689
2022-12-31 21:07:00,-1.89629,-0.282549
2022-12-31 21:08:00,-1.91798,-0.276853
2022-12-31 21:09:00,-1.93853,-0.28141
2022-12-31 21:10:00,-1.90543,-0.291665
2022-12-31 21:11:00,-1.91342,-0.346351
2022-12-31 21:12:00,-1.94652,-0.388504
2022-12-31 21:13:00,-1.98304,-0.320145
2022-12-31 21:14:00,-1.95679,-0.256344
2022-12-31 21:15:00,-1.95223,-0.267738
2022-12-31 21:16:00,-1.94994,-0.321285
2022-12-31 21:17:00,-1.94081,-0.390782
2022-12-31 21:18:00,-1.95451,-0.415848
2022-12-31 21:19:00,-1.95109,-0.421545
2022-12-31 21:20:00,-1.93396,-0.362301
2022-12-31 21:21:00,-1.94195,-0.303057
2022-12-31 21:22:00,-1.91455,-0.241533
2022-12-31 21:23:00,-1.92711,-0.183428
2022-12-31 21:24:00,-1.92482,-0.206214
2022-12-31 21:25:00,-1.92482,-0.201657
2022-12-31 21:26:00,-1.88486,-0.165199
2022-12-31 21:27:00,-1.85632,-0.118488
2022-12-31 21:28:00,-1.81636,-0.078612
2022-12-31 21:29:00,-1.81065,-0.0284825
2022-12-31 21:30:00,-1.8232,-0.0239252
2022-12-31 21:31:00,-1.81635,-0.105955
2022-12-31 21:32:00,-1.84833,-0.174313
2022-12-31 21:33:00,-1.84033,-0.166338
2022-12-31 21:34:00,-1.82321,-0.107094
2022-12-31 21:35:00,-1.77184,-0.125323
2022-12-31 21:36:00,-1.74672,-0.154945
2022-12-31 21:37:00,-1.76155,-0.174313
2022-12-31 21:38:00,-1.74557,-0.16292
2022-12-31 21:39:00,-1.6942,-0.0603829
2022-12-31 21:40:00,-1.59032,-0.00911444
2022-12-31 21:41:00,-1.55492,-0.206214
2022-12-31 21:42:00,-1.50583,-0.270015
2022-12-31 21:43:00,-1.5241,-0.272293
2022-12-31 21:44:00,-1.48528,-0.284825
2022-12-31 21:45:00,-1.46587,-0.24267
2022-12-31 21:46:00,-1.47271,-0.24153
2022-12-31 21:47:00,-1.47271,-0.249505
2022-12-31 21:48:00,-1.4807,-0.219883
2022-12-31 21:49:00,-1.53437,-0.170894
2022-12-31 21:50:00,-1.55606,-0.157223
2022-12-31 21:51:00,-1.58574,-0.105955
2022-12-31 21:52:00,-1.61999,-0.0717758
2022-12-31 21:53:00,-1.6805,-0.0250646
2022-12-31 21:54:00,-1.69991,-0.0535471
2022-12-31 21:55:00,-1.73873,-0.104816
2022-12-31 21:56:00,-1.76841,-0.157224
2022-12-31 21:57:00,-1.80153,-0.203936
2022-12-31 21:58:00,-1.8118,-0.264319
2022-12-31 21:59:00,-1.82435,-0.282547
2022-12-31 22:00:00,-1.87915,-0.288243
2022-12-31 22:01:00,-1.89969,-0.287103
2022-12-31 22:02:00,-1.88599,-0.311028
2022-12-31 22:03:00,-1.92138,-0.33951
2022-12-31 22:04:00,-1.94878,-0.341788
2022-12-31 22:05:00,-1.9933,-0.348624
2022-12-31 22:06:00,-2.00243,-0.363434
2022-12-31 22:07:00,-1.94649,-0.374827
2022-12-31 22:08:00,-1.91909,-0.387359
2022-12-31 22:09:00,-1.95105,-0.397611
2022-12-31 22:10:00,-1.95676,-0.391915
2022-12-31 22:11:00,-1.9853,-0.362295
2022-12-31 22:12:00,-2.05038,-0.360016
2022-12-31 22:13:00,-2.02755,-0.33837
2022-12-31 22:14:00,-2.08691,-0.360016
2022-12-31 22:15:00,-2.07778,-0.378245
2022-12-31 22:16:00,-2.02869,-0.395334
2022-12-31 22:17:00,-1.96361,-0.404448
2022-12-31 22:18:00,-1.9385,-0.393055
2022-12-31 22:19:00,-1.93051,-0.389639
2022-12-31 22:20:00,-2.00815,-0.354322
2022-12-31 22:21:00,-2.02528,-0.336094
2022-12-31 22:22:00,-2.03669,-0.271153
2022-12-31 22:23:00,-2.03668,-0.263177
2022-12-31 22:24:00,-2.04924,-0.205073
2022-12-31 22:25:00,-2.02984,-0.176591
2022-12-31 22:26:00,-2.01386,-0.187984
2022-12-31 22:27:00,-2.00472,-0.146969
2022-12-31 22:28:00,-2.00586,-0.16178
2022-12-31 22:29:00,-1.98302,-0.190261
2022-12-31 22:30:00,-2.0184,-0.238111
2022-12-31 22:31:00,-2.04694,-0.263175
2022-12-31 22:32:00,-2.05151,-0.233554
2022-12-31 22:33:00,-2.03439,-0.215325
2022-12-31 22:34:00,-1.97501,-0.203931
2022-12-31 22:35:00,-1.89167,-0.161778
2022-12-31 22:36:00,-1.90423,-0.183424
2022-12-31 22:37:00,-1.87456,-0.206211
2022-12-31 22:38:00,-1.87798,-0.185703
2022-12-31 22:39:00,-1.91222,-0.167474
2022-12-31 22:40:00,-1.9168,-0.135575
2022-12-31 22:41:00,-1.94306,-0.149247
2022-12-31 22:42:00,-1.95905,-0.181147
2022-12-31 22:43:00,-1.96589,-0.198236
2022-12-31 22:44:00,-1.9499,-0.211906
2022-12-31 22:45:00,-1.92135,-0.22102
2022-12-31 22:46:00,-1.93962,-0.2233
2022-12-31 22:47:00,-1.94534,-0.222161
2022-12-31 22:48:00,-1.89853,-0.216464
2022-12-31 22:49:00,-1.85286,-0.193678
2022-12-31 22:50:00,-1.82661,-0.149247
2022-12-31 22:51:00,-1.80835,-0.0615216
2022-12-31 22:52:00,-1.80492,-0.0421536
2022-12-31 22:53:00,-1.8209,-0.100257
2022-12-31 22:54:00,-1.8152,-0.14469
2022-12-31 22:55:00,-1.81634,-0.138993
2022-12-31 22:56:00,-1.79693,-0.135575
2022-12-31 22:57:00,-1.81862,-0.154943
2022-12-31 22:58:00,-1.85287,-0.120764
2022-12-31 22:59:00,-1.86885,-0.023925
2022-12-31 23:00:00,-1.89168,-0.0193679
2022-12-31 23:01:00,-1.94077,-0.0319
2022-12-31 23:02:00,-1.97274,-0.113929
2022-12-31 23:03:00,-1.96932,-0.137854
2022-12-31 23:04:00,-2.03554,-0.140133
2022-12-31 23:05:00,-2.10745,-0.169754
2022-12-31 23:06:00,-2.13372,-0.215327
2022-12-31 23:07:00,-2.07778,-0.264316
2022-12-31 23:08:00,-1.98645,-0.296217
2022-12-31 23:09:00,-1.93964,-0.216466
2022-12-31 23:10:00,-1.94421,-0.134436
2022-12-31 23:11:00,-1.90424,-0.129879
2022-12-31 23:12:00,-1.84372,-0.131017
2022-12-31 23:13:00,-1.76838,-0.0808891
2022-12-31 23:14:00,-1.74441,-0.0341785
2022-12-31 23:15:00,-1.75925,-0.0284821
2022-12-31 23:16:00,-1.76609,-0.0581032
2022-12-31 23:17:00,-1.78779,-0.101396
2022-12-31 23:18:00,-1.82089,-0.136714
2022-12-31 23:19:00,-1.87112,-0.157221
2022-12-31 23:20:00,-1.92365,-0.145829
2022-12-31 23:21:00,-1.88825,-0.104814
2022-12-31 23:22:00,-1.89853,-0.0410143
2022-12-31 23:23:00,-1.92022,0.0284822
2022-12-31 23:24:00,-1.93278,-0.0102536
2022-12-31 23:25:00,-1.91567,-0.0250643
2022-12-31 23:26:00,-1.9031,0.00455716
2022-12-31 23:27:00,-1.83802,-0.0193678
2022-12-31 23:28:00,-1.80948,-0.0341784
2022-12-31 23:29:00,-1.78551,-0.0421535
2022-12-31 23:30:00,-1.80035,-0.100257
2022-12-31 23:31:00,-1.80607,-0.113929
2022-12-31 23:32:00,-1.8757,-0.117347
2022-12-31 23:33:00,-1.91679,-0.128739
2022-12-31 23:34:00,-1.95903,-0.150385
2022-12-31 23:35:00,-1.98643,-0.191399
2022-12-31 23:36:00,-1.9967,-0.189121
2022-12-31 23:37:00,-1.97616,-0.170892
2022-12-31 23:38:00,-2.00812,-0.207349
2022-12-31 23:39:00,-1.98643,-0.211906
2022-12-31 23:40:00,-1.96131,-0.20621
2022-12-31 23:41:00,-1.93619,-0.187981
2022-12-31 23:42:00,-1.96587,-0.167474
2022-12-31 23:43:00,-2.00583,-0.118485
2022-12-31 23:44:00,-1.92935,-0.0467106
2022-12-31 23:45:00,-1.85514,-0.00911427
2022-12-31 23:46:00,-1.83801,0.0489889
2022-12-31 23:47:00,-1.76951,0.0341782
2022-12-31 23:48:00,-1.77409,0.0968389
2022-12-31 23:49:00,-1.77067,0.165196
2022-12-31 23:50:00,-1.7113,0.197096
2022-12-31 23:51:00,-1.67134,0.166335
2022-12-31 23:52:00,-1.64965,0.156081
2022-12-31 23:53:00,-1.64851,0.129878
2022-12-31 23:54:00,-1.68048,0.110511
2022-12-31 23:55:00,-1.66792,0.120764
2022-12-31 23:56:00,-1.72044,0.120764
2022-12-31 23:57:00,-1.72956,0.136714
2022-12-31 23:58:00,-1.7307,0.124182
2022-12-31 23:59:00,-1.73413,0.153803
2023-01-01 00:00:00,-1.73755,0.145827
2023-01-01 00:01:00,-1.73298,0.167473
2023-01-01 00:02:00,-1.75923,0.095699
2023-01-01 00:03:00,-1.84714,0.0387353
2023-01-01 00:04:00,-1.90651,-0.0262034
2023-01-01 00:05:00,-1.99099,-0.028482
2023-01-01 00:06:00,-1.9887,0.0478496
2023-01-01 00:07:00,-2.04578,0.00227853
2023-01-01 00:08:00,-2.03665,-0.00683565
2023-01-01 00:09:00,-1.96131,0.0375962
2023-01-01 00:10:00,-1.92135,-0.00455712
2023-01-01 00:11:00,-1.92706,0.0273427
2023-01-01 00:12:00,-1.91793,0.041014
2023-01-01 00:13:00,-1.90308,0.0318998
2023-01-01 00:14:00,-1.86427,0.152664
2023-01-01 00:15:00,-1.88026,0.0865855
2023-01-01 00:16:00,-1.95904,0.00455713
2023-01-01 00:17:00,-1.99671,-0.0364572
2023-01-01 00:18:00,-1.98644,-0.0922823
2023-01-01 00:19:00,-1.93392,-0.151525
2023-01-01 00:20:00,-1.92135,-0.162917
2023-01-01 00:21:00,-1.92934,-0.161777
2023-01-01 00:22:00,-1.98643,-0.164057
2023-01-01 00:23:00,-2.03438,-0.134436
2023-01-01 00:24:00,-2.00355,-0.100257
2023-01-01 00:25:00,-1.92935,-0.0774711
2023-01-01 00:26:00,-1.90422,-0.0193677
2023-01-01 00:27:00,-1.85285,0.0273426
2023-01-01 00:28:00,-1.78207,0.12646
2023-01-01 00:29:00,-1.74325,0.240387
2023-01-01 00:30:00,-1.79577,0.280263
2023-01-01 00:31:00,-1.83915,0.194817
2023-01-01 00:32:00,-1.84144,0.251781
2023-01-01 00:33:00,-1.85514,0.157221
2023-01-01 00:34:00,-1.89852,-0.0375963
2023-01-01 00:35:00,-1.95446,-0.120764
2023-01-01 00:36:00,-1.92934,-0.0501282
2023-01-01 00:37:00,-1.92136,-0.0945604
2023-01-01 00:38:00,-1.90423,-0.107092
2023-01-01 00:39:00,-1.90993,-0.0353176
2023-01-01 00:40:00,-1.87339,-0.0364568
2023-01-01 00:41:00,-1.84714,7.20223e-09
2023-01-01 00:42:00,-1.81061,-0.0786102
2023-01-01 00:43:00,-1.80148,-0.028482
2023-01-01 00:44:00,-1.7444,0.113928
2023-01-01 00:45:00,-1.71244,0.162917
2023-01-01 00:46:00,-1.67248,0.200513
2023-01-01 00:47:00,-1.64394,0.298491
2023-01-01 00:48:00,-1.64394,0.352038
2023-01-01 00:49:00,-1.64394,0.399888
2023-01-01 00:50:00,-1.64051,0.405584
2023-01-01 00:51:00,-1.5686,0.519515
2023-01-01 00:52:00,-1.57202,0.3509
2023-01-01 00:53:00,-1.81519,0.0581035
2023-01-01 00:54:00,-1.91679,0.0148107
2023-01-01 00:55:00,-1.83687,-0.036457
2023-01-01 00:56:00,-1.86542,-0.105953
2023-01-01 00:57:00,-1.87112,-0.143549
2023-01-01 00:58:00,-1.90422,-0.172031
2023-01-01 00:59:00,-1.91449,-0.191398
2023-01-01 01:00:00,-1.89737,-0.206209
2023-01-01 01:01:00,-1.96702,-0.326973
2023-01-01 01:02:00,-2.05035,-0.241526
2023-01-01 01:03:00,-2.07318,-0.227855
2023-01-01 01:04:00,-2.08345,-0.221019
2023-01-01 01:05:00,-2.02409,-0.194816
2023-01-01 01:06:00,-1.96359,-0.213045
2023-01-01 01:07:00,-1.94418,-0.259756
2023-01-01 01:08:00,-1.89966,-0.25292
2023-01-01 01:09:00,-1.846,-0.241526
2023-01-01 01:10:00,-1.81175,-0.268868
2023-01-01 01:11:00,-1.88367,-0.304186
2023-01-01 01:12:00,-1.86655,-0.276845
2023-01-01 01:13:00,-1.83002,-0.293934
2023-01-01 01:14:00,-1.84943,-0.34748
2023-01-01 01:15:00,-1.86085,-0.344062
2023-01-01 01:16:00,-1.84486,-0.339506
2023-01-01 01:17:00,-1.86313,-0.324695
2023-01-01 01:18:00,-1.85742,-0.328112
2023-01-01 01:19:00,-1.93848,-0.365709
2023-01-01 01:20:00,-1.983,-0.320137
2023-01-01 01:21:00,-2.02752,-0.317859
2023-01-01 01:22:00,-1.97387,-0.295073
2023-01-01 01:23:00,-1.94647,-0.288238
2023-01-01 01:24:00,-1.97843,-0.272288
2023-01-01 01:25:00,-1.99213,-0.298491
2023-01-01 01:26:00,-2.04579,-0.308744
2023-01-01 01:27:00,-2.0024,-0.317858
2023-01-01 01:28:00,-2.00126,-0.320137
2023-01-01 01:29:00,-1.88253,-0.352036
2023-01-01 01:30:00,-1.87454,-0.347478
2023-01-01 01:31:00,-1.79234,-0.309882
2023-01-01 01:32:00,-1.79234,-0.289375
2023-01-01 01:33:00,-1.79577,-0.281402
2023-01-01 01:34:00,-1.71928,-0.238109
2023-01-01 01:35:00,-1.71128,-0.232412
2023-01-01 01:36:00,-1.77636,-0.210766
2023-01-01 01:37:00,-1.74668,-0.193677
2023-01-01 01:38:00,-1.80491,-0.17431
2023-01-01 01:39:00,-1.92136,-0.173171
2023-01-01 01:40:00,-1.98072,-0.189121
2023-01-01 01:41:00,-2.02639,-0.170893
2023-01-01 01:42:00,-2.08461,-0.211906
2023-01-01 01:43:00,-2.12343,-0.240389
2023-01-01 01:44:00,-2.06863,-0.211907
2023-01-01 01:45:00,-2.04809,-0.231275
2023-01-01 01:46:00,-2.05494,-0.230136
2023-01-01 01:47:00,-2.04351,-0.213046
2023-01-01 01:48:00,-1.98985,-0.213045
2023-01-01 01:49:00,-1.92478,-0.210767
2023-01-01 01:50:00,-1.85172,-0.183425
2023-01-01 01:51:00,-1.79806,-0.166335
2023-01-01 01:52:00,-1.76153,-0.096839
2023-01-01 01:53:00,-1.717,-0.0341783
2023-01-01 01:54:00,-1.71015,0.00341785
2023-01-01 01:55:00,-1.68161,0.0307606
2023-01-01 01:56:00,-1.65993,0.0546856
2023-01-01 01:57:00,-1.65422,0.0991178
2023-01-01 01:58:00,-1.6782,0.0467108
2023-01-01 01:59:00,-1.65422,0.0808894
2023-01-01 02:00:00,-1.68276,0.125321
2023-01-01 02:01:00,-1.64508,0.00455716
2023-01-01 02:02:00,-1.60056,-0.0296213
2023-01-01 02:03:00,-1.61083,0.0273427
2023-01-01 02:04:00,-1.59599,0.0341785
2023-01-01 02:05:00,-1.58686,0.0273428
2023-01-01 02:06:00,-1.58344,-0.0341785
2023-01-01 02:07:00,-1.60626,-0.0410141
2023-01-01 02:08:00,-1.65878,-0.0489891
2023-01-01 02:09:00,-1.64964,-0.0444316
2023-01-01 02:10:00,-1.63023,-0.0262033
2023-01-01 02:11:00,-1.69986,-0.0193676
2023-01-01 02:12:00,-1.709,-0.0296211
2023-01-01 02:13:00,-1.72043,0.0113928
2023-01-01 02:14:00,-1.74098,0.0216463
2023-01-01 02:15:00,-1.78435,-0.033039
2023-01-01 02:16:00,-1.85057,-0.116206
2023-01-01 02:17:00,-1.85057,-0.125321
2023-01-01 02:18:00,-1.88711,-0.200514
2023-01-01 02:19:00,-1.95219,-0.242668
2023-01-01 02:20:00,-1.96018,-0.244947
2023-01-01 02:21:00,-1.98187,-0.296215
2023-01-01 02:22:00,-1.98644,-0.293936
2023-01-01 02:23:00,-1.97272,-0.28482
2023-01-01 02:24:00,-1.97957,-0.274566
2023-01-01 02:25:00,-1.92477,-0.252919
2023-01-01 02:26:00,-1.93505,-0.243806
2023-01-01 02:27:00,-1.91108,-0.200514
2023-01-01 02:28:00,-1.78551,-0.0626606
2023-01-01 02:29:00,-1.66335,0.0262035
2023-01-01 02:30:00,-1.6154,0.0307606
2023-01-01 02:31:00,-1.53777,0.0683569
2023-01-01 02:32:00,-1.47498,0.151525
2023-01-01 02:33:00,-1.40306,0.255199
2023-01-01 02:34:00,-1.39278,0.366849
2023-01-01 02:35:00,-1.37223,0.431788
2023-01-01 02:36:00,-1.3768,0.454572
2023-01-01 02:37:00,-1.39391,0.436339
2023-01-01 02:38:00,-1.40533,0.435201
2023-01-01 02:39:00,-1.43614,0.430642
2023-01-01 02:40:00,-1.47838,0.40444
2023-01-01 02:41:00,-1.50008,0.365706
2023-01-01 02:42:00,-1.52063,0.291653
2023-01-01 02:43:00,-1.54232,0.200511
2023-01-01 02:44:00,-1.56402,0.112788
2023-01-01 02:45:00,-1.61425,0.0797491
2023-01-01 02:46:00,-1.64279,0.0717745
2023-01-01 02:47:00,-1.65535,0.0262034
2023-01-01 02:48:00,-1.67475,0.00569638
2023-01-01 02:49:00,-1.70558,-0.0318997
2023-01-01 02:50:00,-1.74782,-0.0467103
2023-01-01 02:51:00,-1.77522,-0.0603817
2023-01-01 02:52:00,-1.81061,-0.0512674
2023-01-01 02:53:00,-1.80033,-0.045571
2023-01-01 02:54:00,-1.7775,-0.0341783
2023-01-01 02:55:00,-1.81175,-0.0592423
2023-01-01 02:56:00,-1.84943,-0.0421532
2023-01-01 02:57:00,-1.86199,-0.0296213
2023-01-01 02:58:00,-1.88824,-0.0296212
2023-01-01 02:59:00,-1.91222,-0.0125321
2023-01-01 03:00:00,-1.94419,-0.0284821
2023-01-01 03:01:00,-1.92365,-0.0546857
2023-01-01 03:02:00,-1.89625,-0.0637999
2023-01-01 03:03:00,-1.8677,-0.0660784
2023-01-01 03:04:00,-1.8814,-0.0706357
2023-01-01 03:05:00,-1.81518,-0.0637997
2023-01-01 03:06:00,-1.83231,-0.0512676
2023-01-01 03:07:00,-1.89053,-0.0569641
2023-01-01 03:08:00,-1.91679,-0.084307
2023-01-01 03:09:00,-1.89967,-0.109371
2023-01-01 03:10:00,-1.89511,-0.113929
2023-01-01 03:11:00,-1.92023,-0.14469
2023-01-01 03:12:00,-1.92479,-0.166336
2023-01-01 03:13:00,-1.93049,-0.170892
2023-01-01 03:14:00,-1.93962,-0.183425
2023-01-01 03:15:00,-1.95104,-0.215324
2023-01-01 03:16:00,-1.9556,-0.230134
2023-01-01 03:17:00,-1.94419,-0.218742
2023-01-01 03:18:00,-1.94762,-0.225578
2023-01-01 03:19:00,-1.8894,-0.226718
2023-01-01 03:20:00,-1.88482,-0.218742
2023-01-01 03:21:00,-1.89282,-0.202792
2023-01-01 03:22:00,-1.88368,-0.183425
2023-01-01 03:23:00,-1.88824,-0.183424
2023-01-01 03:24:00,-1.91793,-0.173171
2023-01-01 03:25:00,-1.86199,-0.170892
2023-01-01 03:26:00,-1.81632,-0.159499
2023-01-01 03:27:00,-1.80376,-0.154941
2023-01-01 03:28:00,-1.76837,-0.127599
2023-01-01 03:29:00,-1.75467,-0.105953
2023-01-01 03:30:00,-1.7033,-0.0592423
2023-01-01 03:31:00,-1.68161,-0.0421534
2023-01-01 03:32:00,-1.71701,-0.0501284
2023-01-01 03:33:00,-1.74783,-0.0945605
2023-01-01 03:34:00,-1.75467,-0.0888634
2023-01-01 03:35:00,-1.80033,-0.134434
2023-01-01 03:36:00,-1.85627,-0.132156
2023-01-01 03:37:00,-1.8791,-0.0922813
2023-01-01 03:38:00,-1.87225,-0.0683564
2023-01-01 03:39:00,-1.82431,-0.0717743
2023-01-01 03:40:00,-1.79006,-0.0660779
2023-01-01 03:41:00,-1.80833,-0.0592425
2023-01-01 03:42:00,-1.86541,-0.066078
2023-01-01 03:43:00,-1.8243,-0.067217
2023-01-01 03:44:00,-1.82202,-0.0706348
2023-01-01 03:45:00,-1.8734,-0.0740529
2023-01-01 03:46:00,-1.82203,-0.0717746
2023-01-01 03:47:00,-1.76724,-0.0706355
2023-01-01 03:48:00,-1.73642,-0.0694963
2023-01-01 03:49:00,-1.69417,-0.0626604
2023-01-01 03:50:00,-1.68617,-0.00341785
2023-01-01 03:51:00,-1.68047,0.0136713
2023-01-01 03:52:00,-1.67818,0.0102535
2023-01-01 03:53:00,-1.70101,-0.025064
2023-01-01 03:54:00,-1.79919,-0.06266
2023-01-01 03:55:00,-1.80489,-0.080888
2023-01-01 03:56:00,-1.8574,-0.134433
2023-01-01 03:57:00,-1.91449,-0.0854454
2023-01-01 03:58:00,-1.85056,-0.0558244
2023-01-01 03:59:00,-1.78321,-0.0672173
2023-01-01 04:00:00,-1.73755,-0.0467103
2023-01-01 04:01:00,-1.74897,0.00113928
2023-01-01 04:02:00,-1.7113,0.0375964
2023-01-01 04:03:00,-1.65308,0.0603823
2023-01-01 04:04:00,-1.61198,0.0729144
2023-01-01 04:05:00,-1.59941,0.0626603
2023-01-01 04:06:00,-1.60969,0.0683567
2023-01-01 04:07:00,-1.6074,0.0683567
2023-01-01 04:08:00,-1.62681,0.100257
2023-01-01 04:09:00,-1.64165,0.123042
2023-01-01 04:10:00,-1.63365,0.200512
2023-01-01 04:11:00,-1.61424,0.211903
2023-01-01 04:12:00,-1.62679,0.205068
2023-01-01 04:13:00,-1.67132,0.161776
2023-01-01 04:14:00,-1.67132,0.100256
2023-01-01 04:15:00,-1.66333,0.0615205
2023-01-01 04:16:00,-1.68045,0.0216461
2023-01-01 04:17:00,-1.74324,0.0
2023-01-01 04:18:00,-1.7912,0.0136713
2023-01-01 04:19:00,-1.846,0.0524067
2023-01-01 04:20:00,-1.88253,0.0637995
2023-01-01 04:21:00,-1.88139,0.0808886
2023-01-01 04:22:00,-1.87568,0.0694958
2023-01-01 04:23:00,-1.89623,-0.0136713
2023-01-01 04:24:00,-1.9282,-0.0717745
2023-01-01 04:25:00,-1.86198,-0.0683565
2023-01-01 04:26:00,-1.88139,-0.0421531
2023-01-01 04:27:00,-1.91107,-0.0136713
2023-01-01 04:28:00,-1.8928,-0.0489888
2023-01-01 04:29:00,-1.91221,-0.0660779
2023-01-01 04:30:00,-1.93048,-0.050128
2023-01-01 04:31:00,-1.87796,-0.0626599
2023-01-01 04:32:00,-1.88251,-0.0660774
2023-01-01 04:33:00,-1.85169,-0.0683559
2023-01-01 04:34:00,-1.84712,-0.0205068
2023-01-01 04:35:00,-1.77977,0.00113927
2023-01-01 04:36:00,-1.69758,0.025064
2023-01-01 04:37:00,-1.66105,0.0512671
2023-01-01 04:38:00,-1.6405,0.0489886
2023-01-01 04:39:00,-1.6736,0.0626596
2023-01-01 04:40:00,-1.65191,0.0615205
2023-01-01 04:41:00,-1.66789,0.0786093
2023-01-01 04:42:00,-1.72498,0.0683561
2023-01-01 04:43:00,-1.78777,0.0330388
2023-01-01 04:44:00,-1.74895,0.059242
2023-01-01 04:45:00,-1.74439,0.101395
2023-01-01 04:46:00,-1.7364,0.160637
2023-01-01 04:47:00,-1.74553,0.207347
2023-01-01 04:48:00,-1.74781,0.240386
2023-01-01 04:49:00,-1.75923,0.226714
2023-01-01 04:50:00,-1.80489,0.159497
2023-01-01 04:51:00,-1.84256,0.126459
2023-01-01 04:52:00,-1.86654,0.0569636
2023-01-01 04:53:00,-1.81289,0.14127
2023-01-01 04:54:00,-1.75353,0.095699
2023-01-01 04:55:00,-1.74325,0.0512672
2023-01-01 04:56:00,-1.72954,0.0216461
2023-01-01 04:57:00,-1.76265,0.0421529
2023-01-01 04:58:00,-1.80375,0.0330389
2023-01-01 04:59:00,-1.80376,0.0273425
2023-01-01 05:00:00,-1.82659,-0.00455709
2023-01-01 05:01:00,-1.83114,0.0159497
2023-01-01 05:02:00,-1.81858,0.0592416
2023-01-01 05:03:00,-1.75693,0.0478491
2023-01-01 05:04:00,-1.74324,0.0683561
2023-01-01 05:05:00,-1.71698,0.0751917
2023-01-01 05:06:00,-1.69415,0.111648
2023-01-01 05:07:00,-1.6793,0.0911411
2023-01-01 05:08:00,-1.68046,0.0694956
2023-01-01 05:09:00,-1.70786,0.0455709
2023-01-01 05:10:00,-1.72499,0.0398747
2023-01-01 05:11:00,-1.7444,-0.0216463
2023-01-01 05:12:00,-1.75809,-0.0683565
2023-01-01 05:13:00,-1.76608,-0.0683564
2023-01-01 05:14:00,-1.76266,-0.0683565
2023-01-01 05:15:00,-1.80376,-0.0148106
2023-01-01 05:16:00,-1.80719,-0.0227855
2023-01-01 05:17:00,-1.82774,-0.0102535
2023-01-01 05:18:00,-1.83116,0.00569639
2023-01-01 05:19:00,-1.82204,0.0262036
2023-01-01 05:20:00,-1.83802,0.0182285
2023-01-01 05:21:00,-1.81632,-0.0364568
2023-01-01 05:22:00,-1.84257,-0.0740526
2023-01-01 05:23:00,-1.86882,-0.063799
2023-01-01 05:24:00,-1.87681,-0.0524063
2023-01-01 05:25:00,-1.81174,-0.0364567
2023-01-01 05:26:00,-1.75352,0.0113927
2023-01-01 05:27:00,-1.71242,0.0706348
2023-01-01 05:28:00,-1.68959,0.0922808
2023-01-01 05:29:00,-1.68274,0.0649383
2023-01-01 05:30:00,-1.66447,0.0888629
2023-01-01 05:31:00,-1.6405,0.10937
2023-01-01 05:32:00,-1.6131,0.0979774
2023-01-01 05:33:00,-1.62338,0.132155
2023-01-01 05:34:00,-1.60055,0.143548
2023-01-01 05:35:00,-1.55032,0.140131
2023-01-01 05:36:00,-1.52177,0.10937
2023-01-01 05:37:00,-1.54004,0.0694955
2023-01-01 05:38:00,-1.57087,0.0512673
2023-01-01 05:39:00,-1.6485,-0.0375961
2023-01-01 05:40:00,-1.71244,-0.020507
2023-01-01 05:41:00,-1.71815,-0.0501284
2023-01-01 05:42:00,-1.7387,-0.0353179
2023-01-01 05:43:00,-1.74098,0.0273428
2023-01-01 05:44:00,-1.7307,-0.0820282
2023-01-01 05:45:00,-1.70215,-0.140131
2023-01-01 05:46:00,-1.71356,-0.110509
2023-01-01 05:47:00,-1.75922,-0.238107
2023-01-01 05:48:00,-1.78776,-0.192536
2023-01-01 05:49:00,-1.74438,-0.0763309
2023-01-01 05:50:00,-1.74096,-0.059242
2023-01-01 05:51:00,-1.76038,-0.0421532
2023-01-01 05:52:00,-1.74782,-0.012532
2023-01-01 05:53:00,-1.69187,-0.0353173
2023-01-01 05:54:00,-1.67931,-0.04671
2023-01-01 05:55:00,-1.69872,-0.068356
2023-01-01 05:56:00,-1.7501,-0.0694955
2023-01-01 05:57:00,-1.78777,-0.0307603
2023-01-01 05:58:00,-1.78778,-0.0216463
2023-01-01 05:59:00,-1.79121,-0.0637997
2023-01-01 06:00:00,-1.79235,-0.0296213
2023-01-01 06:01:00,-1.78893,-0.0136714
2023-01-01 06:02:00,-1.80606,-0.0455715
2023-01-01 06:03:00,-1.7604,-0.00227858
2023-01-01 06:04:00,-1.76038,-0.0136713
2023-01-01 06:05:00,-1.81518,-0.0615211
2023-01-01 06:06:00,-1.84372,-0.0592426
2023-01-01 06:07:00,-1.8483,-0.0273429
2023-01-01 06:08:00,-1.8426,-0.0136715
2023-01-01 06:09:00,-1.78779,-0.0148107
2023-01-01 06:10:00,-1.76953,-0.0319
2023-01-01 06:11:00,-1.72956,-0.0546855
2023-01-01 06:12:00,-1.68504,-0.0182285
2023-01-01 06:13:00,-1.67361,0.00341782
2023-01-01 06:14:00,-1.62224,0.00797493
2023-01-01 06:15:00,-1.59484,0.0432925
2023-01-01 06:16:00,-1.57315,0.0649386
2023-01-01 06:17:00,-1.47497,0.0729134
2023-01-01 06:18:00,-1.40762,0.0956991
2023-01-01 06:19:00,-1.34255,0.116207
2023-01-01 06:20:00,-1.26264,0.166336
2023-01-01 06:21:00,-1.13364,0.203932
2023-01-01 06:22:00,-0.997783,0.267732
2023-01-01 06:23:00,-0.711233,0.36571
2023-01-01 06:24:00,-0.259149,0.469384
2023-01-01 06:25:00,0.26714,0.595844
2023-01-01 06:26:00,0.722647,0.690402
2023-01-01 06:27:00,1.14391,0.74167
2023-01-01 06:28:00,1.56631,0.82028
2023-01-01 06:29:00,1.7992,0.828256
2023-01-01 06:30:00,1.64393,0.830531
2023-01-01 06:31:00,1.33341,0.690399
2023-01-01 06:32:00,1.1907,0.606091
2023-01-01 06:33:00,1.24322,0.550267
2023-01-01 06:34:00,1.41218,0.568497
2023-01-01 06:35:00,1.73868,0.628878
2023-01-01 06:36:00,2.07431,0.731411
2023-01-01 06:37:00,2.44763,0.794074
2023-01-01 06:38:00,2.90769,0.929644
2023-01-01 06:39:00,3.39172,1.07888
2023-01-01 06:40:00,3.94083,1.19964
2023-01-01 06:41:00,4.50709,1.29307
2023-01-01 06:42:00,5.1247,1.29535
2023-01-01 06:43:00,5.89302,1.28282
2023-01-01 06:44:00,6.72526,1.23611
2023-01-01 06:45:00,7.51873,1.29422
2023-01-01 06:46:00,8.36929,1.34664
2023-01-01 06:47:00,9.58397,1.50386
2023-01-01 06:48:00,11.0669,1.77613
2023-01-01 06:49:00,12.8912,2.12475
2023-01-01 06:50:00,14.9255,2.49729
2023-01-01 06:51:00,16.9953,2.92224
2023-01-01 06:52:00,18.8584,3.33922
2023-01-01 06:53:00,20.6085,3.78012
2023-01-01 06:54:00,22.5139,4.12988
2023-01-01 06:55:00,24.2652,4.37255
2023-01-01 06:56:00,25.9011,4.67445
2023-01-01 06:57:00,27.7367,5.00823
2023-01-01 06:58:00,29.8511,5.3113
2023-01-01 06:59:00,32.9381,5.64057
2023-01-01 07:00:00,36.3458,5.91399
2023-01-01 07:01:00,39.7138,6.23302
2023-01-01 07:02:00,41.9511,6.58729
2023-01-01 07:03:00,42.9157,7.22755
2023-01-01 07:04:00,44.4353,8.46938
2023-01-01 07:05:00,47.8807,9.42067
2023-01-01 07:06:00,49.5429,9.19624
2023-01-01 07:07:00,47.915,8.139
2023-01-01 07:08:00,47.4937,7.57505
2023-01-01 07:09:00,48.5348,7.63313
2023-01-01 07:10:00,53.0806,8.43517
2023-01-01 07:11:00,59.9302,9.75786
2023-01-01 07:12:00,67.6064,11.428
2023-01-01 07:13:00,76.2188,13.5436
2023-01-01 07:14:00,83.8105,15.6114
2023-01-01 07:15:00,86.7091,16.4716
2023-01-01 07:16:00,89.59,17.2567
2023-01-01 07:17:00,89.0008,16.9923
2023-01-01 07:18:00,98.0594,19.3381
2023-01-01 07:19:00,103.381,20.6642
2023-01-01 07:20:00,100.019,19.5021
2023-01-01 07:21:00,105.733,20.9067
2023-01-01 07:22:00,114.29,23.1123
2023-01-01 07:23:00,124.295,25.6358
2023-01-01 07:24:00,130.925,27.3709
2023-01-01 07:25:00,134.926,28.2505
2023-01-01 07:26:00,132.649,27.3153
2023-01-01 07:27:00,135.423,27.9271
2023-01-01 07:28:00,132.445,26.8198
2023-01-01 07:29:00,137.309,27.8338
2023-01-01 07:30:00,139.221,28.3089
2023-01-01 07:31:00,141.896,29.0447
2023-01-01 07:32:00,152.465,31.64
2023-01-01 07:33:00,157.409,32.784
2023-01-01 07:34:00,164.352,34.9692
2023-01-01 07:35:00,170.055,35.8954
2023-01-01 07:36:00,169.24,35.1628
2023-01-01 07:37:00,161.921,32.9833
2023-01-01 07:38:00,155.689,31.2243
2023-01-01 07:39:00,169.258,34.5829
2023-01-01 07:40:00,181.34,37.5313
2023-01-01 07:41:00,190.993,39.7722
2023-01-01 07:42:00,198.713,41.4981
2023-01-01 07:43:00,196.723,40.6767
2023-01-01 07:44:00,200.051,41.2657
2023-01-01 07:45:00,204.6,42.2262
2023-01-01 07:46:00,207.928,42.7845
2023-01-01 07:47:00,211.163,43.2824
2023-01-01 07:48:00,211.553,43.0499
2023-01-01 07:49:00,215.253,43.6992
2023-01-01 07:50:00,221.46,44.8272
2023-01-01 07:51:00,218.78,43.9056
2023-01-01 07:52:00,215.827,42.9382
2023-01-01 07:53:00,225.957,45.3649
2023-01-01 07:54:00,238.313,47.7619
2023-01-01 07:55:00,237.066,47.396
2023-01-01 07:56:00,245.64,48.6
2023-01-01 07:57:00,246.202,49.2345
2023-01-01 07:58:00,235.275,46.2028
2023-01-01 07:59:00,233.564,45.647
2023-01-01 08:00:00,241.803,47.1545
2023-01-01 08:01:00,245.783,47.9337
2023-01-01 08:02:00,243.337,46.7431
2023-01-01 08:03:00,259.775,50.2282
2023-01-01 08:04:00,271.682,52.8442
2023-01-01 08:05:00,279.211,54.1679
2023-01-01 08:06:00,284.851,55.1307
2023-01-01 08:07:00,290.361,56.2278
2023-01-01 08:08:00,296.76,57.261
2023-01-01 08:09:00,303.886,58.6283
2023-01-01 08:10:00,309.456,59.5339
2023-01-01 08:11:00,305.438,58.2337
2023-01-01 08:12:00,305.77,57.7781
2023-01-01 08:13:00,313.337,59.348
2023-01-01 08:14:00,311.553,58.5688
2023-01-01 08:15:00,326.236,61.3386
2023-01-01 08:16:00,326.154,60.9002
2023-01-01 08:17:00,313.591,57.9356
2023-01-01 08:18:00,291.736,53.1233
2023-01-01 08:19:00,259.053,45.5928
2023-01-01 08:20:00,228.393,38.831
2023-01-01 08:21:00,250.081,42.921
2023-01-01 08:22:00,243.488,41.9721
2023-01-01 08:23:00,291.332,52.3465
2023-01-01 08:24:00,332.146,60.719
2023-01-01 08:25:00,343.464,62.774
2023-01-01 08:26:00,326.787,58.8263
2023-01-01 08:27:00,299.497,52.0101
2023-01-01 08:28:00,269.518,45.1037
2023-01-01 08:29:00,272.296,45.8476
2023-01-01 08:30:00,328.062,57.6748
2023-01-01 08:31:00,355.289,63.3668
2023-01-01 08:32:00,383.499,68.2402
2023-01-01 08:33:00,396.256,70.9242
2023-01-01 08:34:00,346.486,60.4451
2023-01-01 08:35:00,293.21,48.6265
2023-01-01 08:36:00,333.754,56.9741
2023-01-01 08:37:00,260.651,41.6927
2023-01-01 08:38:00,277.575,45.058
2023-01-01 08:39:00,328.219,55.5642
2023-01-01 08:40:00,379.724,65.6504
2023-01-01 08:41:00,400.809,69.3473
2023-01-01 08:42:00,420.181,73.4234
2023-01-01 08:43:00,406.983,70.188
2023-01-01 08:44:00,420.004,72.5717
2023-01-01 08:45:00,430.762,74.6266
2023-01-01 08:46:00,429.26,73.9349
2023-01-01 08:47:00,405.594,68.9938
2023-01-01 08:48:00,417.337,71.2851
2023-01-01 08:49:00,444.565,76.645
2023-01-01 08:50:00,435.994,74.9803
2023-01-01 08:51:00,433.737,74.0258
2023-01-01 08:52:00,446.587,76.6474
2023-01-01 08:53:00,455.418,78.0621
2023-01-01 08:54:00,465.053,79.747
2023-01-01 08:55:00,467.209,80.0942
2023-01-01 08:56:00,464.826,79.5703
2023-01-01 08:57:00,462.154,78.9369
2023-01-01 08:58:00,473.889,81.1651
2023-01-01 08:59:00,472.198,80.1931
2023-01-01 09:00:00,461.247,77.7253
2023-01-01 09:01:00,486.234,82.8622
2023-01-01 09:02:00,461.465,77.8074
2023-01-01 09:03:00,498.477,84.4936
2023-01-01 09:04:00,502.15,85.1429
2023-01-01 09:05:00,498.958,84.6805
2023-01-01 09:06:00,505.496,85.4585
2023-01-01 09:07:00,509.89,86.3869
2023-01-01 09:08:00,494.23,83.6287
2023-01-01 09:09:00,524.698,89.2486
2023-01-01 09:10:00,509.856,86.0988
2023-01-01 09:11:00,505.194,85.2522
2023-01-01 09:12:00,499.23,83.9944
2023-01-01 09:13:00,508.532,85.5118
2023-01-01 09:14:00,523.159,87.7219
2023-01-01 09:15:00,540.95,91.3551
2023-01-01 09:16:00,518.316,87.007
2023-01-01 09:17:00,498.307,82.7722
2023-01-01 09:18:00,521.657,87.2346
2023-01-01 09:19:00,548.059,91.2412
2023-01-01 09:20:00,556.326,92.9956
2023-01-01 09:21:00,567.423,94.7294
2023-01-01 09:22:00,586.049,98.0036
2023-01-01 09:23:00,600.732,100.35
2023-01-01 09:24:00,594.497,98.3069
2023-01-01 09:25:00,556.315,91.2458
2023-01-01 09:26:00,511.363,82.6672
2023-01-01 09:27:00,417.661,65.3004
2023-01-01 09:28:00,381.68,59.49
2023-01-01 09:29:00,352.355,54.6027
2023-01-01 09:30:00,351.76,53.5865
2023-01-01 09:31:00,351.094,53.9648
2023-01-01 09:32:00,355.18,54.9274
2023-01-01 09:33:00,390.917,61.2992
2023-01-01 09:34:00,378.893,59.3716
2023-01-01 09:35:00,367.286,57.8154
2023-01-01 09:36:00,362.585,56.887
2023-01-01 09:37:00,394.414,62.5331
2023-01-01 09:38:00,456.125,73.3
2023-01-01 09:39:00,519.841,84.5808
2023-01-01 09:40:00,541.698,88.1851
2023-01-01 09:41:00,564.529,92.0494
2023-01-01 09:42:00,560.731,90.9966
2023-01-01 09:43:00,564.202,91.475
2023-01-01 09:44:00,579.4,93.3287
2023-01-01 09:45:00,604.692,97.3494
2023-01-01 09:46:00,614.974,99.0464
2023-01-01 09:47:00,613.962,98.9139
2023-01-01 09:48:00,651.386,105.738
2023-01-01 09:49:00,662.765,107.173
2023-01-01 09:50:00,679.881,109.755
2023-01-01 09:51:00,696.167,112.413
2023-01-01 09:52:00,692.896,111.199
2023-01-01 09:53:00,698.036,111.524
2023-01-01 09:54:00,712.223,114.307
2023-01-01 09:55:00,714.148,114.036
2023-01-01 09:56:00,674.257,106.691
2023-01-01 09:57:00,650.357,102.655
2023-01-01 09:58:00,637.513,100.646
2023-01-01 09:59:00,684.32,108.627
2023-01-01 10:00:00,714.04,113.639
2023-01-01 10:01:00,737.428,117.964
2023-01-01 10:02:00,667.271,104.803
2023-01-01 10:03:00,613.472,94.2461
2023-01-01 10:04:00,641.334,99.8034
2023-01-01 10:05:00,635.343,99.379
2023-01-01 10:06:00,613.588,96.645
2023-01-01 10:07:00,580.776,90.5676
2023-01-01 10:08:00,549.466,84.8566
2023-01-01 10:09:00,541.79,83.7528
2023-01-01 10:10:00,613.098,95.6086
2023-01-01 10:11:00,701.289,110.71
2023-01-01 10:12:00,733.846,115.73
2023-01-01 10:13:00,793.917,126.641
2023-01-01 10:14:00,771.1,122.115
2023-01-01 10:15:00,697.935,108.934
2023-01-01 10:16:00,626.225,97.5281
2023-01-01 10:17:00,564.985,87.0152
2023-01-01 10:18:00,529.876,81.7769
2023-01-01 10:19:00,515.767,79.4813
2023-01-01 10:20:00,494.126,76.5213
2023-01-01 10:21:00,489.05,75.431
2023-01-01 10:22:00,446.893,69.04
2023-01-01 10:23:00,428.363,65.6554
2023-01-01 10:24:00,491.651,75.8822
2023-01-01 10:25:00,486.69,75.7831
2023-01-01 10:26:00,450.726,69.866
2023-01-01 10:27:00,430.675,66.6933
2023-01-01 10:28:00,460.126,71.3778
2023-01-01 10:29:00,511.674,80.4368
2023-01-01 10:30:00,483.05,75.054
2023-01-01 10:31:00,424.062,65.5281
2023-01-01 10:32:00,426.395,66.1923
2023-01-01 10:33:00,434.099,67.4206
2023-01-01 10:34:00,499.84,78.4879
2023-01-01 10:35:00,491.298,77.0272
2023-01-01 10:36:00,512.81,80.6123
2023-01-01 10:37:00,534.807,84.3296
2023-01-01 10:38:00,514.075,80.9266
2023-01-01 10:39:00,517.5,81.2716
2023-01-01 10:40:00,543.922,85.7124
2023-01-01 10:41:00,588.291,93.5091
2023-01-01 10:42:00,622.843,98.527
2023-01-01 10:43:00,620.363,97.6326
2023-01-01 10:44:00,626.913,99.4427
2023-01-01 10:45:00,677.497,107.781
2023-01-01 10:46:00,695.253,109.696
2023-01-01 10:47:00,709.603,112.801
2023-01-01 10:48:00,713.722,112.81
2023-01-01 10:49:00,738.409,116.768
2023-01-01 10:50:00,763.31,120.929
2023-01-01 10:51:00,759.505,119.969
2023-01-01 10:52:00,758.502,119.355
2023-01-01 10:53:00,776.04,122.036
2023-01-01 10:54:00,805.842,127.203
2023-01-01 10:55:00,807.911,127.313
2023-01-01 10:56:00,808.406,127.203
2023-01-01 10:57:00,813.054,127.628
2023-01-01 10:58:00,811.047,127.104
2023-01-01 10:59:00,809.597,126.482
2023-01-01 11:00:00,774.601,120.574
2023-01-01 11:01:00,723.547,112.289
2023-01-01 11:02:00,637.892,97.8536
2023-01-01 11:03:00,554.545,83.1368
2023-01-01 11:04:00,709.609,109.247
2023-01-01 11:05:00,793.041,124.134
2023-01-01 11:06:00,790.25,123.308
2023-01-01 11:07:00,822.171,128.517
2023-01-01 11:08:00,821.511,128.291
2023-01-01 11:09:00,817.383,127.511
2023-01-01 11:10:00,817.037,127.093
2023-01-01 11:11:00,810.353,125.426
2023-01-01 11:12:00,807.561,125.325
2023-01-01 11:13:00,809.947,126.021
2023-01-01 11:14:00,815.442,126.405
2023-01-01 11:15:00,823.811,127.036
2023-01-01 11:16:00,828.651,127.924
2023-01-01 11:17:00,836.04,129.031
2023-01-01 11:18:00,839.374,129.56
2023-01-01 11:19:00,841.841,129.842
2023-01-01 11:20:00,843.451,130.681
2023-01-01 11:21:00,838.75,129.868
2023-01-01 11:22:00,821.853,127.327
2023-01-01 11:23:00,812.846,125.375
2023-01-01 11:24:00,821.164,126.655
2023-01-01 11:25:00,828.323,127.71
2023-01-01 11:26:00,828.59,127.953
2023-01-01 11:27:00,836.369,129.403
2023-01-01 11:28:00,826.027,127.06
2023-01-01 11:29:00,820.901,126.143
2023-01-01 11:30:00,832.158,127.925
2023-01-01 11:31:00,817.39,125.371
2023-01-01 11:32:00,819.124,125.913
2023-01-01 11:33:00,821.458,126.301
2023-01-01 11:34:00,814.869,124.712
2023-01-01 11:35:00,824.157,126.245
2023-01-01 11:36:00,827.025,126.959
2023-01-01 11:37:00,833.141,127.637
2023-01-01 11:38:00,836.274,127.799
2023-01-01 11:39:00,839.743,128.714
2023-01-01 11:40:00,845.714,129.101
2023-01-01 11:41:00,846.671,128.977
2023-01-01 11:42:00,851.329,129.549
2023-01-01 11:43:00,852.97,130.148
2023-01-01 11:44:00,844.116,129.009
2023-01-01 11:45:00,826.779,126.212
2023-01-01 11:46:00,832.919,127.603
2023-01-01 11:47:00,838.244,128.787
2023-01-01 11:48:00,838.202,128.218
2023-01-01 11:49:00,847.56,129.844
2023-01-01 11:50:00,845.893,129.988
2023-01-01 11:51:00,846.099,129.444
2023-01-01 11:52:00,828.889,126.636
2023-01-01 11:53:00,844.495,130.034
2023-01-01 11:54:00,846.171,130.055
2023-01-01 11:55:00,841.194,128.987
2023-01-01 11:56:00,838.763,128.306
2023-01-01 11:57:00,849.63,129.827
2023-01-01 11:58:00,855.863,130.754
2023-01-01 11:59:00,858.705,130.986
2023-01-01 12:00:00,847.019,128.944
2023-01-01 12:01:00,846.328,129.219
2023-01-01 12:02:00,845.86,129.352
2023-01-01 12:03:00,855.366,130.82
2023-01-01 12:04:00,855.254,130.395
2023-01-01 12:05:00,841.214,128.204
2023-01-01 12:06:00,851.545,129.943
2023-01-01 12:07:00,859.201,132.068
2023-01-01 12:08:00,865.366,133.093
2023-01-01 12:09:00,867.385,133.073
2023-01-01 12:10:00,866.893,132.816
2023-01-01 12:11:00,857.345,131.339
2023-01-01 12:12:00,827.921,126.174
2023-01-01 12:13:00,837.029,127.152
2023-01-01 12:14:00,850.71,129.616
2023-01-01 12:15:00,858.667,131.251
2023-01-01 12:16:00,851.815,129.934
2023-01-01 12:17:00,838.983,127.863
2023-01-01 12:18:00,814.97,124.063
2023-01-01 12:19:00,822.821,125.944
2023-01-01 12:20:00,823.819,125.756
2023-01-01 12:21:00,809.715,122.672
2023-01-01 12:22:00,805.778,121.891
2023-01-01 12:23:00,822.767,126.0
2023-01-01 12:24:00,834.302,127.786
2023-01-01 12:25:00,837.557,128.399
2023-01-01 12:26:00,841.662,128.671
2023-01-01 12:27:00,849.718,129.865
2023-01-01 12:28:00,849.742,129.818
2023-01-01 12:29:00,850.413,129.952
2023-01-01 12:30:00,853.709,130.323
2023-01-01 12:31:00,856.499,130.79
2023-01-01 12:32:00,854.566,130.373
2023-01-01 12:33:00,834.225,127.137
2023-01-01 12:34:00,843.009,128.46
2023-01-01 12:35:00,844.839,128.492
2023-01-01 12:36:00,838.453,127.392
2023-01-01 12:37:00,837.055,126.71
2023-01-01 12:38:00,830.83,126.362
2023-01-01 12:39:00,840.974,128.35
2023-01-01 12:40:00,835.526,127.36
2023-01-01 12:41:00,845.324,128.988
2023-01-01 12:42:00,852.57,129.398
2023-01-01 12:43:00,856.313,129.397
2023-01-01 12:44:00,858.146,129.847
2023-01-01 12:45:00,856.936,129.872
2023-01-01 12:46:00,855.563,130.215
2023-01-01 12:47:00,855.352,129.768
2023-01-01 12:48:00,853.211,130.104
2023-01-01 12:49:00,852.492,130.248
2023-01-01 12:50:00,851.824,130.273
2023-01-01 12:51:00,847.428,129.564
2023-01-01 12:52:00,844.037,129.174
2023-01-01 12:53:00,819.776,124.781
2023-01-01 12:54:00,791.294,119.382
2023-01-01 12:55:00,764.462,114.819
2023-01-01 12:56:00,746.807,112.714
2023-01-01 12:57:00,739.824,111.258
2023-01-01 12:58:00,739.628,111.475
2023-01-01 12:59:00,767.274,116.751
2023-01-01 13:00:00,786.243,120.444
2023-01-01 13:01:00,799.731,122.814
2023-01-01 13:02:00,805.743,123.998
2023-01-01 13:03:00,788.519,120.696
2023-01-01 13:04:00,755.252,114.743
2023-01-01 13:05:00,744.061,113.504
2023-01-01 13:06:00,738.109,112.522
2023-01-01 13:07:00,740.361,113.065
2023-01-01 13:08:00,745.085,113.253
2023-01-01 13:09:00,738.768,112.083
2023-01-01 13:10:00,740.884,111.679
2023-01-01 13:11:00,741.836,112.317
2023-01-01 13:12:00,781.341,119.288
2023-01-01 13:13:00,811.323,124.416
2023-01-01 13:14:00,818.904,125.744
2023-01-01 13:15:00,813.879,124.793
2023-01-01 13:16:00,786.888,120.725
2023-01-01 13:17:00,762.789,116.222
2023-01-01 13:18:00,773.107,117.544
2023-01-01 13:19:00,766.426,117.064
2023-01-01 13:20:00,767.801,117.105
2023-01-01 13:21:00,772.859,118.592
2023-01-01 13:22:00,760.678,116.941
2023-01-01 13:23:00,757.363,116.286
2023-01-01 13:24:00,757.08,116.086
2023-01-01 13:25:00,751.374,114.638
2023-01-01 13:26:00,738.356,112.315
2023-01-01 13:27:00,735.886,111.74
2023-01-01 13:28:00,747.669,113.832
2023-01-01 13:29:00,749.13,113.481
2023-01-01 13:30:00,731.011,110.92
2023-01-01 13:31:00,731.486,111.695
2023-01-01 13:32:00,730.86,111.598
2023-01-01 13:33:00,737.468,112.613
2023-01-01 13:34:00,743.969,114.275
2023-01-01 13:35:00,732.264,111.952
2023-01-01 13:36:00,720.661,110.872
2023-01-01 13:37:00,737.272,113.627
2023-01-01 13:38:00,750.201,115.607
2023-01-01 13:39:00,781.83,121.268
2023-01-01 13:40:00,772.975,120.113
2023-01-01 13:41:00,781.701,121.938
2023-01-01 13:42:00,789.73,123.441
2023-01-01 13:43:00,789.949,123.193
2023-01-01 13:44:00,783.207,121.989
2023-01-01 13:45:00,768.286,119.274
2023-01-01 13:46:00,766.024,119.461
2023-01-01 13:47:00,775.758,121.567
2023-01-01 13:48:00,778.466,122.074
2023-01-01 13:49:00,775.807,121.776
2023-01-01 13:50:00,771.447,121.618
2023-01-01 13:51:00,768.848,121.613
2023-01-01 13:52:00,766.683,121.308
2023-01-01 13:53:00,765.149,120.845
2023-01-01 13:54:00,760.888,120.631
2023-01-01 13:55:00,756.491,120.514
2023-01-01 13:56:00,754.05,120.294
2023-01-01 13:57:00,752.502,120.507
2023-01-01 13:58:00,752.711,120.781
2023-01-01 13:59:00,754.487,120.604
2023-01-01 14:00:00,753.211,120.822
2023-01-01 14:01:00,627.536,98.5313
2023-01-01 14:02:00,516.281,80.9288
2023-01-01 14:03:00,536.177,84.1262
2023-01-01 14:04:00,576.54,92.0247
2023-01-01 14:05:00,618.522,99.3235
2023-01-01 14:06:00,657.787,106.354
2023-01-01 14:07:00,687.667,111.491
2023-01-01 14:08:00,688.096,111.416
2023-01-01 14:09:00,733.711,119.369
2023-01-01 14:10:00,742.8,121.009
2023-01-01 14:11:00,718.188,117.127
2023-01-01 14:12:00,725.904,118.463
2023-01-01 14:13:00,719.27,117.012
2023-01-01 14:14:00,710.747,115.909
2023-01-01 14:15:00,705.068,115.197
2023-01-01 14:16:00,702.842,115.087
2023-01-01 14:17:00,698.875,114.662
2023-01-01 14:18:00,632.282,102.685
2023-01-01 14:19:00,491.474,77.9739
2023-01-01 14:20:00,405.801,63.8746
2023-01-01 14:21:00,316.708,47.8581
2023-01-01 14:22:00,208.33,30.0598
2023-01-01 14:23:00,248.604,37.5036
2023-01-01 14:24:00,348.706,55.6802
2023-01-01 14:25:00,409.879,66.5324
2023-01-01 14:26:00,494.511,80.9153
2023-01-01 14:27:00,523.336,85.1894
2023-01-01 14:28:00,552.316,89.923
2023-01-01 14:29:00,603.581,98.3559
2023-01-01 14:30:00,687.76,113.095
2023-01-01 14:31:00,744.268,122.879
2023-01-01 14:32:00,742.079,121.908
2023-01-01 14:33:00,709.571,115.791
2023-01-01 14:34:00,699.381,113.652
2023-01-01 14:35:00,702.925,114.826
2023-01-01 14:36:00,704.381,115.098
2023-01-01 14:37:00,695.465,113.437
2023-01-01 14:38:00,690.474,112.522
2023-01-01 14:39:00,666.851,108.316
2023-01-01 14:40:00,662.009,107.593
2023-01-01 14:41:00,621.874,100.638
2023-01-01 14:42:00,554.989,89.0469
2023-01-01 14:43:00,540.746,87.3277
2023-01-01 14:44:00,574.453,93.0789
2023-01-01 14:45:00,617.601,101.507
2023-01-01 14:46:00,616.054,101.237
2023-01-01 14:47:00,623.36,103.065
2023-01-01 14:48:00,625.484,103.593
2023-01-01 14:49:00,621.369,102.763
2023-01-01 14:50:00,619.627,102.871
2023-01-01 14:51:00,616.528,102.55
2023-01-01 14:52:00,614.291,102.112
2023-01-01 14:53:00,611.423,101.62
2023-01-01 14:54:00,607.597,100.878
2023-01-01 14:55:00,604.53,100.493
2023-01-01 14:56:00,595.497,99.152
2023-01-01 14:57:00,557.725,92.3019
2023-01-01 14:58:00,513.544,84.225
2023-01-01 14:59:00,497.134,81.7935
2023-01-01 15:00:00,499.633,82.8576
2023-01-01 15:01:00,497.89,83.1405
2023-01-01 15:02:00,490.165,81.6014
2023-01-01 15:03:00,502.096,84.0962
2023-01-01 15:04:00,534.189,90.14
2023-01-01 15:05:00,535.466,90.2352
2023-01-01 15:06:00,431.699,70.5753
2023-01-01 15:07:00,453.482,75.3285
2023-01-01 15:08:00,463.122,76.8893
2023-01-01 15:09:00,466.44,77.2279
2023-01-01 15:10:00,478.951,79.6626
2023-01-01 15:11:00,487.837,81.5893
2023-01-01 15:12:00,393.983,63.3751
2023-01-01 15:13:00,325.044,51.0323
2023-01-01 15:14:00,424.766,70.6321
2023-01-01 15:15:00,513.134,87.9294
2023-01-01 15:16:00,538.596,91.4467
2023-01-01 15:17:00,542.082,91.7794
2023-01-01 15:18:00,546.25,93.2445
2023-01-01 15:19:00,543.188,93.0463
2023-01-01 15:20:00,522.715,89.5555
2023-01-01 15:21:00,469.847,78.7788
2023-01-01 15:22:00,477.753,81.4684
2023-01-01 15:23:00,482.955,82.575
2023-01-01 15:24:00,467.735,79.8238
2023-01-01 15:25:00,455.276,76.8435
2023-01-01 15:26:00,449.86,76.283
2023-01-01 15:27:00,447.703,77.2512
2023-01-01 15:28:00,445.412,77.6214
2023-01-01 15:29:00,440.461,76.2932
2023-01-01 15:30:00,445.849,77.3915
2023-01-01 15:31:00,457.627,80.1188
2023-01-01 15:32:00,462.236,80.7275
2023-01-01 15:33:00,463.407,80.6329
2023-01-01 15:34:00,443.396,76.5237
2023-01-01 15:35:00,429.248,74.2076
2023-01-01 15:36:00,403.365,68.4941
2023-01-01 15:37:00,413.328,71.1782
2023-01-01 15:38:00,422.675,73.0216
2023-01-01 15:39:00,429.343,75.1295
2023-01-01 15:40:00,403.49,69.9893
2023-01-01 15:41:00,377.674,65.7728
2023-01-01 15:42:00,370.049,64.5699
2023-01-01 15:43:00,346.204,59.6983
2023-01-01 15:44:00,328.401,56.53
2023-01-01 15:45:00,338.349,58.4541
2023-01-01 15:46:00,347.51,61.3515
2023-01-01 15:47:00,367.308,65.828
2023-01-01 15:48:00,367.069,65.9386
2023-01-01 15:49:00,349.764,62.5182
2023-01-01 15:50:00,341.551,60.8354
2023-01-01 15:51:00,340.704,61.3846
2023-01-01 15:52:00,350.004,63.5232
2023-01-01 15:53:00,349.661,63.881
2023-01-01 15:54:00,361.533,66.4092
2023-01-01 15:55:00,363.796,67.4096
2023-01-01 15:56:00,349.357,64.6548
2023-01-01 15:57:00,337.385,62.2453
2023-01-01 15:58:00,342.233,62.8719
2023-01-01 15:59:00,318.772,58.2703
2023-01-01 16:00:00,329.215,60.942
2023-01-01 16:01:00,329.599,60.9614
2023-01-01 16:02:00,337.965,63.2412
2023-01-01 16:03:00,339.704,63.7481
2023-01-01 16:04:00,345.193,65.1597
2023-01-01 16:05:00,341.601,64.8897
2023-01-01 16:06:00,347.536,66.452
2023-01-01 16:07:00,340.882,65.1729
2023-01-01 16:08:00,339.882,65.1568
2023-01-01 16:09:00,338.215,64.9584
2023-01-01 16:10:00,341.436,66.0156
2023-01-01 16:11:00,338.059,65.7515
2023-01-01 16:12:00,333.968,64.5725
2023-01-01 16:13:00,328.612,63.8571
2023-01-01 16:14:00,318.442,61.6559
2023-01-01 16:15:00,312.296,60.6463
2023-01-01 16:16:00,309.062,60.4763
2023-01-01 16:17:00,303.972,59.6456
2023-01-01 16:18:00,293.65,57.3923
2023-01-01 16:19:00,284.812,55.7644
2023-01-01 16:20:00,267.422,52.2235
2023-01-01 16:21:00,274.254,54.665
2023-01-01 16:22:00,275.186,55.5854
2023-01-01 16:23:00,266.952,53.6885
2023-01-01 16:24:00,262.874,53.036
2023-01-01 16:25:00,249.931,50.0408
2023-01-01 16:26:00,222.109,43.311
2023-01-01 16:27:00,178.247,32.818
2023-01-01 16:28:00,175.056,32.5925
2023-01-01 16:29:00,173.676,32.9641
2023-01-01 16:30:00,153.604,28.3942
2023-01-01 16:31:00,132.978,23.8118
2023-01-01 16:32:00,113.785,19.3764
2023-01-01 16:33:00,99.0334,16.6728
2023-01-01 16:34:00,87.8727,14.0296
2023-01-01 16:35:00,81.0025,12.7912
2023-01-01 16:36:00,75.6606,11.9606
2023-01-01 16:37:00,79.7008,13.4497
2023-01-01 16:38:00,88.551,16.0758
2023-01-01 16:39:00,91.9647,17.2254
2023-01-01 16:40:00,90.0845,16.7834
2023-01-01 16:41:00,98.6401,19.4221
2023-01-01 16:42:00,98.9964,19.6283
2023-01-01 16:43:00,98.8777,19.4471
2023-01-01 16:44:00,87.3414,16.2616
2023-01-01 16:45:00,80.5428,14.4661
2023-01-01 16:46:00,83.5372,15.4265
2023-01-01 16:47:00,91.886,17.9614
2023-01-01 16:48:00,94.6013,18.7841
2023-01-01 16:49:00,96.2168,19.0986
2023-01-01 16:50:00,97.1669,19.208
2023-01-01 16:51:00,101.085,20.2938
2023-01-01 16:52:00,100.719,20.0785
2023-01-01 16:53:00,106.537,21.7875
2023-01-01 16:54:00,99.9466,19.6283
2023-01-01 16:55:00,91.7012,16.9999
2023-01-01 16:56:00,87.3961,15.7284
2023-01-01 16:57:00,84.9852,15.0141
2023-01-01 16:58:00,83.2901,14.4821
2023-01-01 16:59:00,89.969,16.9419
2023-01-01 17:00:00,102.321,20.9364
2023-01-01 17:01:00,89.9359,16.967
2023-01-01 17:02:00,80.4362,14.0857
2023-01-01 17:03:00,76.5192,13.0717
2023-01-01 17:04:00,73.5371,12.3755
2023-01-01 17:05:00,71.3381,12.1157
2023-01-01 17:06:00,68.9737,11.7489
2023-01-01 17:07:00,67.0933,11.4663
2023-01-01 17:08:00,65.753,11.3854
2023-01-01 17:09:00,63.882,11.1325
2023-01-01 17:10:00,60.7208,10.4729
2023-01-01 17:11:00,58.0469,9.92597
2023-01-01 17:12:00,55.7442,9.46911
2023-01-01 17:13:00,53.6069,9.10451
2023-01-01 17:14:00,51.4193,8.73648
2023-01-01 17:15:00,49.361,8.47103
2023-01-01 17:16:00,48.1371,8.40381
2023-01-01 17:17:00,47.1268,8.42093
2023-01-01 17:18:00,45.952,8.35485
2023-01-01 17:19:00,44.2395,8.00735
2023-01-01 17:20:00,41.206,7.27588
2023-01-01 17:21:00,38.7138,6.65381
2023-01-01 17:22:00,36.8505,6.3929
2023-01-01 17:23:00,35.3057,6.19464
2023-01-01 17:24:00,34.1926,6.35188
2023-01-01 17:25:00,33.4516,6.57175
2023-01-01 17:26:00,32.5987,6.82696
2023-01-01 17:27:00,31.4969,7.03089
2023-01-01 17:28:00,29.9728,6.95457
2023-01-01 17:29:00,28.1747,6.62302
2023-01-01 17:30:00,26.4851,6.16731
2023-01-01 17:31:00,25.1367,6.1901
2023-01-01 17:32:00,23.8272,6.02488
2023-01-01 17:33:00,22.295,5.22049
2023-01-01 17:34:00,20.7023,4.1666
2023-01-01 17:35:00,18.9624,3.34171
2023-01-01 17:36:00,17.1494,2.83357
2023-01-01 17:37:00,15.1217,2.35732
2023-01-01 17:38:00,13.0724,1.98703
2023-01-01 17:39:00,11.1236,1.53813
2023-01-01 17:40:00,9.39845,1.29203
2023-01-01 17:41:00,7.87084,1.01288
2023-01-01 17:42:00,6.67208,0.777039
2023-01-01 17:43:00,5.92085,0.729187
2023-01-01 17:44:00,5.1559,0.589045
2023-01-01 17:45:00,4.17289,0.380542
2023-01-01 17:46:00,3.0506,0.170902
2023-01-01 17:47:00,2.06188,-0.0353195
2023-01-01 17:48:00,1.3883,-0.105959
2023-01-01 17:49:00,0.907647,-0.255215
2023-01-01 17:50:00,0.540022,-0.295092
2023-01-01 17:51:00,0.397312,-0.275724
2023-01-01 17:52:00,0.0627935,-0.35434
2023-01-01 17:53:00,-0.477234,-0.428401
2023-01-01 17:54:00,-0.866556,-0.497902
2023-01-01 17:55:00,-1.10974,-0.516131
2023-01-01 17:56:00,-1.33351,-0.532082
2023-01-01 17:57:00,-1.51961,-0.58905
2023-01-01 17:58:00,-1.67944,-0.652852
2023-01-01 17:59:00,-1.81531,-0.658549
2023-01-01 18:00:00,-1.97286,-0.671083
2023-01-01 18:01:00,-2.17723,-0.731469
2023-01-01 18:02:00,-2.24573,-0.739443
2023-01-01 18:03:00,-2.3325,-0.774765
2023-01-01 18:04:00,-2.42157,-0.806671
2023-01-01 18:05:00,-2.47293,-0.812363
2023-01-01 18:06:00,-2.52316,-0.802107
2023-01-01 18:07:00,-2.55285,-0.821477
2023-01-01 18:08:00,-2.52772,-0.806663
2023-01-01 18:09:00,-2.53114,-0.745135
2023-01-01 18:10:00,-2.53684,-0.729182
2023-01-01 18:11:00,-2.5688,-0.67905
2023-01-01 18:12:00,-2.59392,-0.688166
2023-01-01 18:13:00,-2.55967,-0.693862
2023-01-01 18:14:00,-2.55853,-0.717789
2023-01-01 18:15:00,-2.57223,-0.745134
2023-01-01 18:16:00,-2.53685,-0.7383
2023-01-01 18:17:00,-2.50717,-0.765645
2023-01-01 18:18:00,-2.51744,-0.818055
2023-01-01 18:19:00,-2.538,-0.82831
2023-01-01 18:20:00,-2.57225,-0.8135
2023-01-01 18:21:00,-2.58025,-0.724631
2023-01-01 18:22:00,-2.59852,-0.650574
2023-01-01 18:23:00,-2.63733,-0.683614
2023-01-01 18:24:00,-2.64759,-0.834005
2023-01-01 18:25:00,-2.63846,-0.720072
2023-01-01 18:26:00,-2.58138,-0.697284
2023-01-01 18:27:00,-2.55968,-0.617529
2023-01-01 18:28:00,-2.50945,-0.641455
2023-01-01 18:29:00,-2.51059,-0.636897
2023-01-01 18:30:00,-2.5471,-0.800957
2023-01-01 18:31:00,-2.6213,-0.867037
2023-01-01 18:32:00,-2.6373,-0.844253
2023-01-01 18:33:00,-2.60763,-0.820331
2023-01-01 18:34:00,-2.63161,-0.935409
2023-01-01 18:35:00,-2.72865,-0.986677
2023-01-01 18:36:00,-2.71951,-1.00604
2023-01-01 18:37:00,-2.64188,-0.953635
2023-01-01 18:38:00,-2.59164,-0.926288
2023-01-01 18:39:00,-2.62932,-1.10745
2023-01-01 18:40:00,-2.65329,-1.09036
2023-01-01 18:41:00,-2.54254,-0.722345
2023-01-01 18:42:00,-2.40783,-0.71779
2023-01-01 18:43:00,-2.36217,-0.597021
2023-01-01 18:44:00,-2.34961,-0.545749
2023-01-01 18:45:00,-2.37929,-0.648291
2023-01-01 18:46:00,-2.28566,-0.675632
2023-01-01 18:47:00,-2.31648,-0.764498
2023-01-01 18:48:00,-2.42723,-0.732599
2023-01-01 18:49:00,-2.50829,-0.718926
2023-01-01 18:50:00,-2.40097,-0.714368
2023-01-01 18:51:00,-2.18976,-0.69614
2023-01-01 18:52:00,-2.10756,-0.4865
2023-01-01 18:53:00,-1.9443,-0.210779
2023-01-01 18:54:00,-1.93517,-0.0877301
2023-01-01 18:55:00,-2.03222,-0.330412
2023-01-01 18:56:00,-1.88608,-0.159509
2023-01-01 18:57:00,-1.92604,-0.0991231
2023-01-01 18:58:00,-2.09157,-0.305343
2023-01-01 18:59:00,-2.16121,-0.300786
2023-01-01 19:00:00,-2.10071,-0.292812
2023-01-01 19:01:00,-2.10642,-0.275721
2023-01-01 19:02:00,-2.16351,-0.272304
2023-01-01 19:03:00,-2.23085,-0.475105
2023-01-01 19:04:00,-2.33703,-0.660817
2023-01-01 19:05:00,-2.44663,-0.857924
2023-01-01 19:06:00,-2.47519,-0.864766
2023-01-01 19:07:00,-2.43752,-0.797547
2023-01-01 19:08:00,-2.38842,-0.806657
2023-01-01 19:09:00,-2.49574,-0.882995
2023-01-01 19:10:00,-2.50601,-0.786147
2023-01-01 19:11:00,-2.41581,-0.69386
2023-01-01 19:12:00,-2.31192,-0.65854
2023-01-01 19:13:00,-2.23885,-0.576509
2023-01-01 19:14:00,-2.23543,-0.687025
2023-01-01 19:15:00,-2.35302,-0.78045
2023-01-01 19:16:00,-2.36329,-0.728039
2023-01-01 19:17:00,-2.25483,-0.733735
2023-01-01 19:18:00,-2.12695,-0.633471
2023-01-01 19:19:00,-2.06416,-0.609547
2023-01-01 19:20:00,-2.079,-0.743987
2023-01-01 19:21:00,-2.08129,-0.810071
2023-01-01 19:22:00,-2.02535,-0.704111
2023-01-01 19:23:00,-1.90548,-0.634614
2023-01-01 19:24:00,-1.98539,-0.648286
2023-01-01 19:25:00,-1.94314,-0.639168
2023-01-01 19:26:00,-1.91459,-0.553716
2023-01-01 19:27:00,-1.87121,-0.493331
2023-01-01 19:28:00,-1.86207,-0.514978
2023-01-01 19:29:00,-1.92144,-0.51156
2023-01-01 19:30:00,-1.97053,-0.587894
2023-01-01 19:31:00,-1.98195,-0.590174
2023-01-01 19:32:00,-1.94542,-0.638026
2023-01-01 19:33:00,-1.88262,-0.722335
2023-01-01 19:34:00,-1.9066,-0.853361
2023-01-01 19:35:00,-1.90775,-0.863618
2023-01-01 19:36:00,-1.93173,-0.965022
2023-01-01 19:37:00,-1.91347,-1.00832
2023-01-01 19:38:00,-1.83127,-0.983253
2023-01-01 19:39:00,-1.72737,-0.908057
2023-01-01 19:40:00,-1.58695,-0.71095
2023-01-01 19:41:00,-1.49446,-0.577645
2023-01-01 19:42:00,-1.45564,-0.511561
2023-01-01 19:43:00,-1.43737,-0.476242
2023-01-01 19:44:00,-1.43852,-0.472827
2023-01-01 19:45:00,-1.43852,-0.437507
2023-01-01 19:46:00,-1.43167,-0.434088
2023-01-01 19:47:00,-1.43167,-0.443202
2023-01-01 19:48:00,-1.4271,-0.398766
2023-01-01 19:49:00,-1.39056,-0.386234
2023-01-01 19:50:00,-1.39969,-0.397626
2023-01-01 19:51:00,-1.42139,-0.32471
2023-01-01 19:52:00,-1.32663,-0.247235
2023-01-01 19:53:00,-1.36431,-0.271162
2023-01-01 19:54:00,-1.39513,-0.247235
2023-01-01 19:55:00,-1.43623,-0.296226
2023-01-01 19:56:00,-1.44879,-0.309898
2023-01-01 19:57:00,-1.42596,-0.32585
2023-01-01 19:58:00,-1.46591,-0.372562
2023-01-01 19:59:00,-1.47732,-0.426109
2023-01-01 20:00:00,-1.52185,-0.439781
2023-01-01 20:01:00,-1.52755,-0.445475
2023-01-01 20:02:00,-1.55724,-0.492188
2023-01-01 20:03:00,-1.60975,-0.508139
2023-01-01 20:04:00,-1.5892,-0.458008
2023-01-01 20:05:00,-1.60291,-0.424969
2023-01-01 20:06:00,-1.60405,-0.440919
2023-01-01 20:07:00,-1.63031,-0.448895
2023-01-01 20:08:00,-1.69995,-0.481937
2023-01-01 20:09:00,-1.78444,-0.56397
2023-01-01 20:10:00,-1.80728,-0.584478
2023-01-01 20:11:00,-1.88377,-0.642585
2023-01-01 20:12:00,-1.94998,-0.667648
2023-01-01 20:13:00,-1.94428,-0.705247
2023-01-01 20:14:00,-1.8518,-0.689297
2023-01-01 20:15:00,-1.82211,-0.650556
2023-01-01 20:16:00,-1.8027,-0.611819
2023-01-01 20:17:00,-1.72163,-0.560547
2023-01-01 20:18:00,-1.68738,-0.479654
2023-01-01 20:19:00,-1.68967,-0.43864
2023-01-01 20:20:00,-1.70223,-0.33724
2023-01-01 20:21:00,-1.7205,-0.282553
2023-01-01 20:22:00,-1.73077,-0.260906
2023-01-01 20:23:00,-1.72506,-0.23584
2023-01-01 20:24:00,-1.76844,-0.264323
2023-01-01 20:25:00,-1.73533,-0.345214
2023-01-01 20:26:00,-1.75017,-0.373697
2023-01-01 20:27:00,-1.79812,-0.386229
2023-01-01 20:28:00,-1.82096,-0.415852
2023-01-01 20:29:00,-1.85064,-0.363444
2023-01-01 20:30:00,-1.84151,-0.381673
2023-01-01 20:31:00,-1.83351,-0.353189
2023-01-01 20:32:00,-1.78785,-0.37028
2023-01-01 20:33:00,-1.78328,-0.383951
2023-01-01 20:34:00,-1.7593,-0.378254
2023-01-01 20:35:00,-1.73647,-0.374836
2023-01-01 20:36:00,-1.70336,-0.375975
2023-01-01 20:37:00,-1.67939,-0.378255
2023-01-01 20:38:00,-1.64514,-0.374837
2023-01-01 20:39:00,-1.55952,-0.276856
2023-01-01 20:40:00,-1.46134,-0.191407
2023-01-01 20:41:00,-1.47618,-0.116211
2023-01-01 20:42:00,-1.47389,-0.124186
2023-01-01 20:43:00,-1.4659,-0.159505
2023-01-01 20:44:00,-1.48074,-0.165202
2023-01-01 20:45:00,-1.46704,-0.153808
2023-01-01 20:46:00,-1.4716,-0.134439
2023-01-01 20:47:00,-1.52754,-0.148111
2023-01-01 20:48:00,-1.60517,-0.224445
2023-01-01 20:49:00,-1.58006,-0.274576
2023-01-01 20:50:00,-1.60861,-0.317871
2023-01-01 20:51:00,-1.64514,-0.341795
2023-01-01 20:52:00,-1.55037,-0.307614
2023-01-01 20:53:00,-1.52524,-0.289384
2023-01-01 20:54:00,-1.52981,-0.26204
2023-01-01 20:55:00,-1.5378,-0.201658
2023-01-01 20:56:00,-1.5378,-0.206215
2023-01-01 20:57:00,-1.52753,-0.21419
2023-01-01 20:58:00,-1.52296,-0.202797
2023-01-01 20:59:00,-1.55378,-0.150388
2023-01-01 21:00:00,-1.60973,-0.161781
2023-01-01 21:01:00,-1.59375,-0.126464
2023-01-01 21:02:00,-1.55493,-0.00113933
2023-01-01 21:03:00,-1.5241,0.0569653
2023-01-01 21:04:00,-1.48643,0.0262041
2023-01-01 21:05:00,-1.53438,-0.00227861
2023-01-01 21:06:00,-1.54351,-0.041015
2023-01-01 21:07:00,-1.51839,-0.0683581
2023-01-01 21:08:00,-1.51839,-0.0831688
2023-01-01 21:09:00,-1.45788,-0.128741
2023-01-01 21:10:00,-1.43277,-0.0717759
2023-01-01 21:11:00,-1.48414,-0.0136716
2023-01-01 21:12:00,-1.47729,-0.0170895
2023-01-01 21:13:00,-1.42478,-0.0022786
2023-01-01 21:14:00,-1.44876,0.0159503
2023-01-01 21:15:00,-1.51155,-0.00113931
2023-01-01 21:16:00,-1.56749,0.00113931
2023-01-01 21:17:00,-1.59146,0.00683584
2023-01-01 21:18:00,-1.60173,0.00455721
2023-01-01 21:19:00,-1.65197,-0.0774729
2023-01-01 21:20:00,-1.73873,-0.100259
2023-01-01 21:21:00,-1.69877,-0.132159
2023-01-01 21:22:00,-1.72274,-0.283686
2023-01-01 21:23:00,-1.75014,-0.431795
2023-01-01 21:24:00,-1.72045,-0.469389
2023-01-01 21:25:00,-1.68848,-0.470528
2023-01-01 21:26:00,-1.74214,-0.477364
2023-01-01 21:27:00,-1.77297,-0.481924
2023-01-01 21:28:00,-1.78895,-0.477366
2023-01-01 21:29:00,-1.78896,-0.4261
2023-01-01 21:30:00,-1.75129,-0.288245
2023-01-01 21:31:00,-1.72503,-0.282548
2023-01-01 21:32:00,-1.65083,-0.267738
2023-01-01 21:33:00,-1.63941,-0.210772
2023-01-01 21:34:00,-1.61772,-0.118488
2023-01-01 21:35:00,-1.5652,-0.0330399
2023-01-01 21:36:00,-1.53209,-0.026204
2023-01-01 21:37:00,-1.52638,-0.0284826
2023-01-01 21:38:00,-1.53552,-0.0478507
2023-01-01 21:39:00,-1.54922,-0.13102
2023-01-01 21:40:00,-1.56862,-0.14697
2023-01-01 21:41:00,-1.60857,-0.192542
2023-01-01 21:42:00,-1.60515,-0.207353
2023-01-01 21:43:00,-1.57547,-0.251786
2023-01-01 21:44:00,-1.58118,-0.322423
2023-01-01 21:45:00,-1.54922,-0.334956
2023-01-01 21:46:00,-1.46474,-0.297359
2023-01-01 21:47:00,-1.45104,-0.260901
2023-01-01 21:48:00,-1.40194,-0.150388
2023-01-01 21:49:00,-1.37568,-0.144691
2023-01-01 21:50:00,-1.35627,-0.183427
2023-01-01 21:51:00,-1.30147,-0.208492
2023-01-01 21:52:00,-1.2969,-0.223302
2023-01-01 21:53:00,-1.19187,-0.233556
2023-01-01 21:54:00,-1.22498,-0.252924
2023-01-01 21:55:00,-1.18617,-0.285964
2023-01-01 21:56:00,-1.21699,-0.284824
2023-01-01 21:57:00,-1.23411,-0.280267
2023-01-01 21:58:00,-1.28092,-0.272292
2023-01-01 21:59:00,-1.23297,-0.264317
2023-01-01 22:00:00,-1.2695,-0.236973
2023-01-01 22:01:00,-1.32202,-0.189123
2023-01-01 22:02:00,-1.34142,-0.154944
2023-01-01 22:03:00,-1.37111,-0.121904
2023-01-01 22:04:00,-1.39736,-0.149247
2023-01-01 22:05:00,-1.44189,-0.187984
2023-01-01 22:06:00,-1.44303,-0.195959
2023-01-01 22:07:00,-1.49783,-0.205073
2023-01-01 22:08:00,-1.52409,-0.225581
2023-01-01 22:09:00,-1.51724,-0.227859
2023-01-01 22:10:00,-1.46701,-0.181148
2023-01-01 22:11:00,-1.43733,-0.167477
2023-01-01 22:12:00,-1.43847,-0.183427
2023-01-01 22:13:00,-1.46473,-0.202795
2023-01-01 22:14:00,-1.49213,-0.209631
2023-01-01 22:15:00,-1.483,-0.217606
2023-01-01 22:16:00,-1.49898,-0.216467
2023-01-01 22:17:00,-1.50469,-0.206214
2023-01-01 22:18:00,-1.48186,-0.1971
2023-01-01 22:19:00,-1.44989,-0.170896
2023-01-01 22:20:00,-1.4362,-0.156085
2023-01-01 22:21:00,-1.38482,-0.142413
2023-01-01 22:22:00,-1.32203,-0.134438
2023-01-01 22:23:00,-1.31746,-0.116209
2023-01-01 22:24:00,-1.30377,-0.0991198
2023-01-01 22:25:00,-1.28321,-0.102537
2023-01-01 22:26:00,-1.26266,-0.0877262
2023-01-01 22:27:00,-1.23526,-0.0672186
2023-01-01 22:28:00,-1.19872,-0.0694971
2023-01-01 22:29:00,-1.1679,-0.0957012
2023-01-01 22:30:00,-1.1405,-0.104816
2023-01-01 22:31:00,-1.1131,-0.136716
2023-01-01 22:32:00,-1.0994,-0.14583
2023-01-01 22:33:00,-1.04689,-0.138995
2023-01-01 22:34:00,-1.00693,-0.0991191
2023-01-01 22:35:00,-0.968115,-0.0478506
2023-01-01 22:36:00,-0.958979,-0.00797509
2023-01-01 22:37:00,-0.96012,0.0148109
2023-01-01 22:38:00,-0.962405,0.0273432
2023-01-01 22:39:00,-0.986375,0.0262038
2023-01-01 22:40:00,-1.01377,0.0341788
2023-01-01 22:41:00,-1.00464,0.0387361
2023-01-01 22:42:00,-1.01948,0.0410145
2023-01-01 22:43:00,-1.05944,0.0262037
2023-01-01 22:44:00,-1.08455,-0.0216465
2023-01-01 22:45:00,-1.09483,-0.0900043
2023-01-01 22:46:00,-1.12452,-0.142412
2023-01-01 22:47:00,-1.16333,-0.185705
2023-01-01 22:48:00,-1.16675,-0.232416
2023-01-01 22:49:00,-1.16447,-0.295076
2023-01-01 22:50:00,-1.19301,-0.293937
2023-01-01 22:51:00,-1.23068,-0.213047
2023-01-01 22:52:00,-1.23297,-0.119626
2023-01-01 22:53:00,-1.23297,-0.0364574
2023-01-01 22:54:00,-1.22954,-0.00227859
2023-01-01 22:55:00,-1.23182,0.0330395
2023-01-01 22:56:00,-1.22954,0.027343
2023-01-01 22:57:00,-1.22954,-0.00797504
2023-01-01 22:58:00,-1.21812,-0.0478502
2023-01-01 22:59:00,-1.18388,-0.0649396
2023-01-01 23:00:00,-1.12794,-0.0364573
2023-01-01 23:01:00,-1.10282,-0.0524072
2023-01-01 23:02:00,-1.09369,-0.0592432
2023-01-01 23:03:00,-1.08569,-0.0410144
2023-01-01 23:04:00,-1.08569,-0.0410142
2023-01-01 23:05:00,-1.09026,-0.0478502
2023-01-01 23:06:00,-1.09711,-0.0501289
2023-01-01 23:07:00,-1.09597,-0.0478502
2023-01-01 23:08:00,-1.14506,-0.102536
2023-01-01 23:09:00,-1.17817,-0.121904
2023-01-01 23:10:00,-1.20214,-0.107093
2023-01-01 23:11:00,-1.16561,-0.0991181
2023-01-01 23:12:00,-1.16447,-0.107093
2023-01-01 23:13:00,-1.16561,-0.115069
2023-01-01 23:14:00,-1.17816,-0.0751931
2023-01-01 23:15:00,-1.19414,-0.0432928
2023-01-01 23:16:00,-1.17816,-0.0307607
2023-01-01 23:17:00,-1.18729,-0.00113929
2023-01-01 23:18:00,-1.16903,-0.0205072
2023-01-01 23:19:00,-1.17931,-0.0296215
2023-01-01 23:20:00,-1.15647,-0.0330392
2023-01-01 23:21:00,-1.17017,-0.0341787
2023-01-01 23:22:00,-1.16675,-0.0398752
2023-01-01 23:23:00,-1.17246,-0.0455718
2023-01-01 23:24:00,-1.14278,-0.0865863
2023-01-01 23:25:00,-1.09369,-0.0797505
2023-01-01 23:26:00,-1.12794,-0.0763326
2023-01-01 23:27:00,-1.16903,-0.102536
2023-01-01 23:28:00,-1.23867,-0.157222
2023-01-01 23:29:00,-1.29233,-0.201654
2023-01-01 23:30:00,-1.35626,-0.149247
2023-01-01 23:31:00,-1.42134,-0.162919
2023-01-01 23:32:00,-1.4944,-0.14469
2023-01-01 23:33:00,-1.50924,-0.117347
2023-01-01 23:34:00,-1.46244,-0.0672183
2023-01-01 23:35:00,-1.39851,-0.0284824
2023-01-01 23:36:00,-1.31517,-0.0250645
2023-01-01 23:37:00,-1.27292,-0.0341787
2023-01-01 23:38:00,-1.3026,-0.0341787
2023-01-01 23:39:00,-1.22726,-0.0581038
2023-01-01 23:40:00,-1.15077,-0.0546859
2023-01-01 23:41:00,-1.13022,-0.0375966
2023-01-01 23:42:00,-1.15191,-0.0273429
2023-01-01 23:43:00,-1.16675,0.00455715
2023-01-01 23:44:00,-1.17017,0.0341786
2023-01-01 23:45:00,-1.16104,0.0410144
2023-01-01 23:46:00,-1.15876,0.0763323
2023-01-01 23:47:00,-1.21584,0.0672181
2023-01-01 23:48:00,-1.33229,0.0205072
2023-01-01 23:49:00,-1.39736,0.0341787
2023-01-01 23:50:00,-1.35854,0.0307608
2023-01-01 23:51:00,-1.32886,0.00683574
2023-01-01 23:52:00,-1.33457,0.00683572
2023-01-01 23:53:00,-1.36196,-0.0182285
2023-01-01 23:54:00,-1.37109,-0.0239249
2023-01-01 23:55:00,-1.38822,-0.0387356
2023-01-01 23:56:00,-1.43388,-0.0615214
2023-01-01 23:57:00,-1.47955,-0.11165
2023-01-01 23:58:00,-1.46471,-0.156082
2023-01-01 23:59:00,-1.44873,-0.170893
2023-01-02 00:00:00,-1.48641,-0.209629
2023-01-02 00:01:00,-1.43274,-0.241528
2023-01-02 00:02:00,-1.43959,-0.283682
2023-01-02 00:03:00,-1.41333,-0.303049
2023-01-02 00:04:00,-1.41562,-0.304189
2023-01-02 00:05:00,-1.52521,-0.297353
2023-01-02 00:06:00,-1.62682,-0.262035
2023-01-02 00:07:00,-1.6622,-0.234691
2023-01-02 00:08:00,-1.65078,-0.213045
2023-01-02 00:09:00,-1.63709,-0.214185
2023-01-02 00:10:00,-1.61198,-0.209629
2023-01-02 00:11:00,-1.63253,-0.192539
2023-01-02 00:12:00,-1.63481,-0.157221
2023-01-02 00:13:00,-1.60285,-0.140132
2023-01-02 00:14:00,-1.62112,-0.0934215
2023-01-02 00:15:00,-1.63824,-0.133297
2023-01-02 00:16:00,-1.67249,-0.173172
2023-01-02 00:17:00,-1.72273,-0.228997
2023-01-02 00:18:00,-1.7136,-0.24039
2023-01-02 00:19:00,-1.71131,-0.235833
2023-01-02 00:20:00,-1.70559,-0.203932
2023-01-02 00:21:00,-1.67363,-0.238111
2023-01-02 00:22:00,-1.65079,-0.288239
2023-01-02 00:23:00,-1.64394,-0.326975
2023-01-02 00:24:00,-1.64851,-0.345203
2023-01-02 00:25:00,-1.64395,-0.313304
2023-01-02 00:26:00,-1.63481,-0.284821
2023-01-02 00:27:00,-1.65079,-0.249503
2023-01-02 00:28:00,-1.73185,-0.235832
2023-01-02 00:29:00,-1.78323,-0.243807
2023-01-02 00:30:00,-1.81748,-0.242668
2023-01-02 00:31:00,-1.87342,-0.249504
2023-01-02 00:32:00,-1.92594,-0.252922
2023-01-02 00:33:00,-1.95904,-0.262036
2023-01-02 00:34:00,-1.95333,-0.300771
2023-01-02 00:35:00,-1.95904,-0.320139
2023-01-02 00:36:00,-1.9305,-0.369129
2023-01-02 00:37:00,-1.86314,-0.379383
2023-01-02 00:38:00,-1.77409,-0.3509
2023-01-02 00:39:00,-1.66792,-0.314442
2023-01-02 00:40:00,-1.6348,-0.304188
2023-01-02 00:41:00,-1.61083,-0.26887
2023-01-02 00:42:00,-1.6348,-0.259756
2023-01-02 00:43:00,-1.63137,-0.267729
2023-01-02 00:44:00,-1.63252,-0.311022
2023-01-02 00:45:00,-1.63366,-0.309884
2023-01-02 00:46:00,-1.63938,-0.293935
2023-01-02 00:47:00,-1.64623,-0.248364
2023-01-02 00:48:00,-1.63252,-0.239248
2023-01-02 00:49:00,-1.63595,-0.240389
2023-01-02 00:50:00,-1.60969,-0.23925
2023-01-02 00:51:00,-1.62111,-0.239249
2023-01-02 00:52:00,-1.61882,-0.239249
2023-01-02 00:53:00,-1.55147,-0.235831
2023-01-02 00:54:00,-1.50352,-0.230134
2023-01-02 00:55:00,-1.50694,-0.193677
2023-01-02 00:56:00,-1.5937,-0.194816
2023-01-02 00:57:00,-1.64736,-0.216463
2023-01-02 00:58:00,-1.67704,-0.238109
2023-01-02 00:59:00,-1.66791,-0.243806
2023-01-02 01:00:00,-1.69188,-0.267731
2023-01-02 01:01:00,-1.74781,-0.306464
2023-01-02 01:02:00,-1.7912,-0.308743
2023-01-02 01:03:00,-1.83915,-0.337225
2023-01-02 01:04:00,-1.87226,-0.354315
2023-01-02 01:05:00,-1.89965,-0.377098
2023-01-02 01:06:00,-1.88823,-0.37596
2023-01-02 01:07:00,-1.8871,-0.388493
2023-01-02 01:08:00,-1.88939,-0.382798
2023-01-02 01:09:00,-1.9088,-0.393052
2023-01-02 01:10:00,-1.85971,-0.406724
2023-01-02 01:11:00,-1.80148,-0.415837
2023-01-02 01:12:00,-1.80947,-0.401025
2023-01-02 01:13:00,-1.7912,-0.395328
2023-01-02 01:14:00,-1.75581,-0.383936
2023-01-02 01:15:00,-1.76266,-0.379379
2023-01-02 01:16:00,-1.71014,-0.39077
2023-01-02 01:17:00,-1.68503,-0.399886
2023-01-02 01:18:00,-1.6154,-0.340645
2023-01-02 01:19:00,-1.49553,-0.257477
2023-01-02 01:20:00,-1.47726,-0.224438
2023-01-02 01:21:00,-1.46813,-0.228996
2023-01-02 01:22:00,-1.45672,-0.224439
2023-01-02 01:23:00,-1.42589,-0.19026
2023-01-02 01:24:00,-1.36539,-0.132157
2023-01-02 01:25:00,-1.30488,-0.071775
2023-01-02 01:26:00,-1.26835,-0.0398749
2023-01-02 01:27:00,-1.31173,-0.0125321
2023-01-02 01:28:00,-1.3768,-0.036457
2023-01-02 01:29:00,-1.37451,-0.0296213
2023-01-02 01:30:00,-1.32314,-0.0318999
2023-01-02 01:31:00,-1.30716,-0.0250642
2023-01-02 01:32:00,-1.32771,-0.0296213
2023-01-02 01:33:00,-1.39963,-0.0136713
2023-01-02 01:34:00,-1.40191,0.00911421
2023-01-02 01:35:00,-1.42816,-0.00911411
2023-01-02 01:36:00,-1.45555,-0.0193675
2023-01-02 01:37:00,-1.47268,-0.0307603
2023-01-02 01:38:00,-1.48296,-0.0455709
2023-01-02 01:39:00,-1.56288,-0.0615209
2023-01-02 01:40:00,-1.60627,-0.0489891
2023-01-02 01:41:00,-1.65079,-0.0706355
2023-01-02 01:42:00,-1.69304,-0.0729142
2023-01-02 01:43:00,-1.66906,-0.0649391
2023-01-02 01:44:00,-1.65993,-0.0615213
2023-01-02 01:45:00,-1.70331,-0.0569641
2023-01-02 01:46:00,-1.72956,-0.0637996
2023-01-02 01:47:00,-1.70673,-0.0797497
2023-01-02 01:48:00,-1.80491,-0.178867
2023-01-02 01:49:00,-1.88368,-0.225577
2023-01-02 01:50:00,-1.86427,-0.0956992
2023-01-02 01:51:00,-1.8517,-0.045571
2023-01-02 01:52:00,-1.88367,-0.124181
2023-01-02 01:53:00,-1.93163,-0.218742
2023-01-02 01:54:00,-1.9693,-0.233552
2023-01-02 01:55:00,-1.97615,-0.20507
2023-01-02 01:56:00,-1.94989,-0.173171
2023-01-02 01:57:00,-1.9362,-0.131018
2023-01-02 01:58:00,-1.85743,0.00455711
2023-01-02 01:59:00,-1.86655,0.061521
2023-01-02 02:00:00,-1.81176,0.242666
2023-01-02 02:01:00,-1.78092,0.215322
2023-01-02 02:02:00,-1.8049,0.101395
2023-01-02 02:03:00,-1.8517,0.0250641
2023-01-02 02:04:00,-1.9419,-0.152663
2023-01-02 02:05:00,-1.96815,-0.100256
2023-01-02 02:06:00,-1.92705,-0.0729136
2023-01-02 02:07:00,-1.9008,-0.150385
2023-01-02 02:08:00,-1.92706,-0.166335
2023-01-02 02:09:00,-1.93734,-0.202793
2023-01-02 02:10:00,-1.95333,-0.216464
2023-01-02 02:11:00,-1.95218,-0.195957
2023-01-02 02:12:00,-1.94077,-0.211907
2023-01-02 02:13:00,-2.02752,-0.243805
2023-01-02 02:14:00,-2.0572,-0.275705
2023-01-02 02:15:00,-1.95445,-0.164055
2023-01-02 02:16:00,-1.88367,-0.0444316
2023-01-02 02:17:00,-1.93733,-0.0797492
2023-01-02 02:18:00,-1.95217,-0.0820278
2023-01-02 02:19:00,-1.98413,-0.0911419
2023-01-02 02:20:00,-1.9613,-0.0467103
2023-01-02 02:21:00,-1.95902,-0.0387354
2023-01-02 02:22:00,-1.95902,-0.0683566
2023-01-02 02:23:00,-1.9556,-0.108231
2023-01-02 02:24:00,-1.95103,-0.145827
2023-01-02 02:25:00,-1.94646,-0.176588
2023-01-02 02:26:00,-1.90651,-0.178866
2023-01-02 02:27:00,-1.90308,-0.186842
2023-01-02 02:28:00,-1.88368,-0.197095
2023-01-02 02:29:00,-1.88025,-0.213045
2023-01-02 02:30:00,-1.88709,-0.197094
2023-01-02 02:31:00,-1.9316,-0.202789
2023-01-02 02:32:00,-1.8985,-0.200511
2023-01-02 02:33:00,-1.90876,-0.190257
2023-01-02 02:34:00,-1.90877,-0.181143
2023-01-02 02:35:00,-1.90534,-0.152661
2023-01-02 02:36:00,-1.89735,-0.14013
2023-01-02 02:37:00,-1.88937,-0.100256
2023-01-02 02:38:00,-1.91106,-0.100255
2023-01-02 02:39:00,-1.90079,-0.137852
2023-01-02 02:40:00,-1.88594,-0.164054
2023-01-02 02:41:00,-1.88137,-0.167471
2023-01-02 02:42:00,-1.88708,-0.176586
2023-01-02 02:43:00,-1.88708,-0.143547
2023-01-02 02:44:00,-1.89051,-0.0751916
2023-01-02 02:45:00,-1.88365,-0.0626595
2023-01-02 02:46:00,-1.84939,-0.0375955
2023-01-02 02:47:00,-1.81743,-0.0410132
2023-01-02 02:48:00,-1.86082,-0.0318994
2023-01-02 02:49:00,-1.90421,-0.0387352
2023-01-02 02:50:00,-1.95102,-0.075192
2023-01-02 02:51:00,-2.00468,-0.14127
2023-01-02 02:52:00,-1.99668,-0.172029
2023-01-02 02:53:00,-2.05718,-0.174308
2023-01-02 02:54:00,-2.09829,-0.178865
2023-01-02 02:55:00,-2.10285,-0.2176
2023-01-02 02:56:00,-2.05262,-0.241525
2023-01-02 02:57:00,-2.02409,-0.280261
2023-01-02 02:58:00,-2.03437,-0.301909
2023-01-02 02:59:00,-2.03551,-0.318998
2023-01-02 03:00:00,-2.03437,-0.311022
2023-01-02 03:01:00,-2.02524,-0.30077
2023-01-02 03:02:00,-1.9716,-0.301911
2023-01-02 03:03:00,-2.01726,-0.305328
2023-01-02 03:04:00,-2.01953,-0.272288
2023-01-02 03:05:00,-2.00925,-0.239248
2023-01-02 03:06:00,-1.99784,-0.234691
2023-01-02 03:07:00,-1.94303,-0.227855
2023-01-02 03:08:00,-1.9339,-0.209626
2023-01-02 03:09:00,-1.91449,-0.213044
2023-01-02 03:10:00,-1.93047,-0.206208
2023-01-02 03:11:00,-1.95101,-0.236967
2023-01-02 03:12:00,-1.96357,-0.271145
2023-01-02 03:13:00,-1.97613,-0.291652
2023-01-02 03:14:00,-2.04347,-0.317853
2023-01-02 03:15:00,-2.08684,-0.320131
2023-01-02 03:16:00,-2.0309,-0.334941
2023-01-02 03:17:00,-2.02063,-0.338359
2023-01-02 03:18:00,-2.01151,-0.320132
2023-01-02 03:19:00,-2.00809,-0.30988
2023-01-02 03:20:00,-2.01608,-0.32355
2023-01-02 03:21:00,-2.01379,-0.336082
2023-01-02 03:22:00,-1.99553,-0.34064
2023-01-02 03:23:00,-2.0001,-0.3714
2023-01-02 03:24:00,-2.01037,-0.389628
2023-01-02 03:25:00,-2.01721,-0.357727
2023-01-02 03:26:00,-1.98753,-0.3395
2023-01-02 03:27:00,-2.03092,-0.339501
2023-01-02 03:28:00,-2.02293,-0.313298
2023-01-02 03:29:00,-1.96128,-0.271145
2023-01-02 03:30:00,-1.94871,-0.231269
2023-01-02 03:31:00,-1.92702,-0.203927
2023-01-02 03:32:00,-1.91561,-0.198231
2023-01-02 03:33:00,-1.90762,-0.201649
2023-01-02 03:34:00,-1.95672,-0.250638
2023-01-02 03:35:00,-2.03092,-0.27684
2023-01-02 03:36:00,-2.09826,-0.289371
2023-01-02 03:37:00,-2.13251,-0.324688
2023-01-02 03:38:00,-2.19302,-0.312157
2023-01-02 03:39:00,-2.18045,-0.355447
2023-01-02 03:40:00,-2.15306,-0.297346
2023-01-02 03:41:00,-2.13821,-0.25975
2023-01-02 03:42:00,-2.12452,-0.276839
2023-01-02 03:43:00,-2.11424,-0.279117
2023-01-02 03:44:00,-2.09939,-0.244939
2023-01-02 03:45:00,-2.08113,-0.226711
2023-01-02 03:46:00,-2.04347,-0.24494
2023-01-02 03:47:00,-1.97155,-0.240384
2023-01-02 03:48:00,-1.96584,-0.236966
2023-01-02 03:49:00,-2.01835,-0.208484
2023-01-02 03:50:00,-2.02177,-0.216458
2023-01-02 03:51:00,-2.02405,-0.201647
2023-01-02 03:52:00,-2.01379,-0.201649
2023-01-02 03:53:00,-2.01722,-0.192535
2023-01-02 03:54:00,-2.0389,-0.201648
2023-01-02 03:55:00,-2.04917,-0.274561
2023-01-02 03:56:00,-2.03776,-0.331524
2023-01-02 03:57:00,-2.0252,-0.312156
2023-01-02 03:58:00,-2.01721,-0.314436
2023-01-02 03:59:00,-2.0195,-0.332664
2023-01-02 04:00:00,-2.06516,-0.323549
2023-01-02 04:01:00,-2.04347,-0.285954
2023-01-02 04:02:00,-1.99895,-0.254055
2023-01-02 04:03:00,-1.95329,-0.24722
2023-01-02 04:04:00,-1.92247,-0.222156
2023-01-02 04:05:00,-1.88821,-0.197092
2023-01-02 04:06:00,-1.88593,-0.1857
2023-01-02 04:07:00,-1.89164,-0.205067
2023-01-02 04:08:00,-1.88593,-0.178864
2023-01-02 04:09:00,-1.88137,-0.176586
2023-01-02 04:10:00,-1.88594,-0.207347
2023-01-02 04:11:00,-1.87795,-0.209625
2023-01-02 04:12:00,-1.88023,-0.208486
2023-01-02 04:13:00,-1.85283,-0.203929
2023-01-02 04:14:00,-1.80945,-0.213043
2023-01-02 04:15:00,-1.74096,-0.205068
2023-01-02 04:16:00,-1.68616,-0.194815
2023-01-02 04:17:00,-1.63365,-0.15608
2023-01-02 04:18:00,-1.57543,-0.105952
2023-01-02 04:19:00,-1.52291,-0.0979771
2023-01-02 04:20:00,-1.47267,-0.091141
2023-01-02 04:21:00,-1.43157,-0.0637987
2023-01-02 04:22:00,-1.40075,0.0102534
2023-01-02 04:23:00,-1.36764,0.0763305
2023-01-02 04:24:00,-1.40646,0.104812
2023-01-02 04:25:00,-1.4019,0.151522
2023-01-02 04:26:00,-1.41331,0.145826
2023-01-02 04:27:00,-1.39962,0.111648
2023-01-02 04:28:00,-1.40875,0.143548
2023-01-02 04:29:00,-1.4704,0.177726
2023-01-02 04:30:00,-1.48637,0.182282
2023-01-02 04:31:00,-1.52405,0.17089
2023-01-02 04:32:00,-1.52747,0.12418
2023-01-02 04:33:00,-1.55715,0.112787
2023-01-02 04:34:00,-1.59027,0.0774702
2023-01-02 04:35:00,-1.60967,0.141269
2023-01-02 04:36:00,-1.60967,0.206207
2023-01-02 04:37:00,-1.61196,0.211904
2023-01-02 04:38:00,-1.61081,0.193675
2023-01-02 04:39:00,-1.60967,0.135572
2023-01-02 04:40:00,-1.60967,0.125319
2023-01-02 04:41:00,-1.63706,0.0751911
2023-01-02 04:42:00,-1.66902,0.0808874
2023-01-02 04:43:00,-1.67816,0.0843052
2023-01-02 04:44:00,-1.68614,0.0877228
2023-01-02 04:45:00,-1.72838,0.138989
2023-01-02 04:46:00,-1.71126,0.161775
2023-01-02 04:47:00,-1.69301,0.146965
2023-01-02 04:48:00,-1.7147,0.127598
2023-01-02 04:49:00,-1.74553,0.123041
2023-01-02 04:50:00,-1.74666,0.111648
2023-01-02 04:51:00,-1.71698,0.133294
2023-01-02 04:52:00,-1.7284,0.187979
2023-01-02 04:53:00,-1.74781,0.292792
2023-01-02 04:54:00,-1.77065,0.25064
2023-01-02 04:55:00,-1.78891,0.252918
2023-01-02 04:56:00,-1.77178,0.206207
2023-01-02 04:57:00,-1.75009,0.180004
2023-01-02 04:58:00,-1.77406,0.117344
2023-01-02 04:59:00,-1.79233,0.128737
2023-01-02 05:00:00,-1.79689,0.103673
2023-01-02 05:01:00,-1.81058,0.0558237
2023-01-02 05:02:00,-1.81173,0.0603809
2023-01-02 05:03:00,-1.80259,0.0524059
2023-01-02 05:04:00,-1.78204,0.0250637
2023-01-02 05:05:00,-1.77177,0.0375956
2023-01-02 05:06:00,-1.7615,0.0501276
2023-01-02 05:07:00,-1.74095,0.0410134
2023-01-02 05:08:00,-1.68501,0.0558238
2023-01-02 05:09:00,-1.64962,0.064938
2023-01-02 05:10:00,-1.67359,0.126458
2023-01-02 05:11:00,-1.68501,0.0945586
2023-01-02 05:12:00,-1.74551,-0.03076
2023-01-02 05:13:00,-1.85625,-0.0273422
2023-01-02 05:14:00,-1.91332,-0.0706339
2023-01-02 05:15:00,-1.9373,-0.087723
2023-01-02 05:16:00,-1.92931,-0.0979765
2023-01-02 05:17:00,-1.92931,-0.0922799
2023-01-02 05:18:00,-1.91904,-0.0979764
2023-01-02 05:19:00,-1.88935,-0.0740518
2023-01-02 05:20:00,-1.86423,-0.0683553
2023-01-02 05:21:00,-1.85054,-0.0694949
2023-01-02 05:22:00,-1.78775,-0.0706339
2023-01-02 05:23:00,-1.71468,-0.0660769
2023-01-02 05:24:00,-1.69299,-0.0239244
2023-01-02 05:25:00,-1.68271,-0.00911402
2023-01-02 05:26:00,-1.62335,0.0364561
2023-01-02 05:27:00,-1.55714,0.0501272
2023-01-02 05:28:00,-1.50577,0.0432916
2023-01-02 05:29:00,-1.47609,0.0182281
2023-01-02 05:30:00,-1.53773,-0.00569627
2023-01-02 05:31:00,-1.5834,0.0398739
2023-01-02 05:32:00,-1.62906,0.0649376
2023-01-02 05:33:00,-1.64733,0.0501274
2023-01-02 05:34:00,-1.63935,0.0581023
2023-01-02 05:35:00,-1.64506,0.0284816
2023-01-02 05:36:00,-1.64392,0.0444314
2023-01-02 05:37:00,-1.64506,0.0182282
2023-01-02 05:38:00,-1.64619,0.0148104
2023-01-02 05:39:00,-1.64619,2.6077e-09
2023-01-02 05:40:00,-1.67929,-0.0478488
2023-01-02 05:41:00,-1.71354,-0.0478488
2023-01-02 05:42:00,-1.71011,-0.0193673
2023-01-02 05:43:00,-1.71582,-0.0113925
2023-01-02 05:44:00,-1.70782,-0.0102532
2023-01-02 05:45:00,-1.70668,-0.013671
2023-01-02 05:46:00,-1.69185,-0.00683554
2023-01-02 05:47:00,-1.68957,-0.035317
2023-01-02 05:48:00,-1.69527,-0.0694945
2023-01-02 05:49:00,-1.71469,-0.0945587
2023-01-02 05:50:00,-1.71583,-0.119623
2023-01-02 05:51:00,-1.68387,-0.117344
2023-01-02 05:52:00,-1.64392,-0.100255
2023-01-02 05:53:00,-1.62108,-0.110509
2023-01-02 05:54:00,-1.61651,-0.0956978
2023-01-02 05:55:00,-1.59824,-0.0945585
2023-01-02 05:56:00,-1.57883,-0.0569628
2023-01-02 05:57:00,-1.59483,0.00911411
2023-01-02 05:58:00,-1.61652,0.0592417
2023-01-02 05:59:00,-1.62679,0.0330386
2023-01-02 06:00:00,-1.6245,0.0284815
2023-01-02 06:01:00,-1.61308,0.0136711
2023-01-02 06:02:00,-1.57997,0.00227851
2023-01-02 06:03:00,-1.55486,-0.00113925
2023-01-02 06:04:00,-1.51034,-0.00113925
2023-01-02 06:05:00,-1.50236,0.0307601
2023-01-02 06:06:00,-1.49779,0.0797485
2023-01-02 06:07:00,-1.47838,0.109369
2023-01-02 06:08:00,-1.50464,0.152662
2023-01-02 06:09:00,-1.51377,0.203928
2023-01-02 06:10:00,-1.49208,0.213042
2023-01-02 06:11:00,-1.44413,0.272284
2023-01-02 06:12:00,-1.37906,0.234689
2023-01-02 06:13:00,-1.30029,0.158357
2023-01-02 06:14:00,-1.33568,0.193674
2023-01-02 06:15:00,-1.34823,0.239244
2023-01-02 06:16:00,-1.3117,0.264308
2023-01-02 06:17:00,-1.29229,0.275701
2023-01-02 06:18:00,-1.2101,0.287093
2023-01-02 06:19:00,-1.10849,0.315574
2023-01-02 06:20:00,-1.00004,0.330385
2023-01-02 06:21:00,-0.858482,0.333802
2023-01-02 06:22:00,-0.670118,0.264307
2023-01-02 06:23:00,-0.371021,0.378235
2023-01-02 06:24:00,0.0468061,0.485328
2023-01-02 06:25:00,0.399562,0.501275
2023-01-02 06:26:00,0.7272,0.514944
2023-01-02 06:27:00,1.04456,0.577604
2023-01-02 06:28:00,1.3722,0.579881
2023-01-02 06:29:00,1.68158,0.641402
2023-01-02 06:30:00,1.98753,0.647097
2023-01-02 06:31:00,2.19531,0.657354
2023-01-02 06:32:00,2.45217,0.726851
2023-01-02 06:33:00,2.73187,0.797485
2023-01-02 06:34:00,2.91681,0.852169
2023-01-02 06:35:00,3.03097,0.853308
2023-01-02 06:36:00,3.32436,0.906853
2023-01-02 06:37:00,3.82667,0.971792
2023-01-02 06:38:00,4.52191,1.04129
2023-01-02 06:39:00,5.46718,1.21332
2023-01-02 06:40:00,6.65332,1.45029
2023-01-02 06:41:00,8.03923,1.78637
2023-01-02 06:42:00,9.49361,2.13042
2023-01-02 06:43:00,10.3841,2.32752
2023-01-02 06:44:00,10.8054,2.30132
2023-01-02 06:45:00,11.665,2.43917
2023-01-02 06:46:00,13.011,2.63399
2023-01-02 06:47:00,14.527,2.84931
2023-01-02 06:48:00,16.1789,3.13526
2023-01-02 06:49:00,18.0477,3.57729
2023-01-02 06:50:00,19.8799,3.9202
2023-01-02 06:51:00,20.9096,4.07855
2023-01-02 06:52:00,21.4689,4.11043
2023-01-02 06:53:00,22.3137,4.1993
2023-01-02 06:54:00,24.0273,4.60943
2023-01-02 06:55:00,26.8481,5.43425
2023-01-02 06:56:00,29.8744,5.94918
2023-01-02 06:57:00,32.3118,6.13033
2023-01-02 06:58:00,34.2719,6.36614
2023-01-02 06:59:00,36.354,6.70448
2023-01-02 07:00:00,39.5883,7.04172
2023-01-02 07:01:00,43.3968,7.47581
2023-01-02 07:02:00,46.5924,7.97598
2023-01-02 07:03:00,47.1016,8.35878
2023-01-02 07:04:00,47.9236,9.22348
2023-01-02 07:05:00,50.6176,10.0699
2023-01-02 07:06:00,56.6099,11.0406
2023-01-02 07:07:00,65.4776,12.5808
2023-01-02 07:08:00,75.689,14.08
2023-01-02 07:09:00,78.6974,14.3649
2023-01-02 07:10:00,72.4382,13.1072
2023-01-02 07:11:00,70.0749,12.6195
2023-01-02 07:12:00,84.5496,15.5942
2023-01-02 07:13:00,74.9999,13.58
2023-01-02 07:14:00,72.3184,13.2348
2023-01-02 07:15:00,69.501,12.8942
2023-01-02 07:16:00,71.0491,13.2428
2023-01-02 07:17:00,83.8411,16.5832
2023-01-02 07:18:00,70.5878,13.4068
2023-01-02 07:19:00,62.6387,11.052
2023-01-02 07:20:00,63.4263,10.9471
2023-01-02 07:21:00,70.4206,12.9909
2023-01-02 07:22:00,68.3131,12.043
2023-01-02 07:23:00,63.3059,10.5791
2023-01-02 07:24:00,71.2105,12.6993
2023-01-02 07:25:00,103.213,21.7666
2023-01-02 07:26:00,96.2114,18.6792
2023-01-02 07:27:00,88.6996,16.0053
2023-01-02 07:28:00,105.866,20.6638
2023-01-02 07:29:00,112.253,22.4774
2023-01-02 07:30:00,94.9406,17.05
2023-01-02 07:31:00,103.674,18.4934
2023-01-02 07:32:00,139.531,28.1941
2023-01-02 07:33:00,150.2,30.7723
2023-01-02 07:34:00,156.906,32.0199
2023-01-02 07:35:00,167.752,34.4294
2023-01-02 07:36:00,176.309,36.2579
2023-01-02 07:37:00,182.481,37.1032
2023-01-02 07:38:00,201.209,41.5989
2023-01-02 07:39:00,210.495,44.1054
2023-01-02 07:40:00,214.242,44.7022
2023-01-02 07:41:00,219.828,46.0249
2023-01-02 07:42:00,220.551,46.2185
2023-01-02 07:43:00,213.506,44.8492
2023-01-02 07:44:00,174.39,34.785
2023-01-02 07:45:00,181.283,33.116
2023-01-02 07:46:00,215.308,43.7567
2023-01-02 07:47:00,204.01,40.9792
2023-01-02 07:48:00,197.236,38.4865
2023-01-02 07:49:00,137.561,22.7226
2023-01-02 07:50:00,133.411,21.9296
2023-01-02 07:51:00,130.665,20.5408
2023-01-02 07:52:00,183.189,34.6836
2023-01-02 07:53:00,195.254,40.0722
2023-01-02 07:54:00,219.628,42.1209
2023-01-02 07:55:00,145.398,22.0027
2023-01-02 07:56:00,141.93,21.2348
2023-01-02 07:57:00,209.8,36.7219
2023-01-02 07:58:00,252.515,50.2095
2023-01-02 07:59:00,254.46,50.6026
2023-01-02 08:00:00,251.173,49.6923
2023-01-02 08:01:00,252.885,49.7756
2023-01-02 08:02:00,246.215,47.9677
2023-01-02 08:03:00,241.683,46.6029
2023-01-02 08:04:00,242.751,46.2472
2023-01-02 08:05:00,238.26,45.0224
2023-01-02 08:06:00,248.943,47.3318
2023-01-02 08:07:00,261.142,50.1822
2023-01-02 08:08:00,276.35,52.8195
2023-01-02 08:09:00,225.709,41.2743
2023-01-02 08:10:00,238.701,44.3743
2023-01-02 08:11:00,295.446,56.7023
2023-01-02 08:12:00,292.068,55.4981
2023-01-02 08:13:00,283.679,53.2926
2023-01-02 08:14:00,287.931,54.0001
2023-01-02 08:15:00,289.222,53.869
2023-01-02 08:16:00,289.085,53.6434
2023-01-02 08:17:00,301.67,56.1076
2023-01-02 08:18:00,304.231,56.414
2023-01-02 08:19:00,302.212,55.5163
2023-01-02 08:20:00,297.59,54.0715
2023-01-02 08:21:00,306.654,56.1277
2023-01-02 08:22:00,319.885,59.1706
2023-01-02 08:23:00,324.805,59.8564
2023-01-02 08:24:00,322.197,59.0556
2023-01-02 08:25:00,323.475,59.3679
2023-01-02 08:26:00,330.589,60.4468
2023-01-02 08:27:00,333.137,60.809
2023-01-02 08:28:00,341.003,62.0838
2023-01-02 08:29:00,341.61,62.1929
2023-01-02 08:30:00,356.25,65.1049
2023-01-02 08:31:00,359.588,65.4001
2023-01-02 08:32:00,357.656,64.7201
2023-01-02 08:33:00,357.279,64.8248
2023-01-02 08:34:00,362.329,65.7874
2023-01-02 08:35:00,345.713,62.2114
2023-01-02 08:36:00,346.139,63.542
2023-01-02 08:37:00,376.62,67.4096
2023-01-02 08:38:00,388.38,68.6445
2023-01-02 08:39:00,332.115,52.1265
2023-01-02 08:40:00,230.618,32.2875
2023-01-02 08:41:00,212.687,27.3487
2023-01-02 08:42:00,263.101,39.8815
2023-01-02 08:43:00,388.401,65.7389
2023-01-02 08:44:00,404.395,71.5846
2023-01-02 08:45:00,359.603,62.3726
2023-01-02 08:46:00,274.373,38.4952
2023-01-02 08:47:00,268.85,36.7955
2023-01-02 08:48:00,356.026,54.9027
2023-01-02 08:49:00,335.475,53.0242
2023-01-02 08:50:00,242.263,32.2828
2023-01-02 08:51:00,454.692,80.105
2023-01-02 08:52:00,478.874,85.7967
2023-01-02 08:53:00,479.575,85.284
2023-01-02 08:54:00,470.27,83.1548
2023-01-02 08:55:00,462.125,81.9348
2023-01-02 08:56:00,429.018,75.7315
2023-01-02 08:57:00,440.616,76.1369
2023-01-02 08:58:00,469.009,82.0755
2023-01-02 08:59:00,467.97,81.8579
2023-01-02 09:00:00,475.952,82.8647
2023-01-02 09:01:00,472.738,82.2949
2023-01-02 09:02:00,469.724,81.5101
2023-01-02 09:03:00,482.713,83.8958
2023-01-02 09:04:00,492.903,85.3347
2023-01-02 09:05:00,491.454,84.4543
2023-01-02 09:06:00,489.274,84.0112
2023-01-02 09:07:00,494.938,85.0762
2023-01-02 09:08:00,504.388,86.2599
2023-01-02 09:09:00,508.965,86.7362
2023-01-02 09:10:00,509.461,86.7087
2023-01-02 09:11:00,505.982,85.9111
2023-01-02 09:12:00,504.216,85.7212
2023-01-02 09:13:00,502.731,84.8271
2023-01-02 09:14:00,501.464,83.9364
2023-01-02 09:15:00,503.745,84.5456
2023-01-02 09:16:00,507.596,85.4488
2023-01-02 09:17:00,513.922,86.3702
2023-01-02 09:18:00,520.516,87.6711
2023-01-02 09:19:00,515.366,86.2948
2023-01-02 09:20:00,522.633,87.0002
2023-01-02 09:21:00,524.457,86.9707
2023-01-02 09:22:00,528.555,87.9641
2023-01-02 09:23:00,533.09,88.5443
2023-01-02 09:24:00,535.719,88.9101
2023-01-02 09:25:00,542.174,90.1085
2023-01-02 09:26:00,543.951,90.3121
2023-01-02 09:27:00,533.71,87.7637
2023-01-02 09:28:00,530.832,87.0372
2023-01-02 09:29:00,539.095,88.2383
2023-01-02 09:30:00,540.628,88.5561
2023-01-02 09:31:00,544.943,89.219
2023-01-02 09:32:00,549.281,89.3556
2023-01-02 09:33:00,548.115,89.1125
2023-01-02 09:34:00,558.99,91.4487
2023-01-02 09:35:00,566.355,92.8672
2023-01-02 09:36:00,576.867,94.1309
2023-01-02 09:37:00,575.975,93.2696
2023-01-02 09:38:00,586.522,95.1514
2023-01-02 09:39:00,585.999,94.9541
2023-01-02 09:40:00,589.261,95.3811
2023-01-02 09:41:00,566.178,90.5327
2023-01-02 09:42:00,577.426,93.0323
2023-01-02 09:43:00,583.026,93.6907
2023-01-02 09:44:00,591.081,95.0164
2023-01-02 09:45:00,584.127,93.1323
2023-01-02 09:46:00,594.377,95.3973
2023-01-02 09:47:00,595.537,95.6435
2023-01-02 09:48:00,581.41,92.7591
2023-01-02 09:49:00,575.956,91.7699
2023-01-02 09:50:00,571.612,91.1054
2023-01-02 09:51:00,573.727,91.3675
2023-01-02 09:52:00,581.25,93.0959
2023-01-02 09:53:00,599.075,95.8736
2023-01-02 09:54:00,597.988,94.855
2023-01-02 09:55:00,597.167,94.8297
2023-01-02 09:56:00,608.929,97.1011
2023-01-02 09:57:00,605.675,96.6854
2023-01-02 09:58:00,608.613,97.4519
2023-01-02 09:59:00,606.798,96.8456
2023-01-02 10:00:00,609.037,97.1679
2023-01-02 10:01:00,605.029,96.7421
2023-01-02 10:02:00,610.968,97.5154
2023-01-02 10:03:00,624.007,99.8601
2023-01-02 10:04:00,626.254,100.304
2023-01-02 10:05:00,626.662,100.281
2023-01-02 10:06:00,622.098,99.1797
2023-01-02 10:07:00,616.137,98.1486
2023-01-02 10:08:00,623.653,99.5775
2023-01-02 10:09:00,623.716,99.8781
2023-01-02 10:10:00,627.483,100.039
2023-01-02 10:11:00,624.596,98.7549
2023-01-02 10:12:00,631.354,100.186
2023-01-02 10:13:00,638.351,101.647
2023-01-02 10:14:00,641.201,102.164
2023-01-02 10:15:00,624.451,98.9118
2023-01-02 10:16:00,627.08,99.5759
2023-01-02 10:17:00,626.729,99.5075
2023-01-02 10:18:00,628.63,99.674
2023-01-02 10:19:00,642.979,102.444
2023-01-02 10:20:00,638.488,100.992
2023-01-02 10:21:00,624.438,98.5883
2023-01-02 10:22:00,632.774,99.7457
2023-01-02 10:23:00,629.725,99.3025
2023-01-02 10:24:00,638.713,100.819
2023-01-02 10:25:00,635.535,100.057
2023-01-02 10:26:00,634.669,99.389
2023-01-02 10:27:00,629.737,97.9399
2023-01-02 10:28:00,642.905,100.437
2023-01-02 10:29:00,656.169,103.178
2023-01-02 10:30:00,672.982,105.931
2023-01-02 10:31:00,675.391,106.079
2023-01-02 10:32:00,672.927,105.983
2023-01-02 10:33:00,685.859,108.31
2023-01-02 10:34:00,699.516,110.407
2023-01-02 10:35:00,710.609,112.537
2023-01-02 10:36:00,715.91,112.956
2023-01-02 10:37:00,715.441,112.64
2023-01-02 10:38:00,711.75,111.755
2023-01-02 10:39:00,709.998,111.299
2023-01-02 10:40:00,717.338,112.712
2023-01-02 10:41:00,721.15,112.678
2023-01-02 10:42:00,719.939,112.112
2023-01-02 10:43:00,722.917,113.019
2023-01-02 10:44:00,715.574,112.117
2023-01-02 10:45:00,724.478,113.385
2023-01-02 10:46:00,724.482,113.273
2023-01-02 10:47:00,720.85,112.593
2023-01-02 10:48:00,736.742,115.745
2023-01-02 10:49:00,735.927,115.465
2023-01-02 10:50:00,729.555,113.63
2023-01-02 10:51:00,731.361,114.311
2023-01-02 10:52:00,745.228,116.592
2023-01-02 10:53:00,744.707,116.411
2023-01-02 10:54:00,752.5,117.545
2023-01-02 10:55:00,769.804,120.42
2023-01-02 10:56:00,767.062,119.76
2023-01-02 10:57:00,765.989,119.521
2023-01-02 10:58:00,764.863,119.023
2023-01-02 10:59:00,778.44,120.582
2023-01-02 11:00:00,787.463,122.611
2023-01-02 11:01:00,785.309,122.932
2023-01-02 11:02:00,793.215,123.887
2023-01-02 11:03:00,799.328,124.816
2023-01-02 11:04:00,797.204,123.711
2023-01-02 11:05:00,796.296,123.592
2023-01-02 11:06:00,800.447,124.003
2023-01-02 11:07:00,797.093,123.435
2023-01-02 11:08:00,801.531,124.254
2023-01-02 11:09:00,804.374,124.477
2023-01-02 11:10:00,808.204,124.977
2023-01-02 11:11:00,811.497,125.715
2023-01-02 11:12:00,811.412,126.458
2023-01-02 11:13:00,812.453,126.939
2023-01-02 11:14:00,811.861,126.126
2023-01-02 11:15:00,813.422,125.755
2023-01-02 11:16:00,816.867,126.847
2023-01-02 11:17:00,814.591,126.261
2023-01-02 11:18:00,823.335,127.795
2023-01-02 11:19:00,830.06,129.111
2023-01-02 11:20:00,810.729,124.468
2023-01-02 11:21:00,797.392,122.087
2023-01-02 11:22:00,796.795,122.822
2023-01-02 11:23:00,794.466,122.924
2023-01-02 11:24:00,766.962,118.738
2023-01-02 11:25:00,802.085,123.88
2023-01-02 11:26:00,782.638,120.801
2023-01-02 11:27:00,785.912,121.648
2023-01-02 11:28:00,795.996,122.872
2023-01-02 11:29:00,816.227,126.84
2023-01-02 11:30:00,792.827,122.451
2023-01-02 11:31:00,781.533,120.894
2023-01-02 11:32:00,765.577,118.269
2023-01-02 11:33:00,749.484,116.038
2023-01-02 11:34:00,776.221,120.087
2023-01-02 11:35:00,785.259,120.717
2023-01-02 11:36:00,801.676,123.67
2023-01-02 11:37:00,827.143,128.322
2023-01-02 11:38:00,807.566,124.635
2023-01-02 11:39:00,808.251,124.232
2023-01-02 11:40:00,785.737,121.038
2023-01-02 11:41:00,762.846,117.111
2023-01-02 11:42:00,746.582,115.045
2023-01-02 11:43:00,742.06,114.274
2023-01-02 11:44:00,748.814,115.607
2023-01-02 11:45:00,737.357,113.709
2023-01-02 11:46:00,730.681,112.796
2023-01-02 11:47:00,719.152,111.489
2023-01-02 11:48:00,714.591,109.981
2023-01-02 11:49:00,718.483,110.077
2023-01-02 11:50:00,728.703,112.012
2023-01-02 11:51:00,742.749,114.27
2023-01-02 11:52:00,704.31,108.032
2023-01-02 11:53:00,724.639,111.578
2023-01-02 11:54:00,739.478,114.349
2023-01-02 11:55:00,771.106,119.332
2023-01-02 11:56:00,783.497,120.968
2023-01-02 11:57:00,792.487,121.827
2023-01-02 11:58:00,811.939,126.113
2023-01-02 11:59:00,814.315,126.452
2023-01-02 12:00:00,818.164,126.298
2023-01-02 12:01:00,801.614,123.33
2023-01-02 12:02:00,794.599,121.972
2023-01-02 12:03:00,809.227,124.643
2023-01-02 12:04:00,813.355,124.995
2023-01-02 12:05:00,814.068,125.634
2023-01-02 12:06:00,820.275,126.284
2023-01-02 12:07:00,829.512,127.479
2023-01-02 12:08:00,838.165,129.5
2023-01-02 12:09:00,855.668,132.55
2023-01-02 12:10:00,866.217,134.319
2023-01-02 12:11:00,865.503,134.084
2023-01-02 12:12:00,868.56,134.038
2023-01-02 12:13:00,869.568,134.635
2023-01-02 12:14:00,876.353,135.733
2023-01-02 12:15:00,873.288,134.434
2023-01-02 12:16:00,868.765,134.141
2023-01-02 12:17:00,866.77,134.264
2023-01-02 12:18:00,861.15,133.467
2023-01-02 12:19:00,860.083,133.503
2023-01-02 12:20:00,854.574,131.678
2023-01-02 12:21:00,851.92,130.904
2023-01-02 12:22:00,825.166,126.142
2023-01-02 12:23:00,817.382,125.81
2023-01-02 12:24:00,809.284,123.852
2023-01-02 12:25:00,793.766,121.114
2023-01-02 12:26:00,784.911,119.581
2023-01-02 12:27:00,850.192,131.494
2023-01-02 12:28:00,857.924,133.064
2023-01-02 12:29:00,850.14,131.236
2023-01-02 12:30:00,840.076,129.21
2023-01-02 12:31:00,835.911,128.757
2023-01-02 12:32:00,853.417,131.999
2023-01-02 12:33:00,857.966,132.268
2023-01-02 12:34:00,858.745,132.11
2023-01-02 12:35:00,860.388,133.269
2023-01-02 12:36:00,861.833,133.617
2023-01-02 12:37:00,857.4,132.525
2023-01-02 12:38:00,851.897,131.888
2023-01-02 12:39:00,860.028,133.117
2023-01-02 12:40:00,856.158,132.383
2023-01-02 12:41:00,839.878,129.575
2023-01-02 12:42:00,839.397,129.359
2023-01-02 12:43:00,821.707,127.016
2023-01-02 12:44:00,825.367,127.312
2023-01-02 12:45:00,805.725,123.843
2023-01-02 12:46:00,822.55,127.726
2023-01-02 12:47:00,802.07,124.072
2023-01-02 12:48:00,791.533,121.982
2023-01-02 12:49:00,797.677,123.59
2023-01-02 12:50:00,804.977,124.976
2023-01-02 12:51:00,815.403,126.353
2023-01-02 12:52:00,778.385,119.957
2023-01-02 12:53:00,790.685,122.338
2023-01-02 12:54:00,791.937,122.253
2023-01-02 12:55:00,790.386,122.351
2023-01-02 12:56:00,774.788,119.844
2023-01-02 12:57:00,810.483,125.85
2023-01-02 12:58:00,803.731,125.184
2023-01-02 12:59:00,799.424,124.052
2023-01-02 13:00:00,823.149,128.211
2023-01-02 13:01:00,804.137,124.612
2023-01-02 13:02:00,815.415,127.041
2023-01-02 13:03:00,790.163,122.631
2023-01-02 13:04:00,786.718,122.536
2023-01-02 13:05:00,803.791,125.19
2023-01-02 13:06:00,800.019,124.978
2023-01-02 13:07:00,789.495,122.772
2023-01-02 13:08:00,798.798,124.465
2023-01-02 13:09:00,798.926,123.882
2023-01-02 13:10:00,768.995,118.752
2023-01-02 13:11:00,774.404,119.071
2023-01-02 13:12:00,791.65,123.045
2023-01-02 13:13:00,822.657,128.029
2023-01-02 13:14:00,825.076,128.544
2023-01-02 13:15:00,831.487,129.535
2023-01-02 13:16:00,825.617,129.066
2023-01-02 13:17:00,822.802,128.493
2023-01-02 13:18:00,819.828,128.253
2023-01-02 13:19:00,814.764,127.319
2023-01-02 13:20:00,811.132,126.942
2023-01-02 13:21:00,809.797,126.176
2023-01-02 13:22:00,805.299,125.886
2023-01-02 13:23:00,800.946,125.842
2023-01-02 13:24:00,803.012,125.939
2023-01-02 13:25:00,802.707,125.531
2023-01-02 13:26:00,798.916,124.564
2023-01-02 13:27:00,791.266,123.056
2023-01-02 13:28:00,795.623,124.805
2023-01-02 13:29:00,791.193,123.818
2023-01-02 13:30:00,780.042,121.759
2023-01-02 13:31:00,772.748,120.682
2023-01-02 13:32:00,774.79,121.283
2023-01-02 13:33:00,772.381,121.2
2023-01-02 13:34:00,750.567,116.99
2023-01-02 13:35:00,775.699,121.651
2023-01-02 13:36:00,771.227,121.029
2023-01-02 13:37:00,760.666,119.042
2023-01-02 13:38:00,762.453,119.288
2023-01-02 13:39:00,781.509,123.271
2023-01-02 13:40:00,776.05,122.059
2023-01-02 13:41:00,773.022,121.687
2023-01-02 13:42:00,775.517,122.617
2023-01-02 13:43:00,673.006,100.839
2023-01-02 13:44:00,310.953,71.829
2023-01-02 13:45:00,639.576,117.058
2023-01-02 13:46:00,760.024,122.579
2023-01-02 13:47:00,762.849,122.895
2023-01-02 13:48:00,762.586,122.322
2023-01-02 13:49:00,752.686,120.763
2023-01-02 13:50:00,738.87,119.053
2023-01-02 13:51:00,724.245,116.671
2023-01-02 13:52:00,687.953,110.78
2023-01-02 13:53:00,658.543,105.802
2023-01-02 13:54:00,632.092,101.064
2023-01-02 13:55:00,600.333,95.7135
2023-01-02 13:56:00,628.398,101.612
2023-01-02 13:57:00,666.528,108.029
2023-01-02 13:58:00,673.678,109.634
2023-01-02 13:59:00,663.208,108.126
2023-01-02 14:00:00,644.805,104.985
2023-01-02 14:01:00,667.99,109.061
2023-01-02 14:02:00,661.326,107.977
2023-01-02 14:03:00,647.571,105.472
2023-01-02 14:04:00,588.318,95.0485
2023-01-02 14:05:00,557.616,89.7016
2023-01-02 14:06:00,600.773,97.6251
2023-01-02 14:07:00,629.758,102.786
2023-01-02 14:08:00,642.586,104.946
2023-01-02 14:09:00,650.167,106.304
2023-01-02 14:10:00,669.315,109.802
2023-01-02 14:11:00,701.666,115.69
2023-01-02 14:12:00,727.686,120.037
2023-01-02 14:13:00,737.362,121.818
2023-01-02 14:14:00,732.087,120.872
2023-01-02 14:15:00,728.808,120.239
2023-01-02 14:16:00,721.028,119.23
2023-01-02 14:17:00,708.348,117.429
2023-01-02 14:18:00,699.702,116.047
2023-01-02 14:19:00,696.579,115.679
2023-01-02 14:20:00,685.977,113.584
2023-01-02 14:21:00,658.769,109.062
2023-01-02 14:22:00,608.354,100.036
2023-01-02 14:23:00,626.336,103.824
2023-01-02 14:24:00,643.15,106.204
2023-01-02 14:25:00,661.75,111.77
2023-01-02 14:26:00,690.88,115.404
2023-01-02 14:27:00,693.146,115.767
2023-01-02 14:28:00,704.787,117.359
2023-01-02 14:29:00,706.625,117.449
2023-01-02 14:30:00,704.528,116.844
2023-01-02 14:31:00,701.792,116.481
2023-01-02 14:32:00,701.351,116.287
2023-01-02 14:33:00,708.089,117.487
2023-01-02 14:34:00,712.352,118.561
2023-01-02 14:35:00,717.018,119.154
2023-01-02 14:36:00,722.995,120.039
2023-01-02 14:37:00,729.871,121.193
2023-01-02 14:38:00,735.963,122.389
2023-01-02 14:39:00,747.201,124.305
2023-01-02 14:40:00,752.717,125.523
2023-01-02 14:41:00,753.302,125.186
2023-01-02 14:42:00,749.379,124.616
2023-01-02 14:43:00,749.237,124.256
2023-01-02 14:44:00,747.27,123.457
2023-01-02 14:45:00,746.695,123.535
2023-01-02 14:46:00,743.219,123.062
2023-01-02 14:47:00,743.388,123.807
2023-01-02 14:48:00,740.308,123.505
2023-01-02 14:49:00,739.328,123.742
2023-01-02 14:50:00,734.733,122.565
2023-01-02 14:51:00,724.12,120.499
2023-01-02 14:52:00,710.581,118.511
2023-01-02 14:53:00,692.418,115.513
2023-01-02 14:54:00,684.856,114.598
2023-01-02 14:55:00,674.452,113.288
2023-01-02 14:56:00,663.56,111.249
2023-01-02 14:57:00,653.472,109.116
2023-01-02 14:58:00,647.317,108.596
2023-01-02 14:59:00,638.165,106.894
2023-01-02 15:00:00,633.655,106.302
2023-01-02 15:01:00,626.244,104.995
2023-01-02 15:02:00,618.553,103.163
2023-01-02 15:03:00,607.568,100.834
2023-01-02 15:04:00,599.366,99.4131
2023-01-02 15:05:00,587.493,97.586
2023-01-02 15:06:00,579.256,97.3951
2023-01-02 15:07:00,571.276,95.5758
2023-01-02 15:08:00,566.864,94.9594
2023-01-02 15:09:00,552.927,93.3863
2023-01-02 15:10:00,540.769,91.0575
2023-01-02 15:11:00,541.457,91.2419
2023-01-02 15:12:00,541.149,91.9846
2023-01-02 15:13:00,541.592,92.4152
2023-01-02 15:14:00,545.464,93.394
2023-01-02 15:15:00,550.183,94.0119
2023-01-02 15:16:00,554.578,94.6988
2023-01-02 15:17:00,548.226,94.2866
2023-01-02 15:18:00,554.74,95.8164
2023-01-02 15:19:00,555.688,96.6434
2023-01-02 15:20:00,565.992,98.2382
2023-01-02 15:21:00,564.914,98.2985
2023-01-02 15:22:00,537.582,94.6484
2023-01-02 15:23:00,468.934,83.8437
2023-01-02 15:24:00,377.494,69.0663
2023-01-02 15:25:00,369.977,62.6238
2023-01-02 15:26:00,455.11,81.1438
2023-01-02 15:27:00,411.923,76.4443
2023-01-02 15:28:00,340.873,50.2092
2023-01-02 15:29:00,425.488,72.1048
2023-01-02 15:30:00,492.394,87.4154
2023-01-02 15:31:00,488.158,87.2321
2023-01-02 15:32:00,492.618,88.0774
2023-01-02 15:33:00,492.13,88.1516
2023-01-02 15:34:00,495.119,88.4535
2023-01-02 15:35:00,468.105,84.6249
2023-01-02 15:36:00,487.577,87.7934
2023-01-02 15:37:00,486.389,87.1395
2023-01-02 15:38:00,474.517,83.6542
2023-01-02 15:39:00,390.491,71.7729
2023-01-02 15:40:00,344.654,59.1887
2023-01-02 15:41:00,450.521,80.7707
2023-01-02 15:42:00,447.861,79.7465
2023-01-02 15:43:00,431.071,77.053
2023-01-02 15:44:00,413.425,73.2479
2023-01-02 15:45:00,409.164,73.1134
2023-01-02 15:46:00,413.889,74.3316
2023-01-02 15:47:00,334.958,57.7457
2023-01-02 15:48:00,356.243,56.1007
2023-01-02 15:49:00,324.877,61.247
2023-01-02 15:50:00,219.464,32.5307
2023-01-02 15:51:00,216.827,30.807
2023-01-02 15:52:00,218.887,31.3653
2023-01-02 15:53:00,221.89,32.082
2023-01-02 15:54:00,222.083,31.9305
2023-01-02 15:55:00,224.542,32.6915
2023-01-02 15:56:00,226.999,33.2873
2023-01-02 15:57:00,227.876,33.3124
2023-01-02 15:58:00,228.025,33.5085
2023-01-02 15:59:00,262.498,37.1612
2023-01-02 16:00:00,409.711,73.0782
2023-01-02 16:01:00,406.439,73.3427
2023-01-02 16:02:00,251.868,39.1596
2023-01-02 16:03:00,225.367,35.4738
2023-01-02 16:04:00,209.914,30.8358
2023-01-02 16:05:00,204.628,30.4701
2023-01-02 16:06:00,201.481,30.1728
2023-01-02 16:07:00,199.768,30.1581
2023-01-02 16:08:00,197.175,29.7981
2023-01-02 16:09:00,196.109,29.8095
2023-01-02 16:10:00,194.595,29.6658
2023-01-02 16:11:00,228.984,34.4863
2023-01-02 16:12:00,239.173,36.25
2023-01-02 16:13:00,320.3,58.123
2023-01-02 16:14:00,317.848,58.0561
2023-01-02 16:15:00,286.016,57.1858
2023-01-02 16:16:00,341.545,66.5135
2023-01-02 16:17:00,231.484,41.0278
2023-01-02 16:18:00,171.471,25.0473
2023-01-02 16:19:00,163.32,23.7768
2023-01-02 16:20:00,171.695,28.8994
2023-01-02 16:21:00,155.679,23.6413
2023-01-02 16:22:00,150.538,22.1294
2023-01-02 16:23:00,147.415,21.7261
2023-01-02 16:24:00,145.598,21.6396
2023-01-02 16:25:00,145.121,21.7957
2023-01-02 16:26:00,145.204,21.7729
2023-01-02 16:27:00,145.161,21.6486
2023-01-02 16:28:00,146.144,21.8902
2023-01-02 16:29:00,148.68,22.7574
2023-01-02 16:30:00,207.714,38.1444
2023-01-02 16:31:00,274.208,57.1339
2023-01-02 16:32:00,260.317,47.698
2023-01-02 16:33:00,236.182,39.4413
2023-01-02 16:34:00,263.927,52.2625
2023-01-02 16:35:00,244.206,49.4381
2023-01-02 16:36:00,165.841,27.5065
2023-01-02 16:37:00,156.192,24.3185
2023-01-02 16:38:00,153.234,23.963
2023-01-02 16:39:00,151.313,23.7489
2023-01-02 16:40:00,148.296,23.4846
2023-01-02 16:41:00,147.236,23.8254
2023-01-02 16:42:00,164.258,28.8853
2023-01-02 16:43:00,150.379,25.7726
2023-01-02 16:44:00,140.468,23.741
2023-01-02 16:45:00,160.796,30.919
2023-01-02 16:46:00,160.495,28.6107
2023-01-02 16:47:00,151.469,27.8018
2023-01-02 16:48:00,156.333,28.6849
2023-01-02 16:49:00,141.344,25.3237
2023-01-02 16:50:00,120.312,20.0517
2023-01-02 16:51:00,112.732,18.8519
2023-01-02 16:52:00,108.898,19.0844
2023-01-02 16:53:00,114.332,21.7506
2023-01-02 16:54:00,114.997,22.7442
2023-01-02 16:55:00,122.281,25.203
2023-01-02 16:56:00,125.777,26.5339
2023-01-02 16:57:00,121.813,25.6566
2023-01-02 16:58:00,115.826,24.1025
2023-01-02 16:59:00,112.637,23.4485
2023-01-02 17:00:00,113.424,24.1104
2023-01-02 17:01:00,118.777,26.2774
2023-01-02 17:02:00,117.358,25.8434
2023-01-02 17:03:00,115.82,25.5154
2023-01-02 17:04:00,111.042,24.7725
2023-01-02 17:05:00,99.6905,21.6085
2023-01-02 17:06:00,111.763,24.9617
2023-01-02 17:07:00,114.698,25.6431
2023-01-02 17:08:00,113.208,24.866
2023-01-02 17:09:00,110.854,24.0194
2023-01-02 17:10:00,108.35,22.9974
2023-01-02 17:11:00,101.193,20.6856
2023-01-02 17:12:00,92.3245,17.9795
2023-01-02 17:13:00,88.4861,17.2115
2023-01-02 17:14:00,91.2058,18.6392
2023-01-02 17:15:00,91.2592,19.3102
2023-01-02 17:16:00,86.7676,18.4682
2023-01-02 17:17:00,81.2007,17.1682
2023-01-02 17:18:00,76.6179,16.1451
2023-01-02 17:19:00,72.1939,15.2507
2023-01-02 17:20:00,69.1947,14.6582
2023-01-02 17:21:00,66.5264,13.7433
2023-01-02 17:22:00,63.9542,13.0198
2023-01-02 17:23:00,60.9424,12.3715
2023-01-02 17:24:00,56.5172,11.2834
2023-01-02 17:25:00,52.6193,10.6932
2023-01-02 17:26:00,48.8012,10.0642
2023-01-02 17:27:00,45.0611,9.65068
2023-01-02 17:28:00,41.1506,9.06047
2023-01-02 17:29:00,37.6181,8.4247
2023-01-02 17:30:00,34.3447,7.8174
2023-01-02 17:31:00,31.681,7.02779
2023-01-02 17:32:00,29.756,6.47745
2023-01-02 17:33:00,28.1427,5.88382
2023-01-02 17:34:00,26.6059,4.90622
2023-01-02 17:35:00,25.1616,4.15081
2023-01-02 17:36:00,23.8383,3.53439
2023-01-02 17:37:00,22.5561,2.79948
2023-01-02 17:38:00,21.2329,2.27651
2023-01-02 17:39:00,19.9301,2.08509
2023-01-02 17:40:00,18.7804,1.96659
2023-01-02 17:41:00,17.7231,1.77631
2023-01-02 17:42:00,16.7641,1.67491
2023-01-02 17:43:00,15.6349,1.51197
2023-01-02 17:44:00,14.2032,1.24764
2023-01-02 17:45:00,12.582,0.979881
2023-01-02 17:46:00,10.8305,0.607297
2023-01-02 17:47:00,8.93523,0.173188
2023-01-02 17:48:00,6.85043,-0.316752
2023-01-02 17:49:00,5.19263,-0.712121
2023-01-02 17:50:00,4.27126,-0.934306
2023-01-02 17:51:00,3.74036,-1.00723
2023-01-02 17:52:00,3.15921,-0.981026
2023-01-02 17:53:00,2.55409,-0.999256
2023-01-02 17:54:00,1.8188,-1.04711
2023-01-02 17:55:00,1.14288,-1.15193
2023-01-02 17:56:00,0.804928,-1.20776
2023-01-02 17:57:00,0.45784,-1.31943
2023-01-02 17:58:00,-0.0456696,-1.4892
2023-01-02 17:59:00,-0.572016,-1.52224
2023-01-02 18:00:00,-1.03785,-1.5701
2023-01-02 18:01:00,-1.50597,-1.63277
2023-01-02 18:02:00,-1.87132,-1.68746
2023-01-02 18:03:00,-2.13963,-1.66808
2023-01-02 18:04:00,-2.32231,-1.66467
2023-01-02 18:05:00,-2.45705,-1.65556
2023-01-02 18:06:00,-2.52784,-1.58833
2023-01-02 18:07:00,-2.61003,-1.63276
2023-01-02 18:08:00,-2.7299,-1.7034
2023-01-02 18:09:00,-2.77329,-1.65327
2023-01-02 18:10:00,-2.79498,-1.61908
2023-01-02 18:11:00,-2.88176,-1.66808
2023-01-02 18:12:00,-3.05989,-1.68518
2023-01-02 18:13:00,-3.0302,-1.62365
2023-01-02 18:14:00,-2.96171,-1.62594
2023-01-02 18:15:00,-2.91033,-1.62936
2023-01-02 18:16:00,-2.96171,-1.74216
2023-01-02 18:17:00,-2.93544,-1.73076
2023-01-02 18:18:00,-2.94227,-1.75923
2023-01-02 18:19:00,-2.90003,-1.70226
2023-01-02 18:20:00,-2.94455,-1.68859
2023-01-02 18:21:00,-2.87261,-1.6544
2023-01-02 18:22:00,-2.87262,-1.60085
2023-01-02 18:23:00,-2.80754,-1.60313
2023-01-02 18:24:00,-2.86235,-1.51882
2023-01-02 18:25:00,-2.92515,-1.47894
2023-01-02 18:26:00,-3.0496,-1.43678
2023-01-02 18:27:00,-3.24484,-1.79228
2023-01-02 18:28:00,-3.34988,-1.87887
2023-01-02 18:29:00,-3.28366,-1.73303
2023-01-02 18:30:00,-3.13636,-1.44589
2023-01-02 18:31:00,-3.03132,-1.21345
2023-01-02 18:32:00,-3.07358,-1.29436
2023-01-02 18:33:00,-3.07814,-1.27499
2023-01-02 18:34:00,-2.99708,-1.18156
2023-01-02 18:35:00,-2.74704,-0.986721
2023-01-02 18:36:00,-2.61231,-0.984443
2023-01-02 18:37:00,-2.56208,-0.884177
2023-01-02 18:38:00,-2.57236,-0.759981
2023-01-02 18:39:00,-2.67968,-0.758842
2023-01-02 18:40:00,-2.7048,-0.7634
2023-01-02 18:41:00,-2.66256,-0.655158
2023-01-02 18:42:00,-2.64657,-0.619834
2023-01-02 18:43:00,-2.7162,-0.64034
2023-01-02 18:44:00,-2.76529,-0.620969
2023-01-02 18:45:00,-2.69564,-0.492217
2023-01-02 18:46:00,-2.70248,-0.481962
2023-01-02 18:47:00,-2.68765,-0.368025
2023-01-02 18:48:00,-2.63057,-0.378279
2023-01-02 18:49:00,-2.67395,-0.381697
2023-01-02 18:50:00,-2.64883,-0.295103
2023-01-02 18:51:00,-2.67397,-0.404487
2023-01-02 18:52:00,-2.74133,-0.356632
2023-01-02 18:53:00,-2.70135,-0.427272
2023-01-02 18:54:00,-2.69792,-0.410181
2023-01-02 18:55:00,-2.72533,-0.458037
2023-01-02 18:56:00,-2.74247,-0.460317
2023-01-02 18:57:00,-2.72648,-0.427274
2023-01-02 18:58:00,-2.68309,-0.486523
2023-01-02 18:59:00,-2.69336,-0.459175
2023-01-02 19:00:00,-2.74017,-0.574254
2023-01-02 19:01:00,-2.72876,-0.534377
2023-01-02 19:02:00,-2.69337,-0.56856
2023-01-02 19:03:00,-2.64998,-0.607297
2023-01-02 19:04:00,-2.63171,-0.65629
2023-01-02 19:05:00,-2.62486,-0.683636
2023-01-02 19:06:00,-2.6237,-0.684772
2023-01-02 19:07:00,-2.62371,-0.69161
2023-01-02 19:08:00,-2.62942,-0.72921
2023-01-02 19:09:00,-2.59402,-0.742882
2023-01-02 19:10:00,-2.6454,-0.751997
2023-01-02 19:11:00,-2.62598,-0.746299
2023-01-02 19:12:00,-2.64311,-0.728068
2023-01-02 19:13:00,-2.57118,-0.692747
2023-01-02 19:14:00,-2.54035,-0.684771
2023-01-02 19:15:00,-2.50039,-0.671098
2023-01-02 19:16:00,-2.48555,-0.671098
2023-01-02 19:17:00,-2.5038,-0.651726
2023-01-02 19:18:00,-2.48554,-0.647169
2023-01-02 19:19:00,-2.51637,-0.618685
2023-01-02 19:20:00,-2.49126,-0.606154
2023-01-02 19:21:00,-2.4513,-0.57653
2023-01-02 19:22:00,-2.44102,-0.563997
2023-01-02 19:23:00,-2.45016,-0.562857
2023-01-02 19:24:00,-2.44787,-0.586784
2023-01-02 19:25:00,-2.40564,-0.593623
2023-01-02 19:26:00,-2.39879,-0.593624
2023-01-02 19:27:00,-2.41021,-0.609576
2023-01-02 19:28:00,-2.4045,-0.616412
2023-01-02 19:29:00,-2.41135,-0.627806
2023-01-02 19:30:00,-2.40336,-0.647176
2023-01-02 19:31:00,-2.41478,-0.661989
2023-01-02 19:32:00,-2.37824,-0.664267
2023-01-02 19:33:00,-2.37251,-0.635776
2023-01-02 19:34:00,-2.42389,-0.620964
2023-01-02 19:35:00,-2.48097,-0.622102
2023-01-02 19:36:00,-2.45813,-0.630077
2023-01-02 19:37:00,-2.41018,-0.606151
2023-01-02 19:38:00,-2.37365,-0.601593
2023-01-02 19:39:00,-2.36793,-0.541205
2023-01-02 19:40:00,-2.39877,-0.511582
2023-01-02 19:41:00,-2.44216,-0.509305
2023-01-02 19:42:00,-2.48097,-0.526394
2023-01-02 19:43:00,-2.50038,-0.567413
2023-01-02 19:44:00,-2.42389,-0.552601
2023-01-02 19:45:00,-2.41475,-0.505886
2023-01-02 19:46:00,-2.47183,-0.475121
2023-01-02 19:47:00,-2.40675,-0.412454
2023-01-02 19:48:00,-2.40332,-0.308771
2023-01-02 19:49:00,-2.40903,-0.206227
2023-01-02 19:50:00,-2.39419,-0.276868
2023-01-02 19:51:00,-2.40218,-0.303074
2023-01-02 19:52:00,-2.34738,-0.168628
2023-01-02 19:53:00,-2.27203,-0.120774
2023-01-02 19:54:00,-2.24234,-0.0364603
2023-01-02 19:55:00,-2.20237,0.0239268
2023-01-02 19:56:00,-2.18524,0.0159512
2023-01-02 19:57:00,-2.15784,0.146979
2023-01-02 19:58:00,-2.13272,0.292818
2023-01-02 19:59:00,-2.13271,0.21534
2023-01-02 20:00:00,-2.16583,0.175463
2023-01-02 20:01:00,-2.19779,0.135585
2023-01-02 20:02:00,-2.22634,0.0273448
2023-01-02 20:03:00,-2.27316,0.0227874
2023-01-02 20:04:00,-2.26403,0.111659
2023-01-02 20:05:00,-2.25489,-0.030763
2023-01-02 20:06:00,-2.31197,-0.0489928
2023-01-02 20:07:00,-2.32567,-0.225596
2023-01-02 20:08:00,-2.2526,-0.0717803
2023-01-02 20:09:00,-2.22749,-0.129888
2023-01-02 20:10:00,-2.22863,-0.112798
2023-01-02 20:11:00,-2.23548,-0.107101
2023-01-02 20:12:00,-2.23206,-0.153815
2023-01-02 20:13:00,-2.2469,-0.201669
2023-01-02 20:14:00,-2.27543,-0.18002
2023-01-02 20:15:00,-2.2937,-0.195971
2023-01-02 20:16:00,-2.27771,-0.238127
2023-01-02 20:17:00,-2.34735,-0.303071
2023-01-02 20:18:00,-2.34278,-0.337252
2023-01-02 20:19:00,-2.28798,-0.438655
2023-01-02 20:20:00,-2.29255,-0.473975
2023-01-02 20:21:00,-2.19094,-0.358899
2023-01-02 20:22:00,-2.15212,-0.263193
2023-01-02 20:23:00,-2.14755,-0.164068
2023-01-02 20:24:00,-2.16239,-0.233569
2023-01-02 20:25:00,-2.12815,-0.297374
2023-01-02 20:26:00,-2.06991,-0.224454
2023-01-02 20:27:00,-1.96373,-0.0262053
2023-01-02 20:28:00,-1.91577,0.1071
2023-01-02 20:29:00,-1.95345,0.0546892
2023-01-02 20:30:00,-1.98085,0.0922881
2023-01-02 20:31:00,-1.9329,0.0945669
2023-01-02 20:32:00,-1.92948,0.0364595
2023-01-02 20:33:00,-1.95118,-0.0227873
2023-01-02 20:34:00,-1.99,-0.084313
2023-01-02 20:35:00,-2.0585,-0.218758
2023-01-02 20:36:00,-2.08932,-0.283701
2023-01-02 20:37:00,-2.11444,-0.348645
2023-01-02 20:38:00,-2.12814,-0.398777
2023-01-02 20:39:00,-2.12014,-0.411309
2023-01-02 20:40:00,-2.13727,-0.402193
2023-01-02 20:41:00,-2.16237,-0.35206
2023-01-02 20:42:00,-2.14524,-0.407887
2023-01-02 20:43:00,-2.12355,-0.319018
2023-01-02 20:44:00,-2.13155,-0.391937
2023-01-02 20:45:00,-2.12012,-0.368009
2023-01-02 20:46:00,-2.09843,-0.407887
2023-01-02 20:47:00,-2.09501,-0.43979
2023-01-02 20:48:00,-2.07561,-0.44093
2023-01-02 20:49:00,-2.00939,-0.383962
2023-01-02 20:50:00,-1.96829,-0.208502
2023-01-02 20:51:00,-1.91348,-0.1766
2023-01-02 20:52:00,-1.93518,-0.243822
2023-01-02 20:53:00,-1.91576,-0.283698
2023-01-02 20:54:00,-1.90092,-0.300788
2023-01-02 20:55:00,-1.93174,-0.308762
2023-01-02 20:56:00,-1.88035,-0.287113
2023-01-02 20:57:00,-1.83125,-0.22331
2023-01-02 20:58:00,-1.82213,-0.215335
2023-01-02 20:59:00,-1.85295,-0.162925
2023-01-02 21:00:00,-1.8461,-0.0581062
2023-01-02 21:01:00,-1.82326,-0.127606
2023-01-02 21:02:00,-1.80272,-0.140139
2023-01-02 21:03:00,-1.8244,-0.0991222
2023-01-02 21:04:00,-1.87464,-0.0626637
2023-01-02 21:05:00,-1.92145,-0.164065
2023-01-02 21:06:00,-1.92945,-0.165204
2023-01-02 21:07:00,-1.95799,-0.206221
2023-01-02 21:08:00,-2.03678,-0.409025
2023-01-02 21:09:00,-2.12811,-0.409025
2023-01-02 21:10:00,-2.15665,-0.511565
2023-01-02 21:11:00,-2.18633,-0.538908
2023-01-02 21:12:00,-2.19432,-0.476244
2023-01-02 21:13:00,-2.19318,-0.589039
2023-01-02 21:14:00,-2.18746,-0.5503
2023-01-02 21:15:00,-2.16234,-0.520676
2023-01-02 21:16:00,-2.15892,-0.503586
2023-01-02 21:17:00,-2.21601,-0.505866
2023-01-02 21:18:00,-2.17148,-0.485359
2023-01-02 21:19:00,-2.17833,-0.486498
2023-01-02 21:20:00,-2.17262,-0.443202
2023-01-02 21:21:00,-2.15778,-0.428391
2023-01-02 21:22:00,-2.1475,-0.432947
2023-01-02 21:23:00,-2.15777,-0.428389
2023-01-02 21:24:00,-2.17261,-0.430668
2023-01-02 21:25:00,-2.1669,-0.419275
2023-01-02 21:26:00,-2.18746,-0.39421
2023-01-02 21:27:00,-2.18289,-0.443202
2023-01-02 21:28:00,-2.23426,-0.462569
2023-01-02 21:29:00,-2.20115,-0.447757
2023-01-02 21:30:00,-2.22627,-0.501306
2023-01-02 21:31:00,-2.21943,-0.553717
2023-01-02 21:32:00,-2.20573,-0.495611
2023-01-02 21:33:00,-2.22171,-0.540046
2023-01-02 21:34:00,-2.19774,-0.518398
2023-01-02 21:35:00,-2.17147,-0.517258
2023-01-02 21:36:00,-2.15777,-0.54802
2023-01-02 21:37:00,-2.15206,-0.541183
2023-01-02 21:38:00,-2.12808,-0.495609
2023-01-02 21:39:00,-2.13265,-0.519534
2023-01-02 21:40:00,-2.1532,-0.549157
2023-01-02 21:41:00,-2.21942,-0.560552
2023-01-02 21:42:00,-2.27879,-0.550298
2023-01-02 21:43:00,-2.33359,-0.611821
2023-01-02 21:44:00,-2.33472,-0.553713
2023-01-02 21:45:00,-2.28791,-0.526368
2023-01-02 21:46:00,-2.29133,-0.499025
2023-01-02 21:47:00,-2.27192,-0.499024
2023-01-02 21:48:00,-2.23767,-0.468263
2023-01-02 21:49:00,-2.24338,-0.506999
2023-01-02 21:50:00,-2.26735,-0.575359
2023-01-02 21:51:00,-2.34955,-0.633463
2023-01-02 21:52:00,-2.35641,-0.598146
2023-01-02 21:53:00,-2.32558,-0.599285
2023-01-02 21:54:00,-2.32786,-0.666503
2023-01-02 21:55:00,-2.30731,-0.648274
2023-01-02 21:56:00,-2.26278,-0.590168
2023-01-02 21:57:00,-2.19428,-0.56852
2023-01-02 21:58:00,-2.22282,-0.553708
2023-01-02 21:59:00,-2.15317,-0.573076
2023-01-02 22:00:00,-2.0961,-0.473958
2023-01-02 22:01:00,-2.0824,-0.467123
2023-01-02 22:02:00,-2.08354,-0.438639
2023-01-02 22:03:00,-2.06641,-0.472818
2023-01-02 22:04:00,-2.0687,-0.472819
2023-01-02 22:05:00,-2.02874,-0.462564
2023-01-02 22:06:00,-2.00133,-0.481931
2023-01-02 22:07:00,-1.98877,-0.489905
2023-01-02 22:08:00,-2.06869,-0.53434
2023-01-02 22:09:00,-2.16116,-0.579911
2023-01-02 22:10:00,-2.2993,-0.650549
2023-01-02 22:11:00,-2.41575,-0.676752
2023-01-02 22:12:00,-2.46484,-0.652826
2023-01-02 22:13:00,-2.58014,-0.658522
2023-01-02 22:14:00,-2.61553,-0.57991
2023-01-02 22:15:00,-2.55503,-0.551427
2023-01-02 22:16:00,-2.4911,-0.546871
2023-01-02 22:17:00,-2.46485,-0.571938
2023-01-02 22:18:00,-2.35067,-0.592442
2023-01-02 22:19:00,-2.36437,-0.589025
2023-01-02 22:20:00,-2.32785,-0.550291
2023-01-02 22:21:00,-2.2856,-0.546871
2023-01-02 22:22:00,-2.27305,-0.553709
2023-01-02 22:23:00,-2.27647,-0.589027
2023-01-02 22:24:00,-2.33013,-0.645993
2023-01-02 22:25:00,-2.36438,-0.717771
2023-01-02 22:26:00,-2.39292,-0.754228
2023-01-02 22:27:00,-2.38037,-0.734861
2023-01-02 22:28:00,-2.27762,-0.706377
2023-01-02 22:29:00,-2.17258,-0.66764
2023-01-02 22:30:00,-2.15774,-0.617509
2023-01-02 22:31:00,-2.14289,-0.587885
2023-01-02 22:32:00,-2.08695,-0.555986
2023-01-02 22:33:00,-2.01388,-0.537754
2023-01-02 22:34:00,-1.95565,-0.47737
2023-01-02 22:35:00,-1.9351,-0.420404
2023-01-02 22:36:00,-1.9408,-0.406731
2023-01-02 22:37:00,-1.92483,-0.378251
2023-01-02 22:38:00,-1.93053,-0.41129
2023-01-02 22:39:00,-1.91569,-0.409011
2023-01-02 22:40:00,-1.9077,-0.404453
2023-01-02 22:41:00,-1.94195,-0.416986
2023-01-02 22:42:00,-1.94652,-0.422684
2023-01-02 22:43:00,-1.92597,-0.410152
2023-01-02 22:44:00,-1.87916,-0.416988
2023-01-02 22:45:00,-1.83235,-0.412429
2023-01-02 22:46:00,-1.85861,-0.411291
2023-01-02 22:47:00,-1.85633,-0.424963
2023-01-02 22:48:00,-1.81752,-0.419267
2023-01-02 22:49:00,-1.78669,-0.388505
2023-01-02 22:50:00,-1.71819,-0.285967
2023-01-02 22:51:00,-1.60517,-0.191405
2023-01-02 22:52:00,-1.53781,-0.119627
2023-01-02 22:53:00,-1.54351,-0.0136717
2023-01-02 22:54:00,-1.51841,0.00227863
2023-01-02 22:55:00,-1.52868,-0.0193684
2023-01-02 22:56:00,-1.55152,-0.0592447
2023-01-02 22:57:00,-1.55494,-0.108235
2023-01-02 22:58:00,-1.5481,-0.135579
2023-01-02 22:59:00,-1.62801,-0.1333
2023-01-02 23:00:00,-1.64513,-0.146971
2023-01-02 23:01:00,-1.7376,-0.187986
2023-01-02 23:02:00,-1.7513,-0.21533
2023-01-02 23:03:00,-1.71705,-0.251788
2023-01-02 23:04:00,-1.68737,-0.255206
2023-01-02 23:05:00,-1.73646,-0.257485
2023-01-02 23:06:00,-1.76614,-0.254067
2023-01-02 23:07:00,-1.78784,-0.246092
2023-01-02 23:08:00,-1.82323,-0.234699
2023-01-02 23:09:00,-1.83008,-0.21647
2023-01-02 23:10:00,-1.81866,-0.208494
2023-01-02 23:11:00,-1.76044,-0.162922
2023-01-02 23:12:00,-1.69307,-0.14697
2023-01-02 23:13:00,-1.70904,-0.133298
2023-01-02 23:14:00,-1.6668,-0.133298
2023-01-02 23:15:00,-1.6394,-0.136716
2023-01-02 23:16:00,-1.71703,-0.132158
2023-01-02 23:17:00,-1.80836,-0.131019
2023-01-02 23:18:00,-1.87457,-0.134437
2023-01-02 23:19:00,-1.93737,-0.142412
2023-01-02 23:20:00,-1.96362,-0.149248
2023-01-02 23:21:00,-1.9602,-0.133298
2023-01-02 23:22:00,-1.93623,-0.0546864
2023-01-02 23:23:00,-1.94651,-0.0205075
2023-01-02 23:24:00,-1.92482,-0.0387363
2023-01-02 23:25:00,-1.91797,-0.0808906
2023-01-02 23:26:00,-1.85176,-0.0501295
2023-01-02 23:27:00,-1.77412,-0.0273433
2023-01-02 23:28:00,-1.64511,0.011393
2023-01-02 23:29:00,-1.52638,0.160642
2023-01-02 23:30:00,-1.47159,0.0934229
2023-01-02 23:31:00,-1.4556,0.181149
2023-01-02 23:32:00,-1.41337,0.191404
2023-01-02 23:33:00,-1.37227,0.240395
2023-01-02 23:34:00,-1.31176,0.24837
2023-01-02 23:35:00,-1.28094,0.28141
2023-01-02 23:36:00,-1.31062,0.273434
2023-01-02 23:37:00,-1.31519,0.272295
2023-01-02 23:38:00,-1.33574,0.209633
2023-01-02 23:39:00,-1.31062,0.185707
2023-01-02 23:40:00,-1.25011,0.158364
2023-01-02 23:41:00,-1.26495,0.192543
2023-01-02 23:42:00,-1.29464,0.238117
2023-01-02 23:43:00,-1.31176,0.221027
2023-01-02 23:44:00,-1.36085,0.211911
2023-01-02 23:45:00,-1.30719,0.19824
2023-01-02 23:46:00,-1.45789,0.143553
2023-01-02 23:47:00,-1.51611,0.135578
2023-01-02 23:48:00,-1.54694,0.112792
2023-01-02 23:49:00,-1.57777,0.0489903
2023-01-02 23:50:00,-1.71134,0.00683586
2023-01-02 23:51:00,-1.80495,-0.0011393
2023-01-02 23:52:00,-1.90769,-0.0091144
2023-01-02 23:53:00,-1.95449,-0.0330397
2023-01-02 23:54:00,-1.98417,-0.0638007
2023-01-02 23:55:00,-1.96362,-0.0615219
2023-01-02 23:56:00,-1.93051,-0.0307609
2023-01-02 23:57:00,-1.92366,-0.0250645
2023-01-02 23:58:00,-1.94193,-0.0239252
2023-01-02 23:59:00,-1.96019,-0.00227859
2023-01-03 00:00:00,-1.9385,-0.00911436
2023-01-03 00:01:00,-1.98759,-0.0182287
2023-01-03 00:02:00,-2.00129,-0.0341788
2023-01-03 00:03:00,-2.02526,-0.0467109
2023-01-03 00:04:00,-1.98645,-0.054686
2023-01-03 00:05:00,-2.00129,-0.0694968
2023-01-03 00:06:00,-1.9305,-0.0660788
2023-01-03 00:07:00,-1.92366,-0.0603825
2023-01-03 00:08:00,-1.81521,-0.0250645
2023-01-03 00:09:00,-1.75927,-0.0011393
2023-01-03 00:10:00,-1.62227,-0.0011393
2023-01-03 00:11:00,-1.51268,0.0011393
2023-01-03 00:12:00,-1.39622,0.00797505
2023-01-03 00:13:00,-1.30489,0.0227859
2023-01-03 00:14:00,-1.26037,0.0296217
2023-01-03 00:15:00,-1.2364,0.00569648
2023-01-03 00:16:00,-1.23982,0.030761
2023-01-03 00:17:00,-1.25809,0.0330396
2023-01-03 00:18:00,-1.37225,0.0273431
2023-01-03 00:19:00,-1.47044,0.0136716
2023-01-03 00:20:00,-1.59602,0.00797509
2023-01-03 00:21:00,-1.69077,0.00797507
2023-01-03 00:22:00,-1.83005,-0.0011393
2023-01-03 00:23:00,-1.9465,0.0
2023-01-03 00:24:00,-1.98075,-0.0159502
2023-01-03 00:25:00,-2.007,-0.0638005
2023-01-03 00:26:00,-1.98417,-0.0694971
2023-01-03 00:27:00,-1.95449,-0.123044
2023-01-03 00:28:00,-1.93508,-0.124183
2023-01-03 00:29:00,-1.82548,-0.126462
2023-01-03 00:30:00,-1.72845,-0.132159
2023-01-03 00:31:00,-1.69648,-0.118487
2023-01-03 00:32:00,-1.60058,-0.0900044
2023-01-03 00:33:00,-1.56177,-0.087726
2023-01-03 00:34:00,-1.65081,-0.0854473
2023-01-03 00:35:00,-1.68963,-0.107094
2023-01-03 00:36:00,-1.67022,-0.105955
2023-01-03 00:37:00,-1.64054,-0.103676
2023-01-03 00:38:00,-1.65082,-0.0854474
2023-01-03 00:39:00,-1.64168,-0.0934226
2023-01-03 00:40:00,-1.6394,-0.099119
2023-01-03 00:41:00,-1.64625,-0.107094
2023-01-03 00:42:00,-1.68848,-0.141272
2023-01-03 00:43:00,-1.73186,-0.138993
2023-01-03 00:44:00,-1.78894,-0.132158
2023-01-03 00:45:00,-1.85174,-0.110512
2023-01-03 00:46:00,-1.9111,-0.111651
2023-01-03 00:47:00,-1.91566,-0.0683573
2023-01-03 00:48:00,-1.85516,-0.027343
2023-01-03 00:49:00,-1.88028,-0.0011393
2023-01-03 00:50:00,-1.8563,0.0296216
2023-01-03 00:51:00,-1.85059,0.0603825
2023-01-03 00:52:00,-1.84831,0.103675
2023-01-03 00:53:00,-1.8152,0.107093
2023-01-03 00:54:00,-1.81064,0.0615218
2023-01-03 00:55:00,-1.81978,0.0467112
2023-01-03 00:56:00,-1.89398,0.0341788
2023-01-03 00:57:00,-1.91681,0.0455716
2023-01-03 00:58:00,-1.87799,0.129879
2023-01-03 00:59:00,-1.86657,0.165197
2023-01-03 01:00:00,-1.96589,0.0626609
2023-01-03 01:01:00,-2.04808,0.0273428
2023-01-03 01:02:00,-2.06863,0.0102536
2023-01-03 01:03:00,-2.09376,-0.035318
2023-01-03 01:04:00,-2.09947,-0.0797504
2023-01-03 01:05:00,-2.06864,-0.0638001
2023-01-03 01:06:00,-2.0595,-0.0467107
2023-01-03 01:07:00,-2.05379,-0.0307607
2023-01-03 01:08:00,-2.00584,-0.0262036
2023-01-03 01:09:00,-2.00813,-0.0341786
2023-01-03 01:10:00,-2.03439,-0.0341786
2023-01-03 01:11:00,-2.0812,-0.0524073
2023-01-03 01:12:00,-2.1417,-0.0922824
2023-01-03 01:13:00,-2.15312,-0.145829
2023-01-03 01:14:00,-2.15198,-0.16064
2023-01-03 01:15:00,-2.15655,-0.14469
2023-01-03 01:16:00,-2.14513,-0.118486
2023-01-03 01:17:00,-2.11773,-0.0934218
2023-01-03 01:18:00,-2.06407,-0.0603824
2023-01-03 01:19:00,-2.05495,-0.0444325
2023-01-03 01:20:00,-2.03326,-0.038736
2023-01-03 01:21:00,-2.0047,-0.0319
2023-01-03 01:22:00,-2.01041,-0.0273429
2023-01-03 01:23:00,-2.04124,-0.0227857
2023-01-03 01:24:00,-2.08462,-0.0216465
2023-01-03 01:25:00,-2.08805,-0.0227858
2023-01-03 01:26:00,-2.05608,-0.0273429
2023-01-03 01:27:00,-2.04695,-0.0319
2023-01-03 01:28:00,-2.00129,-0.0330395
2023-01-03 01:29:00,-1.90996,-0.0341787
2023-01-03 01:30:00,-1.86885,-0.01595
2023-01-03 01:31:00,-1.85972,0.00569644
2023-01-03 01:32:00,-1.85744,0.0136715
2023-01-03 01:33:00,-1.83118,-0.00683574
2023-01-03 01:34:00,-1.81749,-0.0136715
2023-01-03 01:35:00,-1.82091,0.0113929
2023-01-03 01:36:00,-1.80378,0.0262036
2023-01-03 01:37:00,-1.79693,0.0330394
2023-01-03 01:38:00,-1.81635,0.0398753
2023-01-03 01:39:00,-1.8152,0.0410145
2023-01-03 01:40:00,-1.79009,0.0364573
2023-01-03 01:41:00,-1.77867,0.11279
2023-01-03 01:42:00,-1.7741,0.211908
2023-01-03 01:43:00,-1.733,0.270012
2023-01-03 01:44:00,-1.71703,0.277988
2023-01-03 01:45:00,-1.72045,0.263177
2023-01-03 01:46:00,-1.72045,0.242669
2023-01-03 01:47:00,-1.73758,0.240391
2023-01-03 01:48:00,-1.78667,0.170895
2023-01-03 01:49:00,-1.8917,0.16292
2023-01-03 01:50:00,-1.86886,0.151526
2023-01-03 01:51:00,-1.84601,0.165196
2023-01-03 01:52:00,-1.8346,0.173171
2023-01-03 01:53:00,-1.77866,0.161779
2023-01-03 01:54:00,-1.8072,0.156082
2023-01-03 01:55:00,-1.84374,0.142411
2023-01-03 01:56:00,-1.88826,0.12874
2023-01-03 01:57:00,-1.87685,0.051268
2023-01-03 01:58:00,-1.87685,0.0341787
2023-01-03 01:59:00,-1.90196,0.0284823
2023-01-03 02:00:00,-1.85173,0.0364573
2023-01-03 02:01:00,-1.8346,0.0387357
2023-01-03 02:02:00,-1.85515,0.0375965
2023-01-03 02:03:00,-1.91109,0.102536
2023-01-03 02:04:00,-1.87913,0.0991181
2023-01-03 02:05:00,-1.91566,0.0626608
2023-01-03 02:06:00,-1.92479,0.0432928
2023-01-03 02:07:00,-1.95218,0.0364571
2023-01-03 02:08:00,-2.00355,0.0341784
2023-01-03 02:09:00,-2.10402,0.0307606
2023-01-03 02:10:00,-2.11886,0.0341785
2023-01-03 02:11:00,-2.08233,0.0205071
2023-01-03 02:12:00,-1.9853,0.0364572
2023-01-03 02:13:00,-1.87912,0.0751929
2023-01-03 02:14:00,-1.76267,0.1276
2023-01-03 02:15:00,-1.71929,0.150386
2023-01-03 02:16:00,-1.70788,0.156082
2023-01-03 02:17:00,-1.71017,0.153804
2023-01-03 02:18:00,-1.72387,0.136715
2023-01-03 02:19:00,-1.7604,0.11279
2023-01-03 02:20:00,-1.78894,0.0979789
2023-01-03 02:21:00,-1.81177,0.0900038
2023-01-03 02:22:00,-1.79464,0.0524071
2023-01-03 02:23:00,-1.77866,0.039875
2023-01-03 02:24:00,-1.80949,0.0330394
2023-01-03 02:25:00,-1.86086,0.0319001
2023-01-03 02:26:00,-1.96475,0.0307608
2023-01-03 02:27:00,-2.01498,0.0330393
2023-01-03 02:28:00,-2.06292,0.0330393
2023-01-03 02:29:00,-2.08118,0.0205071
2023-01-03 02:30:00,-2.10858,-0.00455714
2023-01-03 02:31:00,-2.1394,-0.0455712
2023-01-03 02:32:00,-2.15424,-0.0672173
2023-01-03 02:33:00,-2.14853,-0.0843066
2023-01-03 02:34:00,-2.15652,-0.0956991
2023-01-03 02:35:00,-2.15081,-0.107092
2023-01-03 02:36:00,-2.1451,-0.117345
2023-01-03 02:37:00,-2.14397,-0.162917
2023-01-03 02:38:00,-2.15539,-0.144689
2023-01-03 02:39:00,-2.13599,-0.14355
2023-01-03 02:40:00,-2.12229,-0.133296
2023-01-03 02:41:00,-2.07663,-0.105954
2023-01-03 02:42:00,-2.1143,-0.087725
2023-01-03 02:43:00,-2.12229,-0.0535464
2023-01-03 02:44:00,-2.11087,-0.0375964
2023-01-03 02:45:00,-2.08348,-0.0364572
2023-01-03 02:46:00,-2.05722,-0.0307608
2023-01-03 02:47:00,-2.0184,-0.0227857
2023-01-03 02:48:00,-1.96245,-0.00797497
2023-01-03 02:49:00,-1.92249,0.00911423
2023-01-03 02:50:00,-1.90195,0.0239249
2023-01-03 02:51:00,-1.90081,0.0318999
2023-01-03 02:52:00,-1.87798,0.0341786
2023-01-03 02:53:00,-1.84716,0.0375965
2023-01-03 02:54:00,-1.80948,0.0569642
2023-01-03 02:55:00,-1.80834,0.076332
2023-01-03 02:56:00,-1.83118,0.0911432
2023-01-03 02:57:00,-1.82204,0.109371
2023-01-03 02:58:00,-1.79693,0.099118
2023-01-03 02:59:00,-1.7467,0.115068
2023-01-03 03:00:00,-1.71587,0.167475
2023-01-03 03:01:00,-1.6839,0.211906
2023-01-03 03:02:00,-1.65422,0.239249
2023-01-03 03:03:00,-1.71587,0.241528
2023-01-03 03:04:00,-1.71472,0.240389
2023-01-03 03:05:00,-1.68162,0.235832
2023-01-03 03:06:00,-1.71244,0.241528
2023-01-03 03:07:00,-1.65879,0.282543
2023-01-03 03:08:00,-1.61312,0.307608
2023-01-03 03:09:00,-1.60627,0.312164
2023-01-03 03:10:00,-1.61654,0.311023
2023-01-03 03:11:00,-1.70101,0.25178
2023-01-03 03:12:00,-1.74212,0.244945
2023-01-03 03:13:00,-1.73641,0.244945
2023-01-03 03:14:00,-1.76039,0.23811
2023-01-03 03:15:00,-1.79235,0.239249
2023-01-03 03:16:00,-1.79235,0.200514
2023-01-03 03:17:00,-1.80034,0.169753
2023-01-03 03:18:00,-1.84829,0.156082
2023-01-03 03:19:00,-1.85628,0.133296
2023-01-03 03:20:00,-1.86313,0.152664
2023-01-03 03:21:00,-1.862,0.161779
2023-01-03 03:22:00,-1.92594,0.135576
2023-01-03 03:23:00,-1.92593,0.170893
2023-01-03 03:24:00,-1.91794,0.116207
2023-01-03 03:25:00,-1.93162,0.0797494
2023-01-03 03:26:00,-2.01839,0.0626602
2023-01-03 03:27:00,-2.02866,0.0512675
2023-01-03 03:28:00,-2.05034,0.0432923
2023-01-03 03:29:00,-2.05606,0.0398746
2023-01-03 03:30:00,-2.04921,0.0364568
2023-01-03 03:31:00,-2.03323,0.0341783
2023-01-03 03:32:00,-2.04693,0.0341783
2023-01-03 03:33:00,-2.05949,0.0341784
2023-01-03 03:34:00,-2.0595,0.0330392
2023-01-03 03:35:00,-2.03553,0.0398751
2023-01-03 03:36:00,-1.96703,0.0421537
2023-01-03 03:37:00,-1.92024,0.0603827
2023-01-03 03:38:00,-1.88941,0.118487
2023-01-03 03:39:00,-1.80493,0.162919
2023-01-03 03:40:00,-1.78552,0.135576
2023-01-03 03:41:00,-1.78208,0.0979785
2023-01-03 03:42:00,-1.74555,0.119625
2023-01-03 03:43:00,-1.73184,0.127599
2023-01-03 03:44:00,-1.75239,0.154942
2023-01-03 03:45:00,-1.76838,0.172032
2023-01-03 03:46:00,-1.78437,0.172032
2023-01-03 03:47:00,-1.79921,0.199375
2023-01-03 03:48:00,-1.76953,0.216465
2023-01-03 03:49:00,-1.72272,0.211907
2023-01-03 03:50:00,-1.72614,0.156082
2023-01-03 03:51:00,-1.76267,0.19026
2023-01-03 03:52:00,-1.7775,0.232412
2023-01-03 03:53:00,-1.81518,0.248362
2023-01-03 03:54:00,-1.82774,0.272289
2023-01-03 03:55:00,-1.83118,0.249504
2023-01-03 03:56:00,-1.86999,0.23925
2023-01-03 03:57:00,-1.87799,0.238111
2023-01-03 03:58:00,-1.88826,0.213047
2023-01-03 03:59:00,-1.96474,0.175449
2023-01-03 04:00:00,-2.0104,0.177728
2023-01-03 04:01:00,-2.00926,0.177728
2023-01-03 04:02:00,-2.01726,0.17545
2023-01-03 04:03:00,-2.01611,0.181146
2023-01-03 04:04:00,-2.02638,0.159499
2023-01-03 04:05:00,-2.03322,0.0911419
2023-01-03 04:06:00,-2.07202,0.0478492
2023-01-03 04:07:00,-2.05148,0.0649383
2023-01-03 04:08:00,-2.02979,0.0694957
2023-01-03 04:09:00,-1.98755,0.0660778
2023-01-03 04:10:00,-1.92477,0.108231
2023-01-03 04:11:00,-1.88367,0.142409
2023-01-03 04:12:00,-1.8597,0.172031
2023-01-03 04:13:00,-1.76152,0.187981
2023-01-03 04:14:00,-1.70558,0.149245
2023-01-03 04:15:00,-1.73641,0.168613
2023-01-03 04:16:00,-1.70331,0.183424
2023-01-03 04:17:00,-1.66107,0.211908
2023-01-03 04:18:00,-1.64509,0.241529
2023-01-03 04:19:00,-1.62909,0.295073
2023-01-03 04:20:00,-1.61425,0.318997
2023-01-03 04:21:00,-1.64849,0.355453
2023-01-03 04:22:00,-1.67704,0.367985
2023-01-03 04:23:00,-1.67134,0.357734
2023-01-03 04:24:00,-1.66564,0.360014
2023-01-03 04:25:00,-1.67706,0.363434
2023-01-03 04:26:00,-1.64852,0.32128
2023-01-03 04:27:00,-1.62682,0.30419
2023-01-03 04:28:00,-1.68048,0.2552
2023-01-03 04:29:00,-1.76154,0.222161
2023-01-03 04:30:00,-1.84373,0.226718
2023-01-03 04:31:00,-1.88369,0.183425
2023-01-03 04:32:00,-1.89282,0.125321
2023-01-03 04:33:00,-1.90765,0.0592425
2023-01-03 04:34:00,-1.84486,0.0751924
2023-01-03 04:35:00,-1.75468,0.277984
2023-01-03 04:36:00,-1.76153,0.350899
2023-01-03 04:37:00,-1.84259,0.312164
2023-01-03 04:38:00,-1.83117,0.293935
2023-01-03 04:39:00,-1.82089,0.221021
2023-01-03 04:40:00,-1.85628,0.214185
2023-01-03 04:41:00,-1.87341,0.20621
2023-01-03 04:42:00,-1.85172,0.214186
2023-01-03 04:43:00,-1.88255,0.228997
2023-01-03 04:44:00,-1.90424,0.240389
2023-01-03 04:45:00,-1.92136,0.242667
2023-01-03 04:46:00,-1.94191,0.247224
2023-01-03 04:47:00,-1.98415,0.23811
2023-01-03 04:48:00,-1.94533,0.239249
2023-01-03 04:49:00,-1.87683,0.29963
2023-01-03 04:50:00,-1.82773,0.305326
2023-01-03 04:51:00,-1.85056,0.271148
2023-01-03 04:52:00,-1.82203,0.306466
2023-01-03 04:53:00,-1.8266,0.277985
2023-01-03 04:54:00,-1.83345,0.228996
2023-01-03 04:55:00,-1.80491,0.22216
2023-01-03 04:56:00,-1.77409,0.233553
2023-01-03 04:57:00,-1.78893,0.156082
2023-01-03 04:58:00,-1.87112,0.156081
2023-01-03 04:59:00,-1.88824,0.176588
2023-01-03 05:00:00,-1.89966,0.172031
2023-01-03 05:01:00,-1.89167,0.166335
2023-01-03 05:02:00,-1.87227,0.170893
2023-01-03 05:03:00,-1.82889,0.176589
2023-01-03 05:04:00,-1.81062,0.205071
2023-01-03 05:05:00,-1.80719,0.166335
2023-01-03 05:06:00,-1.85171,0.0911424
2023-01-03 05:07:00,-1.90879,0.146967
2023-01-03 05:08:00,-1.95446,0.157221
2023-01-03 05:09:00,-1.97159,0.154942
2023-01-03 05:10:00,-1.99557,0.0900035
2023-01-03 05:11:00,-2.00242,0.123043
2023-01-03 05:12:00,-2.01954,0.156082
2023-01-03 05:13:00,-2.02411,0.14355
2023-01-03 05:14:00,-2.03895,0.0934215
2023-01-03 05:15:00,-2.04009,0.0581035
2023-01-03 05:16:00,-2.0104,0.093421
2023-01-03 05:17:00,-1.92478,0.164056
2023-01-03 05:18:00,-1.92135,0.218742
2023-01-03 05:19:00,-1.88825,0.153803
2023-01-03 05:20:00,-1.88483,0.0956999
2023-01-03 05:21:00,-1.86771,0.133297
2023-01-03 05:22:00,-1.81862,0.1276
2023-01-03 05:23:00,-1.82203,0.137853
2023-01-03 05:24:00,-1.81746,0.132156
2023-01-03 05:25:00,-1.80718,0.143549
2023-01-03 05:26:00,-1.81517,0.176588
2023-01-03 05:27:00,-1.81061,0.177727
2023-01-03 05:28:00,-1.80148,0.217602
2023-01-03 05:29:00,-1.81518,0.225578
2023-01-03 05:30:00,-1.86998,0.258617
2023-01-03 05:31:00,-1.87911,0.216463
2023-01-03 05:32:00,-1.88709,0.210765
2023-01-03 05:33:00,-1.89735,0.209625
2023-01-03 05:34:00,-1.88937,0.194815
2023-01-03 05:35:00,-1.89051,0.168612
2023-01-03 05:36:00,-1.88366,0.166333
2023-01-03 05:37:00,-1.88366,0.17089
2023-01-03 05:38:00,-1.88253,0.17203
2023-01-03 05:39:00,-1.84143,0.154941
2023-01-03 05:40:00,-1.86883,0.154942
2023-01-03 05:41:00,-1.83345,0.176589
2023-01-03 05:42:00,-1.79464,0.186842
2023-01-03 05:43:00,-1.76496,0.246086
2023-01-03 05:44:00,-1.73871,0.290519
2023-01-03 05:45:00,-1.71016,0.330393
2023-01-03 05:46:00,-1.73642,0.33495
2023-01-03 05:47:00,-1.69303,0.291656
2023-01-03 05:48:00,-1.68389,0.279123
2023-01-03 05:49:00,-1.68274,0.270007
2023-01-03 05:50:00,-1.72042,0.28368
2023-01-03 05:51:00,-1.72727,0.28254
2023-01-03 05:52:00,-1.72498,0.255196
2023-01-03 05:53:00,-1.73639,0.252917
2023-01-03 05:54:00,-1.7227,0.251779
2023-01-03 05:55:00,-1.73526,0.225577
2023-01-03 05:56:00,-1.72727,0.227855
2023-01-03 05:57:00,-1.75581,0.23469
2023-01-03 05:58:00,-1.7832,0.211904
2023-01-03 05:59:00,-1.81061,0.205069
2023-01-03 06:00:00,-1.84828,0.25178
2023-01-03 06:01:00,-1.86654,0.256337
2023-01-03 06:02:00,-1.87111,0.26773
2023-01-03 06:03:00,-1.82773,0.287098
2023-01-03 06:04:00,-1.82773,0.28254
2023-01-03 06:05:00,-1.87797,0.272287
2023-01-03 06:06:00,-1.89395,0.234691
2023-01-03 06:07:00,-1.89167,0.151524
2023-01-03 06:08:00,-1.89281,0.112789
2023-01-03 06:09:00,-1.9419,0.234692
2023-01-03 06:10:00,-1.92934,0.272288
2023-01-03 06:11:00,-1.88939,0.270009
2023-01-03 06:12:00,-1.88482,0.317859
2023-01-03 06:13:00,-1.88368,0.259756
2023-01-03 06:14:00,-1.84944,0.247225
2023-01-03 06:15:00,-1.81519,0.241528
2023-01-03 06:16:00,-1.8129,0.219882
2023-01-03 06:17:00,-1.76723,0.207349
2023-01-03 06:18:00,-1.69074,0.213045
2023-01-03 06:19:00,-1.57658,0.209627
2023-01-03 06:20:00,-1.47041,0.247223
2023-01-03 06:21:00,-1.36881,0.291655
2023-01-03 06:22:00,-1.19984,0.332668
2023-01-03 06:23:00,-0.871056,0.454571
2023-01-03 06:24:00,-0.422399,0.549131
2023-01-03 06:25:00,-0.0319652,0.589005
2023-01-03 06:26:00,0.356186,0.66306
2023-01-03 06:27:00,0.712374,0.759901
2023-01-03 06:28:00,1.09824,0.99573
2023-01-03 06:29:00,1.49096,1.11878
2023-01-03 06:30:00,1.79349,1.13928
2023-01-03 06:31:00,1.79235,1.05953
2023-01-03 06:32:00,1.62796,1.03674
2023-01-03 06:33:00,1.68276,1.02763
2023-01-03 06:34:00,1.95445,1.01282
2023-01-03 06:35:00,2.30607,0.980915
2023-01-03 06:36:00,2.83463,0.956986
2023-01-03 06:37:00,3.40772,1.10509
2023-01-03 06:38:00,4.0402,1.13244
2023-01-03 06:39:00,4.79939,1.20194
2023-01-03 06:40:00,5.64876,1.25663
2023-01-03 06:41:00,6.51981,1.24295
2023-01-03 06:42:00,7.73336,1.47309
2023-01-03 06:43:00,9.17637,1.75677
2023-01-03 06:44:00,10.3694,1.955
2023-01-03 06:45:00,11.2518,2.0974
2023-01-03 06:46:00,12.1685,2.23411
2023-01-03 06:47:00,13.6126,2.48589
2023-01-03 06:48:00,15.8924,2.87438
2023-01-03 06:49:00,18.5534,3.31754
2023-01-03 06:50:00,20.7831,3.70604
2023-01-03 06:51:00,22.6142,3.99428
2023-01-03 06:52:00,24.3986,4.25631
2023-01-03 06:53:00,26.3166,4.59355
2023-01-03 06:54:00,28.7849,5.06637
2023-01-03 06:55:00,31.9026,5.865
2023-01-03 06:56:00,34.2533,6.37769
2023-01-03 06:57:00,36.4075,6.34464
2023-01-03 06:58:00,38.5537,6.38452
2023-01-03 06:59:00,40.0686,6.47792
2023-01-03 07:00:00,42.9991,6.64425
2023-01-03 07:01:00,46.8648,6.90746
2023-01-03 07:02:00,48.9882,7.21278
2023-01-03 07:03:00,49.7806,7.73459
2023-01-03 07:04:00,52.2885,8.93876
2023-01-03 07:05:00,56.7604,10.8744
2023-01-03 07:06:00,65.1432,12.3657
2023-01-03 07:07:00,72.6182,12.8328
2023-01-03 07:08:00,78.7954,13.1586
2023-01-03 07:09:00,85.0368,13.5756
2023-01-03 07:10:00,88.8037,14.1098
2023-01-03 07:11:00,91.9206,14.6168
2023-01-03 07:12:00,93.6653,15.0476
2023-01-03 07:13:00,90.3636,14.6909
2023-01-03 07:14:00,89.1351,14.7126
2023-01-03 07:15:00,92.6923,15.7561
2023-01-03 07:16:00,100.661,17.6325
2023-01-03 07:17:00,108.535,19.6148
2023-01-03 07:18:00,115.852,21.4615
2023-01-03 07:19:00,115.149,21.1437
2023-01-03 07:20:00,121.409,22.5359
2023-01-03 07:21:00,125.38,23.2695
2023-01-03 07:22:00,126.835,23.3663
2023-01-03 07:23:00,127.115,23.0211
2023-01-03 07:24:00,134.0,24.525
2023-01-03 07:25:00,145.359,27.3323
2023-01-03 07:26:00,149.659,28.1958
2023-01-03 07:27:00,157.819,30.0392
2023-01-03 07:28:00,162.579,30.9676
2023-01-03 07:29:00,166.512,31.7264
2023-01-03 07:30:00,164.875,30.857
2023-01-03 07:31:00,169.652,31.6489
2023-01-03 07:32:00,171.631,31.7449
2023-01-03 07:33:00,172.87,31.6162
2023-01-03 07:34:00,177.009,32.1334
2023-01-03 07:35:00,177.777,32.2392
2023-01-03 07:36:00,177.724,31.9144
2023-01-03 07:37:00,185.621,33.5003
2023-01-03 07:38:00,183.494,32.7816
2023-01-03 07:39:00,179.661,31.3904
2023-01-03 07:40:00,182.826,31.8995
2023-01-03 07:41:00,184.673,32.1387
2023-01-03 07:42:00,188.59,32.7391
2023-01-03 07:43:00,194.169,33.6005
2023-01-03 07:44:00,203.813,35.3767
2023-01-03 07:45:00,213.154,37.1872
2023-01-03 07:46:00,219.918,38.3833
2023-01-03 07:47:00,228.763,40.1708
2023-01-03 07:48:00,231.516,40.4296
2023-01-03 07:49:00,229.811,39.6551
2023-01-03 07:50:00,228.028,38.9441
2023-01-03 07:51:00,229.703,39.0659
2023-01-03 07:52:00,227.929,38.3207
2023-01-03 07:53:00,229.624,38.3092
2023-01-03 07:54:00,232.488,38.7113
2023-01-03 07:55:00,234.425,39.0452
2023-01-03 07:56:00,235.93,39.1557
2023-01-03 07:57:00,237.142,39.2376
2023-01-03 07:58:00,239.351,39.4917
2023-01-03 07:59:00,238.576,39.1978
2023-01-03 08:00:00,237.525,38.6177
2023-01-03 08:01:00,240.38,38.9721
2023-01-03 08:02:00,237.581,38.3159
2023-01-03 08:03:00,238.393,38.1576
2023-01-03 08:04:00,234.552,37.2531
2023-01-03 08:05:00,234.56,37.1642
2023-01-03 08:06:00,236.454,37.3909
2023-01-03 08:07:00,245.828,38.9619
2023-01-03 08:08:00,243.632,38.3868
2023-01-03 08:09:00,240.333,37.5173
2023-01-03 08:10:00,247.975,38.7988
2023-01-03 08:11:00,255.198,40.1409
2023-01-03 08:12:00,260.031,40.7711
2023-01-03 08:13:00,281.255,44.3712
2023-01-03 08:14:00,289.52,45.5563
2023-01-03 08:15:00,295.987,46.3516
2023-01-03 08:16:00,295.793,45.766
2023-01-03 08:17:00,278.252,42.1075
2023-01-03 08:18:00,306.279,47.2514
2023-01-03 08:19:00,316.935,49.0254
2023-01-03 08:20:00,327.564,50.6636
2023-01-03 08:21:00,334.216,51.3619
2023-01-03 08:22:00,341.028,52.3235
2023-01-03 08:23:00,337.856,51.5353
2023-01-03 08:24:00,314.868,46.8484
2023-01-03 08:25:00,328.251,49.3081
2023-01-03 08:26:00,314.402,46.0383
2023-01-03 08:27:00,342.225,51.1466
2023-01-03 08:28:00,354.046,52.8737
2023-01-03 08:29:00,353.355,52.0417
2023-01-03 08:30:00,348.081,50.7088
2023-01-03 08:31:00,350.996,51.0937
2023-01-03 08:32:00,358.807,52.4711
2023-01-03 08:33:00,364.476,53.2025
2023-01-03 08:34:00,375.646,54.8122
2023-01-03 08:35:00,378.563,54.9249
2023-01-03 08:36:00,383.819,55.6076
2023-01-03 08:37:00,386.109,55.5974
2023-01-03 08:38:00,392.311,56.2468
2023-01-03 08:39:00,396.616,56.569
2023-01-03 08:40:00,394.198,55.7726
2023-01-03 08:41:00,394.334,55.2508
2023-01-03 08:42:00,395.639,55.2255
2023-01-03 08:43:00,395.137,55.1958
2023-01-03 08:44:00,393.83,55.207
2023-01-03 08:45:00,396.772,56.024
2023-01-03 08:46:00,403.684,56.8648
2023-01-03 08:47:00,411.632,57.2705
2023-01-03 08:48:00,421.155,58.1318
2023-01-03 08:49:00,426.888,58.2108
2023-01-03 08:50:00,431.985,58.4934
2023-01-03 08:51:00,435.123,58.8565
2023-01-03 08:52:00,436.894,59.0297
2023-01-03 08:53:00,433.654,58.083
2023-01-03 08:54:00,429.158,57.3494
2023-01-03 08:55:00,436.193,57.9145
2023-01-03 08:56:00,445.549,58.8123
2023-01-03 08:57:00,454.442,59.9333
2023-01-03 08:58:00,461.733,61.3027
2023-01-03 08:59:00,465.152,61.2882
2023-01-03 09:00:00,467.457,61.2789
2023-01-03 09:01:00,468.639,61.378
2023-01-03 09:02:00,479.135,63.0071
2023-01-03 09:03:00,490.477,64.4358
2023-01-03 09:04:00,494.589,64.4565
2023-01-03 09:05:00,500.49,64.9645
2023-01-03 09:06:00,503.975,65.1534
2023-01-03 09:07:00,507.688,65.6192
2023-01-03 09:08:00,503.845,65.0166
2023-01-03 09:09:00,505.81,64.987
2023-01-03 09:10:00,502.191,64.6373
2023-01-03 09:11:00,503.22,64.422
2023-01-03 09:12:00,498.862,63.491
2023-01-03 09:13:00,482.017,61.0679
2023-01-03 09:14:00,489.675,61.8107
2023-01-03 09:15:00,518.051,65.7114
2023-01-03 09:16:00,514.873,65.1598
2023-01-03 09:17:00,507.943,64.2265
2023-01-03 09:18:00,510.099,64.4931
2023-01-03 09:19:00,508.906,64.0739
2023-01-03 09:20:00,537.111,68.0064
2023-01-03 09:21:00,535.546,67.9246
2023-01-03 09:22:00,544.075,69.581
2023-01-03 09:23:00,557.353,71.649
2023-01-03 09:24:00,561.575,72.2287
2023-01-03 09:25:00,571.72,73.8224
2023-01-03 09:26:00,578.892,76.1121
2023-01-03 09:27:00,575.312,77.4837
2023-01-03 09:28:00,568.928,78.254
2023-01-03 09:29:00,570.755,81.1442
2023-01-03 09:30:00,575.693,82.3484
2023-01-03 09:31:00,577.862,79.7872
2023-01-03 09:32:00,577.908,77.6247
2023-01-03 09:33:00,582.985,79.5626
2023-01-03 09:34:00,591.571,81.4947
2023-01-03 09:35:00,600.812,82.0299
2023-01-03 09:36:00,600.959,84.0714
2023-01-03 09:37:00,605.244,85.6974
2023-01-03 09:38:00,605.044,82.218
2023-01-03 09:39:00,615.373,81.2028
2023-01-03 09:40:00,617.207,79.7329
2023-01-03 09:41:00,616.365,77.8667
2023-01-03 09:42:00,616.362,75.6659
2023-01-03 09:43:00,618.685,74.5081
2023-01-03 09:44:00,615.869,73.2596
2023-01-03 09:45:00,616.801,72.3279
2023-01-03 09:46:00,608.756,70.5611
2023-01-03 09:47:00,618.305,72.146
2023-01-03 09:48:00,624.698,72.4
2023-01-03 09:49:00,618.051,72.1422
2023-01-03 09:50:00,613.642,71.2899
2023-01-03 09:51:00,595.724,68.4613
2023-01-03 09:52:00,541.439,61.2603
2023-01-03 09:53:00,583.888,66.8289
2023-01-03 09:54:00,543.328,61.4435
2023-01-03 09:55:00,581.399,67.1132
2023-01-03 09:56:00,610.629,70.1961
2023-01-03 09:57:00,583.005,66.447
2023-01-03 09:58:00,583.996,66.3504
2023-01-03 09:59:00,564.012,64.267
2023-01-03 10:00:00,540.265,61.0771
2023-01-03 10:01:00,580.319,66.5147
2023-01-03 10:02:00,651.766,75.3904
2023-01-03 10:03:00,634.783,73.3955
2023-01-03 10:04:00,688.054,79.6069
2023-01-03 10:05:00,692.229,79.3503
2023-01-03 10:06:00,693.16,79.1727
2023-01-03 10:07:00,696.126,79.9214
2023-01-03 10:08:00,697.534,79.8782
2023-01-03 10:09:00,702.196,80.2207
2023-01-03 10:10:00,704.931,80.4085
2023-01-03 10:11:00,663.246,75.8869
2023-01-03 10:12:00,509.37,57.036
2023-01-03 10:13:00,420.036,45.7712
2023-01-03 10:14:00,469.094,52.0197
2023-01-03 10:15:00,596.412,66.9382
2023-01-03 10:16:00,660.953,75.6387
2023-01-03 10:17:00,708.232,81.2642
2023-01-03 10:18:00,722.171,82.3587
2023-01-03 10:19:00,711.523,81.6182
2023-01-03 10:20:00,707.499,81.5181
2023-01-03 10:21:00,696.393,79.7375
2023-01-03 10:22:00,697.003,79.2838
2023-01-03 10:23:00,700.361,79.6982
2023-01-03 10:24:00,704.37,81.0697
2023-01-03 10:25:00,700.653,80.5706
2023-01-03 10:26:00,700.492,80.1729
2023-01-03 10:27:00,694.773,79.8424
2023-01-03 10:28:00,700.384,80.3915
2023-01-03 10:29:00,717.277,83.088
2023-01-03 10:30:00,728.188,84.9779
2023-01-03 10:31:00,702.323,82.2312
2023-01-03 10:32:00,707.449,83.9298
2023-01-03 10:33:00,734.931,88.5504
2023-01-03 10:34:00,743.819,90.5703
2023-01-03 10:35:00,737.317,90.331
2023-01-03 10:36:00,677.315,83.3567
2023-01-03 10:37:00,639.206,75.8197
2023-01-03 10:38:00,684.035,79.0154
2023-01-03 10:39:00,691.374,79.3343
2023-01-03 10:40:00,691.422,78.4024
2023-01-03 10:41:00,705.263,79.7956
2023-01-03 10:42:00,722.364,81.6616
2023-01-03 10:43:00,673.312,75.5383
2023-01-03 10:44:00,695.048,77.9432
2023-01-03 10:45:00,687.617,76.8518
2023-01-03 10:46:00,650.607,72.6446
2023-01-03 10:47:00,651.062,75.1407
2023-01-03 10:48:00,655.594,79.994
2023-01-03 10:49:00,721.612,89.2718
2023-01-03 10:50:00,733.878,89.5406
2023-01-03 10:51:00,696.854,83.8513
2023-01-03 10:52:00,684.513,82.794
2023-01-03 10:53:00,664.082,81.5475
2023-01-03 10:54:00,724.209,89.5257
2023-01-03 10:55:00,762.122,94.6442
2023-01-03 10:56:00,744.33,93.3713
2023-01-03 10:57:00,768.099,96.0577
2023-01-03 10:58:00,767.601,93.791
2023-01-03 10:59:00,769.269,93.7374
2023-01-03 11:00:00,776.626,95.4906
2023-01-03 11:01:00,787.07,97.114
2023-01-03 11:02:00,788.106,96.6036
2023-01-03 11:03:00,789.202,98.6633
2023-01-03 11:04:00,793.263,100.315
2023-01-03 11:05:00,791.082,100.391
2023-01-03 11:06:00,781.387,101.429
2023-01-03 11:07:00,791.552,103.794
2023-01-03 11:08:00,782.577,100.251
2023-01-03 11:09:00,782.507,99.6155
2023-01-03 11:10:00,794.364,101.78
2023-01-03 11:11:00,793.812,103.108
2023-01-03 11:12:00,781.896,99.3203
2023-01-03 11:13:00,809.359,103.281
2023-01-03 11:14:00,829.631,107.414
2023-01-03 11:15:00,832.728,105.243
2023-01-03 11:16:00,830.129,103.756
2023-01-03 11:17:00,835.465,105.662
2023-01-03 11:18:00,832.416,105.507
2023-01-03 11:19:00,820.207,101.028
2023-01-03 11:20:00,814.615,101.228
2023-01-03 11:21:00,811.573,99.9357
2023-01-03 11:22:00,810.855,100.269
2023-01-03 11:23:00,831.24,104.369
2023-01-03 11:24:00,831.503,104.141
2023-01-03 11:25:00,827.779,104.134
2023-01-03 11:26:00,853.07,106.444
2023-01-03 11:27:00,849.33,104.291
2023-01-03 11:28:00,849.206,103.509
2023-01-03 11:29:00,830.757,97.9738
2023-01-03 11:30:00,831.831,96.3677
2023-01-03 11:31:00,841.658,96.2996
2023-01-03 11:32:00,791.612,90.1144
2023-01-03 11:33:00,770.965,88.5457
2023-01-03 11:34:00,814.492,93.1083
2023-01-03 11:35:00,760.754,85.1736
2023-01-03 11:36:00,582.954,64.6643
2023-01-03 11:37:00,495.483,54.4899
2023-01-03 11:38:00,469.541,50.9241
2023-01-03 11:39:00,459.582,49.6824
2023-01-03 11:40:00,465.74,50.4399
2023-01-03 11:41:00,466.583,51.1941
2023-01-03 11:42:00,539.207,59.5925
2023-01-03 11:43:00,548.756,60.0392
2023-01-03 11:44:00,646.238,70.7559
2023-01-03 11:45:00,716.137,78.6574
2023-01-03 11:46:00,760.301,84.0207
2023-01-03 11:47:00,803.389,88.6653
2023-01-03 11:48:00,816.807,89.7285
2023-01-03 11:49:00,834.767,91.5293
2023-01-03 11:50:00,803.922,87.5624
2023-01-03 11:51:00,812.362,88.4292
2023-01-03 11:52:00,847.082,92.5875
2023-01-03 11:53:00,873.269,95.1805
2023-01-03 11:54:00,913.186,100.031
2023-01-03 11:55:00,892.86,98.3922
2023-01-03 11:56:00,923.071,102.451
2023-01-03 11:57:00,934.14,102.703
2023-01-03 11:58:00,937.852,102.08
2023-01-03 11:59:00,942.169,102.068
2023-01-03 12:00:00,933.763,101.895
2023-01-03 12:01:00,935.259,103.444
2023-01-03 12:02:00,925.186,102.306
2023-01-03 12:03:00,921.434,101.211
2023-01-03 12:04:00,926.365,101.338
2023-01-03 12:05:00,943.536,102.868
2023-01-03 12:06:00,965.925,105.207
2023-01-03 12:07:00,996.377,109.509
2023-01-03 12:08:00,984.132,107.361
2023-01-03 12:09:00,985.363,107.766
2023-01-03 12:10:00,956.352,104.704
2023-01-03 12:11:00,848.038,92.4408
2023-01-03 12:12:00,768.629,84.4989
2023-01-03 12:13:00,713.094,78.2147
2023-01-03 12:14:00,697.732,76.8201
2023-01-03 12:15:00,777.658,85.7684
2023-01-03 12:16:00,781.49,86.9189
2023-01-03 12:17:00,807.495,90.6675
2023-01-03 12:18:00,732.842,82.6795
2023-01-03 12:19:00,742.915,84.2119
2023-01-03 12:20:00,741.402,84.1512
2023-01-03 12:21:00,685.256,78.4675
2023-01-03 12:22:00,679.329,77.6086
2023-01-03 12:23:00,667.269,76.2418
2023-01-03 12:24:00,680.571,79.9783
2023-01-03 12:25:00,670.862,79.511
2023-01-03 12:26:00,589.378,70.1146
2023-01-03 12:27:00,473.642,55.5133
2023-01-03 12:28:00,447.864,52.1333
2023-01-03 12:29:00,460.67,54.281
2023-01-03 12:30:00,467.617,56.0774
2023-01-03 12:31:00,552.773,67.3499
2023-01-03 12:32:00,591.479,73.0894
2023-01-03 12:33:00,523.919,63.8901
2023-01-03 12:34:00,508.917,61.7347
2023-01-03 12:35:00,549.576,67.5039
2023-01-03 12:36:00,590.093,73.1701
2023-01-03 12:37:00,633.861,78.4137
2023-01-03 12:38:00,633.021,77.6982
2023-01-03 12:39:00,547.344,65.8515
2023-01-03 12:40:00,633.958,77.3169
2023-01-03 12:41:00,687.544,82.7603
2023-01-03 12:42:00,774.442,92.1348
2023-01-03 12:43:00,670.164,78.4258
2023-01-03 12:44:00,486.596,57.103
2023-01-03 12:45:00,500.2,60.3224
2023-01-03 12:46:00,601.339,73.6786
2023-01-03 12:47:00,872.054,107.583
2023-01-03 12:48:00,953.287,116.658
2023-01-03 12:49:00,948.572,116.614
2023-01-03 12:50:00,908.516,112.284
2023-01-03 12:51:00,721.442,88.6416
2023-01-03 12:52:00,753.124,92.7223
2023-01-03 12:53:00,744.446,91.0293
2023-01-03 12:54:00,644.56,78.4601
2023-01-03 12:55:00,606.752,73.991
2023-01-03 12:56:00,605.325,75.4472
2023-01-03 12:57:00,626.636,78.7282
2023-01-03 12:58:00,676.956,85.4211
2023-01-03 12:59:00,630.065,79.038
2023-01-03 13:00:00,563.509,69.5816
2023-01-03 13:01:00,509.824,62.0037
2023-01-03 13:02:00,490.19,59.5668
2023-01-03 13:03:00,485.316,58.7883
2023-01-03 13:04:00,478.905,58.1234
2023-01-03 13:05:00,442.911,53.611
2023-01-03 13:06:00,426.161,51.4942
2023-01-03 13:07:00,456.008,55.7868
2023-01-03 13:08:00,496.634,61.1217
2023-01-03 13:09:00,516.207,63.9422
2023-01-03 13:10:00,537.772,66.5554
2023-01-03 13:11:00,548.761,68.2143
2023-01-03 13:12:00,503.929,62.3849
2023-01-03 13:13:00,498.822,61.9734
2023-01-03 13:14:00,485.933,60.3011
2023-01-03 13:15:00,460.145,56.8198
2023-01-03 13:16:00,462.646,57.2621
2023-01-03 13:17:00,477.995,59.6637
2023-01-03 13:18:00,533.276,66.8214
2023-01-03 13:19:00,637.841,79.8665
2023-01-03 13:20:00,764.203,95.1036
2023-01-03 13:21:00,820.854,100.496
2023-01-03 13:22:00,752.945,91.2647
2023-01-03 13:23:00,692.294,84.2106
2023-01-03 13:24:00,665.942,81.9129
2023-01-03 13:25:00,663.931,83.8016
2023-01-03 13:26:00,712.895,90.6138
2023-01-03 13:27:00,720.945,89.8674
2023-01-03 13:28:00,681.841,85.4954
2023-01-03 13:29:00,704.168,88.9909
2023-01-03 13:30:00,762.023,95.8626
2023-01-03 13:31:00,786.326,96.8719
2023-01-03 13:32:00,823.335,100.14
2023-01-03 13:33:00,833.023,100.691
2023-01-03 13:34:00,815.166,97.027
2023-01-03 13:35:00,780.943,91.8402
2023-01-03 13:36:00,767.2,89.7329
2023-01-03 13:37:00,718.178,84.2399
2023-01-03 13:38:00,656.248,76.6296
2023-01-03 13:39:00,652.963,76.7102
2023-01-03 13:40:00,652.218,76.4903
2023-01-03 13:41:00,640.835,75.8989
2023-01-03 13:42:00,617.284,73.7447
2023-01-03 13:43:00,634.949,77.4734
2023-01-03 13:44:00,616.245,75.1689
2023-01-03 13:45:00,610.298,73.2834
2023-01-03 13:46:00,537.799,63.0999
2023-01-03 13:47:00,501.124,58.6009
2023-01-03 13:48:00,514.419,60.4009
2023-01-03 13:49:00,518.319,61.0479
2023-01-03 13:50:00,633.133,75.147
2023-01-03 13:51:00,703.723,82.9153
2023-01-03 13:52:00,756.581,88.8622
2023-01-03 13:53:00,695.099,81.6352
2023-01-03 13:54:00,744.666,86.8608
2023-01-03 13:55:00,796.669,93.2032
2023-01-03 13:56:00,794.207,92.7702
2023-01-03 13:57:00,784.567,91.412
2023-01-03 13:58:00,777.608,90.265
2023-01-03 13:59:00,764.34,88.6301
2023-01-03 14:00:00,774.202,90.3505
2023-01-03 14:01:00,763.168,89.4931
2023-01-03 14:02:00,748.248,87.5737
2023-01-03 14:03:00,714.734,83.7029
2023-01-03 14:04:00,714.915,83.9091
2023-01-03 14:05:00,703.244,82.4758
2023-01-03 14:06:00,700.37,83.4851
2023-01-03 14:07:00,719.581,86.7707
2023-01-03 14:08:00,749.085,93.0524
2023-01-03 14:09:00,746.448,97.2512
2023-01-03 14:10:00,750.19,104.375
2023-01-03 14:11:00,759.106,108.033
2023-01-03 14:12:00,755.577,107.31
2023-01-03 14:13:00,745.713,106.257
2023-01-03 14:14:00,735.751,105.033
2023-01-03 14:15:00,728.405,104.372
2023-01-03 14:16:00,716.471,103.165
2023-01-03 14:17:00,716.71,103.298
2023-01-03 14:18:00,715.511,103.191
2023-01-03 14:19:00,715.459,103.227
2023-01-03 14:20:00,717.173,103.276
2023-01-03 14:21:00,715.902,103.605
2023-01-03 14:22:00,715.087,103.424
2023-01-03 14:23:00,712.05,102.063
2023-01-03 14:24:00,707.601,95.199
2023-01-03 14:25:00,700.403,89.4137
2023-01-03 14:26:00,693.385,85.966
2023-01-03 14:27:00,689.887,86.4981
2023-01-03 14:28:00,687.627,86.9003
2023-01-03 14:29:00,681.141,85.1869
2023-01-03 14:30:00,675.025,82.1485
2023-01-03 14:31:00,670.835,81.0539
2023-01-03 14:32:00,673.575,81.1545
2023-01-03 14:33:00,671.759,81.0884
2023-01-03 14:34:00,669.62,81.4072
2023-01-03 14:35:00,670.178,81.9221
2023-01-03 14:36:00,668.105,82.2946
2023-01-03 14:37:00,665.089,82.8266
2023-01-03 14:38:00,662.864,82.5087
2023-01-03 14:39:00,660.426,81.2976
2023-01-03 14:40:00,658.669,81.0492
2023-01-03 14:41:00,655.957,80.957
2023-01-03 14:42:00,647.394,80.2374
2023-01-03 14:43:00,632.134,77.5875
2023-01-03 14:44:00,624.026,75.8503
2023-01-03 14:45:00,637.18,77.2606
2023-01-03 14:46:00,636.525,77.3313
2023-01-03 14:47:00,634.123,76.7434
2023-01-03 14:48:00,632.502,75.9925
2023-01-03 14:49:00,627.822,75.3704
2023-01-03 14:50:00,622.11,75.1576
2023-01-03 14:51:00,618.159,74.0914
2023-01-03 14:52:00,615.441,73.5287
2023-01-03 14:53:00,614.066,73.2494
2023-01-03 14:54:00,612.674,73.5648
2023-01-03 14:55:00,611.422,73.9042
2023-01-03 14:56:00,607.883,73.3926
2023-01-03 14:57:00,595.087,72.1372
2023-01-03 14:58:00,586.99,71.332
2023-01-03 14:59:00,573.222,70.0333
2023-01-03 15:00:00,559.219,67.8324
2023-01-03 15:01:00,560.933,68.3953
2023-01-03 15:02:00,531.06,64.7893
2023-01-03 15:03:00,454.792,53.9948
2023-01-03 15:04:00,458.818,55.2741
2023-01-03 15:05:00,465.086,56.7291
2023-01-03 15:06:00,405.294,49.1201
2023-01-03 15:07:00,459.764,58.5199
2023-01-03 15:08:00,461.637,60.1686
2023-01-03 15:09:00,470.291,61.4469
2023-01-03 15:10:00,492.351,66.2306
2023-01-03 15:11:00,486.306,67.175
2023-01-03 15:12:00,470.482,67.068
2023-01-03 15:13:00,354.099,46.3598
2023-01-03 15:14:00,337.442,44.0983
2023-01-03 15:15:00,298.354,38.6778
2023-01-03 15:16:00,254.933,33.222
2023-01-03 15:17:00,264.776,35.5358
2023-01-03 15:18:00,256.948,35.3149
2023-01-03 15:19:00,239.519,32.362
2023-01-03 15:20:00,244.902,33.5672
2023-01-03 15:21:00,233.145,31.3183
2023-01-03 15:22:00,285.832,40.6364
2023-01-03 15:23:00,291.623,41.2698
2023-01-03 15:24:00,344.632,48.0383
2023-01-03 15:25:00,369.685,50.3102
2023-01-03 15:26:00,365.721,48.6708
2023-01-03 15:27:00,356.854,47.2321
2023-01-03 15:28:00,383.175,51.4633
2023-01-03 15:29:00,424.444,58.4105
2023-01-03 15:30:00,400.398,54.2692
2023-01-03 15:31:00,373.262,49.8455
2023-01-03 15:32:00,397.539,53.5426
2023-01-03 15:33:00,443.461,60.7282
2023-01-03 15:34:00,478.059,65.6934
2023-01-03 15:35:00,490.436,67.5389
2023-01-03 15:36:00,494.028,68.2237
2023-01-03 15:37:00,494.351,68.1918
2023-01-03 15:38:00,492.695,67.247
2023-01-03 15:39:00,489.794,67.1318
2023-01-03 15:40:00,492.22,67.3346
2023-01-03 15:41:00,489.572,67.2616
2023-01-03 15:42:00,484.283,66.4404
2023-01-03 15:43:00,476.867,65.479
2023-01-03 15:44:00,466.61,64.0048
2023-01-03 15:45:00,461.108,63.9414
2023-01-03 15:46:00,460.75,64.0166
2023-01-03 15:47:00,457.037,63.6117
2023-01-03 15:48:00,456.525,63.6138
2023-01-03 15:49:00,451.746,62.723
2023-01-03 15:50:00,447.514,62.5852
2023-01-03 15:51:00,442.897,62.8176
2023-01-03 15:52:00,438.08,62.0271
2023-01-03 15:53:00,431.203,61.4131
2023-01-03 15:54:00,424.357,60.8117
2023-01-03 15:55:00,418.742,60.1384
2023-01-03 15:56:00,414.276,60.0715
2023-01-03 15:57:00,410.693,60.2799
2023-01-03 15:58:00,405.799,60.2902
2023-01-03 15:59:00,399.848,62.5745
2023-01-03 16:00:00,391.115,68.3839
2023-01-03 16:01:00,383.15,71.0794
2023-01-03 16:02:00,379.073,65.6766
2023-01-03 16:03:00,370.486,57.0385
2023-01-03 16:04:00,368.962,55.5657
2023-01-03 16:05:00,369.384,55.6775
2023-01-03 16:06:00,362.629,54.8775
2023-01-03 16:07:00,354.003,53.5126
2023-01-03 16:08:00,322.736,48.094
2023-01-03 16:09:00,303.315,45.0477
2023-01-03 16:10:00,279.9,41.7335
2023-01-03 16:11:00,279.194,42.3498
2023-01-03 16:12:00,266.636,40.6079
2023-01-03 16:13:00,281.549,43.9221
2023-01-03 16:14:00,285.222,45.4282
2023-01-03 16:15:00,288.718,48.0829
2023-01-03 16:16:00,288.955,50.8855
2023-01-03 16:17:00,293.194,55.6319
2023-01-03 16:18:00,292.414,58.3835
2023-01-03 16:19:00,294.132,60.3742
2023-01-03 16:20:00,287.151,60.5008
2023-01-03 16:21:00,276.529,54.082
2023-01-03 16:22:00,259.802,45.9327
2023-01-03 16:23:00,262.955,45.9577
2023-01-03 16:24:00,257.822,47.3967
2023-01-03 16:25:00,257.441,51.3276
2023-01-03 16:26:00,254.584,51.1089
2023-01-03 16:27:00,247.894,47.2227
2023-01-03 16:28:00,240.186,42.3373
2023-01-03 16:29:00,236.935,41.4885
2023-01-03 16:30:00,231.311,40.2533
2023-01-03 16:31:00,231.228,41.9464
2023-01-03 16:32:00,232.628,45.7849
2023-01-03 16:33:00,227.992,50.4175
2023-01-03 16:34:00,223.401,49.4821
2023-01-03 16:35:00,217.384,43.4746
2023-01-03 16:36:00,205.541,37.3747
2023-01-03 16:37:00,189.401,33.2948
2023-01-03 16:38:00,192.84,34.515
2023-01-03 16:39:00,189.71,34.1492
2023-01-03 16:40:00,183.753,33.1842
2023-01-03 16:41:00,193.329,35.5051
2023-01-03 16:42:00,191.554,35.9484
2023-01-03 16:43:00,188.862,36.5751
2023-01-03 16:44:00,185.029,35.3366
2023-01-03 16:45:00,181.033,33.7222
2023-01-03 16:46:00,176.83,32.8382
2023-01-03 16:47:00,172.286,32.0178
2023-01-03 16:48:00,167.985,31.341
2023-01-03 16:49:00,163.033,30.7008
2023-01-03 16:50:00,158.144,30.0412
2023-01-03 16:51:00,154.972,29.8178
2023-01-03 16:52:00,150.825,29.3244
2023-01-03 16:53:00,146.121,28.8242
2023-01-03 16:54:00,140.323,27.7909
2023-01-03 16:55:00,135.212,26.6037
2023-01-03 16:56:00,129.883,25.1065
2023-01-03 16:57:00,124.221,23.8475
2023-01-03 16:58:00,116.669,22.2092
2023-01-03 16:59:00,109.959,21.0436
2023-01-03 17:00:00,106.751,20.7041
2023-01-03 17:01:00,103.664,21.6497
2023-01-03 17:02:00,100.886,23.0934
2023-01-03 17:03:00,98.6038,22.8053
2023-01-03 17:04:00,96.1372,21.3653
2023-01-03 17:05:00,92.1949,19.2096
2023-01-03 17:06:00,88.0962,17.2989
2023-01-03 17:07:00,83.7055,15.8417
2023-01-03 17:08:00,80.1317,14.7
2023-01-03 17:09:00,78.4967,14.3844
2023-01-03 17:10:00,76.4437,14.1246
2023-01-03 17:11:00,72.4398,13.2017
2023-01-03 17:12:00,66.9087,11.8015
2023-01-03 17:13:00,69.5896,13.1551
2023-01-03 17:14:00,68.9742,13.4183
2023-01-03 17:15:00,66.684,13.2269
2023-01-03 17:16:00,64.1702,14.3071
2023-01-03 17:17:00,60.8235,15.2743
2023-01-03 17:18:00,51.2569,11.0507
2023-01-03 17:19:00,35.95,4.17461
2023-01-03 17:20:00,30.6663,2.64219
2023-01-03 17:21:00,28.3716,2.40293
2023-01-03 17:22:00,26.4501,2.27874
2023-01-03 17:23:00,26.2515,2.80058
2023-01-03 17:24:00,26.7208,3.55371
2023-01-03 17:25:00,26.7437,4.26469
2023-01-03 17:26:00,28.2508,5.75957
2023-01-03 17:27:00,27.5372,6.33836
2023-01-03 17:28:00,23.9876,5.1067
2023-01-03 17:29:00,18.5849,1.91644
2023-01-03 17:30:00,16.048,0.733756
2023-01-03 17:31:00,14.775,0.462586
2023-01-03 17:32:00,13.405,0.270032
2023-01-03 17:33:00,11.9002,-0.060387
2023-01-03 17:34:00,10.4559,-0.283706
2023-01-03 17:35:00,9.28228,-0.452337
2023-01-03 17:36:00,8.3415,-0.578809
2023-01-03 17:37:00,7.58909,-0.618687
2023-01-03 17:38:00,7.0285,-0.615269
2023-01-03 17:39:00,6.47133,-0.634638
2023-01-03 17:40:00,5.98495,-0.674517
2023-01-03 17:41:00,5.6333,-0.627802
2023-01-03 17:42:00,5.29534,-0.585644
2023-01-03 17:43:00,4.76672,-0.586784
2023-01-03 17:44:00,4.08169,-0.689329
2023-01-03 17:45:00,3.35784,-0.796434
2023-01-03 17:46:00,2.77326,-0.856819
2023-01-03 17:47:00,2.41361,-0.870489
2023-01-03 17:48:00,2.25149,-0.793012
2023-01-03 17:49:00,1.99917,-0.744019
2023-01-03 17:50:00,1.51736,-0.755415
2023-01-03 17:51:00,0.992166,-0.797572
2023-01-03 17:52:00,0.492088,-0.859101
2023-01-03 17:53:00,0.119882,-0.880749
2023-01-03 17:54:00,-0.173543,-0.863655
2023-01-03 17:55:00,-0.430432,-0.872769
2023-01-03 17:56:00,-0.740979,-0.895553
2023-01-03 17:57:00,-1.06409,-0.951383
2023-01-03 17:58:00,-1.31984,-1.02658
2023-01-03 17:59:00,-1.54247,-1.10178
2023-01-03 18:00:00,-1.81991,-1.15192
2023-01-03 18:01:00,-2.0083,-1.21003
2023-01-03 18:02:00,-2.11791,-1.1861
2023-01-03 18:03:00,-2.22638,-1.23168
2023-01-03 18:04:00,-2.4102,-1.28865
2023-01-03 18:05:00,-2.59745,-1.28182
2023-01-03 18:06:00,-2.71961,-1.2784
2023-01-03 18:07:00,-2.73218,-1.22599
2023-01-03 18:08:00,-2.71391,-1.20889
2023-01-03 18:09:00,-2.66482,-1.16332
2023-01-03 18:10:00,-2.77785,-1.15306
2023-01-03 18:11:00,-2.73903,-1.09496
2023-01-03 18:12:00,-2.73561,-1.06306
2023-01-03 18:13:00,-2.79726,-1.04824
2023-01-03 18:14:00,-2.79041,-1.04482
2023-01-03 18:15:00,-2.8749,-1.08812
2023-01-03 18:16:00,-2.79954,-1.07673
2023-01-03 18:17:00,-2.69337,-1.0209
2023-01-03 18:18:00,-2.66026,-0.96393
2023-01-03 18:19:00,-2.67623,-0.930883
2023-01-03 18:20:00,-2.6728,-0.910372
2023-01-03 18:21:00,-2.82808,-0.873915
2023-01-03 18:22:00,-2.77899,-0.822643
2023-01-03 18:23:00,-2.75045,-0.818086
2023-01-03 18:24:00,-2.75046,-0.821506
2023-01-03 18:25:00,-2.70136,-0.818087
2023-01-03 18:26:00,-2.66825,-0.807833
2023-01-03 18:27:00,-2.76529,-0.826061
2023-01-03 18:28:00,-2.74702,-0.852265
2023-01-03 18:29:00,-2.73674,-0.823779
2023-01-03 18:30:00,-2.68422,-0.856821
2023-01-03 18:31:00,-2.79154,-0.922905
2023-01-03 18:32:00,-2.83264,-0.962783
2023-01-03 18:33:00,-2.88401,-0.973037
2023-01-03 18:34:00,-2.88059,-0.968481
2023-01-03 18:35:00,-2.92855,-1.01634
2023-01-03 18:36:00,-2.92742,-1.02318
2023-01-03 18:37:00,-2.91371,-1.00608
2023-01-03 18:38:00,-2.88746,-0.953673
2023-01-03 18:39:00,-2.88631,-0.95595
2023-01-03 18:40:00,-2.83721,-0.871634
2023-01-03 18:41:00,-2.83492,-0.822639
2023-01-03 18:42:00,-2.77784,-0.81922
2023-01-03 18:43:00,-2.77898,-0.811244
2023-01-03 18:44:00,-2.78354,-0.885304
2023-01-03 18:45:00,-2.75842,-0.89214
2023-01-03 18:46:00,-2.67622,-0.804407
2023-01-03 18:47:00,-2.64996,-0.755413
2023-01-03 18:48:00,-2.62485,-0.718955
2023-01-03 18:49:00,-2.53922,-0.659706
2023-01-03 18:50:00,-2.46501,-0.59818
2023-01-03 18:51:00,-2.3554,-0.549185
2023-01-03 18:52:00,-2.27091,-0.502472
2023-01-03 18:53:00,-2.20355,-0.480824
2023-01-03 18:54:00,-2.12819,-0.469428
2023-01-03 18:55:00,-2.06197,-0.446641
2023-01-03 18:56:00,-1.98433,-0.415878
2023-01-03 18:57:00,-1.95465,-0.413598
2023-01-03 18:58:00,-1.88499,-0.413597
2023-01-03 18:59:00,-1.83476,-0.398784
2023-01-03 19:00:00,-1.72287,-0.377136
2023-01-03 19:01:00,-1.70689,-0.347514
2023-01-03 19:02:00,-1.68976,-0.345235
2023-01-03 19:03:00,-1.55846,-0.325865
2023-01-03 19:04:00,-1.47169,-0.311053
2023-01-03 19:05:00,-1.41346,-0.27801
2023-01-03 19:06:00,-1.30842,-0.257501
2023-01-03 19:07:00,-1.27303,-0.213064
2023-01-03 19:08:00,-1.25818,-0.205089
2023-01-03 19:09:00,-1.34381,-0.191417
2023-01-03 19:10:00,-1.25248,-0.165211
2023-01-03 19:11:00,-1.21594,-0.137865
2023-01-03 19:12:00,-1.22051,-0.119635
2023-01-03 19:13:00,-1.22393,-0.079757
2023-01-03 19:14:00,-1.24677,-0.0683631
2023-01-03 19:15:00,-1.39405,-0.0683631
2023-01-03 19:16:00,-1.44315,-0.0683631
2023-01-03 19:17:00,-1.31527,-0.0478542
2023-01-03 19:18:00,-1.24791,0.107102
2023-01-03 19:19:00,-1.37007,0.0660843
2023-01-03 19:20:00,-1.41231,0.0660841
2023-01-03 19:21:00,-1.41574,0.0797567
2023-01-03 19:22:00,-1.52877,0.071781
2023-01-03 19:23:00,-1.61668,0.0706413
2023-01-03 19:24:00,-1.64408,0.0478538
2023-01-03 19:25:00,-1.6064,0.060387
2023-01-03 19:26:00,-1.68632,0.137865
2023-01-03 19:27:00,-1.7103,0.222178
2023-01-03 19:28:00,-1.70345,0.240408
2023-01-03 19:29:00,-1.75711,0.216482
2023-01-03 19:30:00,-1.74569,0.189136
2023-01-03 19:31:00,-1.84502,0.167489
2023-01-03 19:32:00,-1.94892,0.0865925
2023-01-03 19:33:00,-2.00143,0.0353206
2023-01-03 19:34:00,-1.97517,0.0148118
2023-01-03 19:35:00,-1.82105,0.0410176
2023-01-03 19:36:00,-1.93636,-0.0444357
2023-01-03 19:37:00,-1.87698,0.0159512
2023-01-03 19:38:00,-1.83131,-0.00569687
2023-01-03 19:39:00,-2.10874,-0.120773
2023-01-03 19:40:00,-2.1213,-0.169766
2023-01-03 19:41:00,-2.05052,-0.222178
2023-01-03 19:42:00,-2.00713,-0.239268
2023-01-03 19:43:00,-1.98316,-0.238128
2023-01-03 19:44:00,-1.8393,-0.189135
2023-01-03 19:45:00,-1.8039,-0.169766
2023-01-03 19:46:00,-1.8039,-0.16179
2023-01-03 19:47:00,-1.75595,-0.151535
2023-01-03 19:48:00,-1.71484,-0.117354
2023-01-03 19:49:00,-1.60409,-0.101403
2023-01-03 19:50:00,-1.63835,-0.0900094
2023-01-03 19:51:00,-1.69657,-0.00227872
2023-01-03 19:52:00,-1.68516,0.0262054
2023-01-03 19:53:00,-1.65891,0.0262055
2023-01-03 19:54:00,-1.67489,-0.00455747
2023-01-03 19:55:00,-1.76623,-0.0410172
2023-01-03 19:56:00,-1.77649,-0.0398776
2023-01-03 19:57:00,-1.73082,-0.0478531
2023-01-03 19:58:00,-1.77649,-0.0581074
2023-01-03 19:59:00,-1.81303,-0.0387383
2023-01-03 20:00:00,-1.84385,-0.0319021
2023-01-03 20:01:00,-1.93862,-0.0455745
2023-01-03 20:02:00,-1.95004,-0.0683618
2023-01-03 20:03:00,-1.97857,-0.0808946
2023-01-03 20:04:00,-2.09731,-0.0968453
2023-01-03 20:05:00,-2.22061,-0.120772
2023-01-03 20:06:00,-2.34162,-0.120771
2023-01-03 20:07:00,-2.35304,-0.14128
2023-01-03 20:08:00,-2.4398,-0.267747
2023-01-03 20:09:00,-2.43752,-0.247239
2023-01-03 20:10:00,-2.45121,-0.267747
2023-01-03 20:11:00,-2.48774,-0.298509
2023-01-03 20:12:00,-2.50373,-0.316739
2023-01-03 20:13:00,-2.49803,-0.304206
2023-01-03 20:14:00,-2.46606,-0.307624
2023-01-03 20:15:00,-2.47291,-0.31674
2023-01-03 20:16:00,-2.49919,-0.341808
2023-01-03 20:17:00,-2.47064,-0.313323
2023-01-03 20:18:00,-2.47292,-0.315602
2023-01-03 20:19:00,-2.45922,-0.323577
2023-01-03 20:20:00,-2.41925,-0.311043
2023-01-03 20:21:00,-2.3439,-0.254076
2023-01-03 20:22:00,-2.2891,-0.225592
2023-01-03 20:23:00,-2.2343,-0.166346
2023-01-03 20:24:00,-2.19776,-0.103681
2023-01-03 20:25:00,-2.16008,-0.0945659
2023-01-03 20:26:00,-2.1578,-0.112796
2023-01-03 20:27:00,-2.12354,-0.0512706
2023-01-03 20:28:00,-1.99339,0.00113934
2023-01-03 20:29:00,-1.88835,0.00569673
2023-01-03 20:30:00,-1.7936,0.0136722
2023-01-03 20:31:00,-1.78789,0.0603854
2023-01-03 20:32:00,-1.78332,0.0854509
2023-01-03 20:33:00,-1.74793,0.0193688
2023-01-03 20:34:00,-1.91005,0.0444346
2023-01-03 20:35:00,-1.92831,0.0706394
2023-01-03 20:36:00,-1.87807,0.0854504
2023-01-03 20:37:00,-1.93287,0.0717782
2023-01-03 20:38:00,-1.95912,0.0729175
2023-01-03 20:39:00,-1.94771,0.0900078
2023-01-03 20:40:00,-1.9009,0.0410162
2023-01-03 20:41:00,-1.76162,0.0865897
2023-01-03 20:42:00,-1.68398,0.0763355
2023-01-03 20:43:00,-1.76047,0.0535487
2023-01-03 20:44:00,-1.84952,0.00113934
2023-01-03 20:45:00,-1.94085,-0.0250653
2023-01-03 20:46:00,-2.01278,-0.0729173
2023-01-03 20:47:00,-2.00821,-0.100261
2023-01-03 20:48:00,-1.98539,-0.12077
2023-01-03 20:49:00,-2.00365,-0.168622
2023-01-03 20:50:00,-2.03448,-0.1709
2023-01-03 20:51:00,-2.1064,-0.169761
2023-01-03 20:52:00,-2.15663,-0.160646
2023-01-03 20:53:00,-2.15777,-0.148113
2023-01-03 20:54:00,-2.15891,-0.199383
2023-01-03 20:55:00,-2.15777,-0.186851
2023-01-03 20:56:00,-2.14636,-0.13786
2023-01-03 20:57:00,-2.13723,-0.0991223
2023-01-03 20:58:00,-2.11553,-0.0877287
2023-01-03 20:59:00,-2.09955,-0.101401
2023-01-03 21:00:00,-2.14864,-0.11963
2023-01-03 21:01:00,-2.16691,-0.0865895
2023-01-03 21:02:00,-2.10754,0.0
2023-01-03 21:03:00,-2.05502,0.00569669
2023-01-03 21:04:00,-1.9968,0.0
2023-01-03 21:05:00,-1.96027,0.0319014
2023-01-03 21:06:00,-1.92715,0.0877285
2023-01-03 21:07:00,-1.92829,0.0478519
2023-01-03 21:08:00,-1.94884,0.0455731
2023-01-03 21:09:00,-1.86207,0.0854498
2023-01-03 21:10:00,-1.90432,0.0626632
2023-01-03 21:11:00,-1.98766,0.003418
2023-01-03 21:12:00,-2.0162,0.0
2023-01-03 21:13:00,-1.9831,-0.00113933
2023-01-03 21:14:00,-2.04017,-0.0125326
2023-01-03 21:15:00,-2.0242,0.0
2023-01-03 21:16:00,-2.0162,0.003418
2023-01-03 21:17:00,-1.9831,0.0467127
2023-01-03 21:18:00,-1.91916,0.0945648
2023-01-03 21:19:00,-1.89062,0.0922862
2023-01-03 21:20:00,-1.93286,0.0250653
2023-01-03 21:21:00,-1.91687,0.0136719
2023-01-03 21:22:00,-1.95226,-0.0797526
2023-01-03 21:23:00,-1.90544,-0.0239258
2023-01-03 21:24:00,-1.87232,-0.0444333
2023-01-03 21:25:00,-1.8415,-0.135579
2023-01-03 21:26:00,-1.81982,-0.166341
2023-01-03 21:27:00,-1.76159,-0.125325
2023-01-03 21:28:00,-1.70565,-0.137858
2023-01-03 21:29:00,-1.60404,-0.0546875
2023-01-03 21:30:00,-1.43622,0.0763345
2023-01-03 21:31:00,-1.34145,0.141276
2023-01-03 21:32:00,-1.29008,0.118489
2023-01-03 21:33:00,-1.26497,0.137858
2023-01-03 21:34:00,-1.26383,0.136719
2023-01-03 21:35:00,-1.22958,0.145834
2023-01-03 21:36:00,-1.05605,0.207357
2023-01-03 21:37:00,-0.985264,0.234702
2023-01-03 21:38:00,-0.973847,0.273439
2023-01-03 21:39:00,-0.952153,0.273438
2023-01-03 21:40:00,-0.954434,0.311035
2023-01-03 21:41:00,-1.01152,0.262045
2023-01-03 21:42:00,-1.10513,0.216471
2023-01-03 21:43:00,-0.958999,0.266601
2023-01-03 21:44:00,-0.795739,0.319009
2023-01-03 21:45:00,-0.755778,0.386228
2023-01-03 21:46:00,-0.73523,0.455727
2023-01-03 21:47:00,-0.744365,0.528645
2023-01-03 21:48:00,-0.770623,0.536619
2023-01-03 21:49:00,-0.720386,0.48193
2023-01-03 21:50:00,-0.623345,0.525224
2023-01-03 21:51:00,-0.592521,0.535478
2023-01-03 21:52:00,-0.566262,0.524085
2023-01-03 21:53:00,-0.586813,0.479652
2023-01-03 21:54:00,-0.613074,0.497883
2023-01-03 21:55:00,-0.697558,0.512695
2023-01-03 21:56:00,-0.763773,0.51953
2023-01-03 21:57:00,-0.758064,0.486489
2023-01-03 21:58:00,-0.702122,0.489906
2023-01-03 21:59:00,-0.739796,0.561683
2023-01-03 22:00:00,-0.801449,0.659666
2023-01-03 22:01:00,-0.777474,0.708657
2023-01-03 22:02:00,-0.788893,0.619793
2023-01-03 22:03:00,-0.791179,0.476239
2023-01-03 22:04:00,-0.778619,0.381674
2023-01-03 22:05:00,-0.768342,0.346354
2023-01-03 22:06:00,-0.769482,0.3361
2023-01-03 22:07:00,-0.798023,0.315592
2023-01-03 22:08:00,-0.832272,0.284829
2023-01-03 22:09:00,-0.814001,0.283689
2023-01-03 22:10:00,-0.850535,0.340655
2023-01-03 22:11:00,-0.858527,0.33154
2023-01-03 22:12:00,-0.75007,0.288247
2023-01-03 22:13:00,-0.690705,0.322427
2023-01-03 22:14:00,-0.727236,0.283689
2023-01-03 22:15:00,-0.791169,0.28141
2023-01-03 22:16:00,-0.834552,0.293943
2023-01-03 22:17:00,-0.917893,0.272296
2023-01-03 22:18:00,-0.88136,0.295082
2023-01-03 22:19:00,-0.863094,0.323565
2023-01-03 22:20:00,-0.89506,0.303058
2023-01-03 22:21:00,-0.905335,0.236977
2023-01-03 22:22:00,-0.917893,0.187987
2023-01-03 22:23:00,-0.989818,0.165201
2023-01-03 22:24:00,-1.12567,0.0865879
2023-01-03 22:25:00,-1.11197,0.0991203
2023-01-03 22:26:00,-1.10855,0.120767
2023-01-03 22:27:00,-1.10969,0.0421546
2023-01-03 22:28:00,-1.09142,0.0330401
2023-01-03 22:29:00,-1.13138,0.0113931
2023-01-03 22:30:00,-1.12111,0.0159505
2023-01-03 22:31:00,-1.08572,0.0330402
2023-01-03 22:32:00,-0.993242,0.0353187
2023-01-03 22:33:00,-0.925884,0.110513
2023-01-03 22:34:00,-0.952142,0.105956
2023-01-03 22:35:00,-0.998948,0.133299
2023-01-03 22:36:00,-1.08914,0.095702
2023-01-03 22:37:00,-1.07201,0.110513
2023-01-03 22:38:00,-1.06973,0.0603833
2023-01-03 22:39:00,-1.09827,0.0683584
2023-01-03 22:40:00,-1.0937,0.112791
2023-01-03 22:41:00,-1.0389,0.125324
2023-01-03 22:42:00,-0.985245,0.123045
2023-01-03 22:43:00,-1.01493,0.134438
2023-01-03 22:44:00,-1.05488,0.141273
2023-01-03 22:45:00,-1.01378,0.149249
2023-01-03 22:46:00,-1.03205,0.157224
2023-01-03 22:47:00,-0.986383,0.141273
2023-01-03 22:48:00,-0.986384,0.160642
2023-01-03 22:49:00,-1.0252,0.133299
2023-01-03 22:50:00,-1.0115,0.143552
2023-01-03 22:51:00,-0.965837,0.161782
2023-01-03 22:52:00,-0.960126,0.189124
2023-01-03 22:53:00,-0.964687,0.195959
2023-01-03 22:54:00,-1.01949,0.199378
2023-01-03 22:55:00,-1.06287,0.187985
2023-01-03 22:56:00,-1.06173,0.16406
2023-01-03 22:57:00,-1.08114,0.165199
2023-01-03 22:58:00,-1.10169,0.140134
2023-01-03 22:59:00,-1.16219,0.118487
2023-01-03 23:00:00,-1.16905,0.0968407
2023-01-03 23:01:00,-1.1759,0.067219
2023-01-03 23:02:00,-1.18503,0.034179
2023-01-03 23:03:00,-1.21585,0.0330398
2023-01-03 23:04:00,-1.22956,0.0341792
2023-01-03 23:05:00,-1.21243,0.0364578
2023-01-03 23:06:00,-1.16791,0.0797516
2023-01-03 23:07:00,-1.16335,0.141274
2023-01-03 23:08:00,-1.17248,0.151528
2023-01-03 23:09:00,-1.23071,0.144693
2023-01-03 23:10:00,-1.22842,0.1652
2023-01-03 23:11:00,-1.2307,0.192543
2023-01-03 23:12:00,-1.20558,0.18115
2023-01-03 23:13:00,-1.17248,0.183429
2023-01-03 23:14:00,-1.217,0.175453
2023-01-03 23:15:00,-1.25924,0.14811
2023-01-03 23:16:00,-1.32432,0.0957018
2023-01-03 23:17:00,-1.35514,0.0911443
2023-01-03 23:18:00,-1.29006,0.12988
2023-01-03 23:19:00,-1.24439,0.0569649
2023-01-03 23:20:00,-1.23069,0.0319004
2023-01-03 23:21:00,-1.14279,-0.00683584
2023-01-03 23:22:00,-1.21586,-0.0353184
2023-01-03 23:23:00,-1.27636,-0.041015
2023-01-03 23:24:00,-1.26038,-0.0900049
2023-01-03 23:25:00,-1.26722,-0.107094
2023-01-03 23:26:00,-1.23525,-0.0968399
2023-01-03 23:27:00,-1.25808,-0.046711
2023-01-03 23:28:00,-1.23069,-0.0353182
2023-01-03 23:29:00,-1.18845,-0.0273431
2023-01-03 23:30:00,-1.14507,0.0227859
2023-01-03 23:31:00,-1.11652,0.0296216
2023-01-03 23:32:00,-1.09711,0.0341788
2023-01-03 23:33:00,-1.07885,0.0478504
2023-01-03 23:34:00,-1.04118,0.0569647
2023-01-03 23:35:00,-1.03319,0.100258
2023-01-03 23:36:00,-0.93957,0.0957009
2023-01-03 23:37:00,-0.908746,0.128741
2023-01-03 23:38:00,-0.891623,0.164059
2023-01-03 23:39:00,-0.897332,0.199378
2023-01-03 23:40:00,-0.935009,0.247229
2023-01-03 23:41:00,-0.911037,0.301916
2023-01-03 23:42:00,-0.904185,0.338373
2023-01-03 23:43:00,-0.893903,0.33951
2023-01-03 23:44:00,-0.935004,0.32356
2023-01-03 23:45:00,-0.94414,0.326979
2023-01-03 23:46:00,-0.957838,0.323561
2023-01-03 23:47:00,-0.973819,0.300774
2023-01-03 23:48:00,-0.992084,0.273431
2023-01-03 23:49:00,-0.995508,0.218744
2023-01-03 23:50:00,-0.997793,0.19368
2023-01-03 23:51:00,-1.06058,0.24267
2023-01-03 23:52:00,-1.08798,0.22672
2023-01-03 23:53:00,-1.09255,0.210769
2023-01-03 23:54:00,-1.10054,0.195959
2023-01-03 23:55:00,-1.08798,0.173173
2023-01-03 23:56:00,-1.09483,0.136715
2023-01-03 23:57:00,-1.13022,0.117347
2023-01-03 23:58:00,-1.1816,0.0979794
2023-01-03 23:59:00,-1.17817,0.102536
2023-01-04 00:00:00,-1.11196,0.108233
2023-01-04 00:01:00,-1.0994,0.182287
2023-01-04 00:02:00,-1.07885,0.25976
2023-01-04 00:03:00,-1.10054,0.289382
2023-01-04 00:04:00,-1.13821,0.199377
2023-01-04 00:05:00,-1.19301,0.0797506
2023-01-04 00:06:00,-1.26493,0.0501289
2023-01-04 00:07:00,-1.2558,0.0672185
2023-01-04 00:08:00,-1.25581,0.0672185
2023-01-04 00:09:00,-1.23755,0.0353184
2023-01-04 00:10:00,-1.22955,0.0330397
2023-01-04 00:11:00,-1.21128,0.0387361
2023-01-04 00:12:00,-1.22498,0.0478504
2023-01-04 00:13:00,-1.17703,0.0751934
2023-01-04 00:14:00,-1.15305,0.140133
2023-01-04 00:15:00,-1.17474,0.166337
2023-01-04 00:16:00,-1.24667,0.165197
2023-01-04 00:17:00,-1.33229,0.11279
2023-01-04 00:18:00,-1.32316,0.157222
2023-01-04 00:19:00,-1.27864,0.214188
2023-01-04 00:20:00,-1.28434,0.243809
2023-01-04 00:21:00,-1.31403,0.235834
2023-01-04 00:22:00,-1.34485,0.230137
2023-01-04 00:23:00,-1.37796,0.197098
2023-01-04 00:24:00,-1.39508,0.169755
2023-01-04 00:25:00,-1.40307,0.0888648
2023-01-04 00:26:00,-1.42362,0.059243
2023-01-04 00:27:00,-1.43503,0.0489893
2023-01-04 00:28:00,-1.43046,0.0205072
2023-01-04 00:29:00,-1.4533,-0.0535467
2023-01-04 00:30:00,-1.4613,-0.0968399
2023-01-04 00:31:00,-1.43846,-0.117347
2023-01-04 00:32:00,-1.45901,-0.142412
2023-01-04 00:33:00,-1.43275,-0.141272
2023-01-04 00:34:00,-1.47157,-0.120765
2023-01-04 00:35:00,-1.40079,-0.105954
2023-01-04 00:36:00,-1.43731,-0.091143
2023-01-04 00:37:00,-1.43046,-0.0865858
2023-01-04 00:38:00,-1.40535,-0.043293
2023-01-04 00:39:00,-1.42362,-0.0250644
2023-01-04 00:40:00,-1.42362,1.04308e-08
2023-01-04 00:41:00,-1.35055,0.0227858
2023-01-04 00:42:00,-1.3574,0.0307608
2023-01-04 00:43:00,-1.41905,0.0319001
2023-01-04 00:44:00,-1.42704,0.0341787
2023-01-04 00:45:00,-1.42476,0.0353181
2023-01-04 00:46:00,-1.4476,0.0341788
2023-01-04 00:47:00,-1.46015,0.0478503
2023-01-04 00:48:00,-1.4476,0.0603825
2023-01-04 00:49:00,-1.43846,0.100258
2023-01-04 00:50:00,-1.44189,0.152666
2023-01-04 00:51:00,-1.47157,0.169755
2023-01-04 00:52:00,-1.48299,0.17659
2023-01-04 00:53:00,-1.50353,0.173172
2023-01-04 00:54:00,-1.54349,0.170893
2023-01-04 00:55:00,-1.60742,0.140133
2023-01-04 00:56:00,-1.64053,0.0660788
2023-01-04 00:57:00,-1.70104,0.0535466
2023-01-04 00:58:00,-1.72501,0.0398751
2023-01-04 00:59:00,-1.79807,0.0341787
2023-01-04 01:00:00,-1.85401,0.0319
2023-01-04 01:01:00,-1.85629,0.0262036
2023-01-04 01:02:00,-1.81405,0.0125322
2023-01-04 01:03:00,-1.7935,4.222e-09
2023-01-04 01:04:00,-1.71815,0.00797499
2023-01-04 01:05:00,-1.69875,0.0091143
2023-01-04 01:06:00,-1.70674,0.0341786
2023-01-04 01:07:00,-1.74098,0.0592428
2023-01-04 01:08:00,-1.74555,0.0387357
2023-01-04 01:09:00,-1.74327,0.0581037
2023-01-04 01:10:00,-1.74214,0.0353181
2023-01-04 01:11:00,-1.7467,0.035318
2023-01-04 01:12:00,-1.80378,0.0262037
2023-01-04 01:13:00,-1.80264,0.0444324
2023-01-04 01:14:00,-1.75127,0.0831683
2023-01-04 01:15:00,-1.70446,0.0501288
2023-01-04 01:16:00,-1.79693,-0.00797504
2023-01-04 01:17:00,-1.81063,-0.0284823
2023-01-04 01:18:00,-1.80492,-0.0364573
2023-01-04 01:19:00,-1.7604,-0.035318
2023-01-04 01:20:00,-1.74669,-0.0444322
2023-01-04 01:21:00,-1.71587,-0.052407
2023-01-04 01:22:00,-1.6371,-0.0455714
2023-01-04 01:23:00,-1.53892,-0.0353179
2023-01-04 01:24:00,-1.53664,-0.0319002
2023-01-04 01:25:00,-1.52294,-0.0296216
2023-01-04 01:26:00,-1.55491,-0.0478502
2023-01-04 01:27:00,-1.59144,-0.0501288
2023-01-04 01:28:00,-1.58687,-0.11279
2023-01-04 01:29:00,-1.57661,-0.16178
2023-01-04 01:30:00,-1.60857,-0.180009
2023-01-04 01:31:00,-1.60628,-0.17659
2023-01-04 01:32:00,-1.60971,-0.170894
2023-01-04 01:33:00,-1.61997,-0.174311
2023-01-04 01:34:00,-1.60856,-0.172033
2023-01-04 01:35:00,-1.54577,-0.170893
2023-01-04 01:36:00,-1.51381,-0.178868
2023-01-04 01:37:00,-1.51609,-0.197097
2023-01-04 01:38:00,-1.54463,-0.178869
2023-01-04 01:39:00,-1.54806,-0.135576
2023-01-04 01:40:00,-1.5412,-0.104815
2023-01-04 01:41:00,-1.53891,-0.068357
2023-01-04 01:42:00,-1.53092,-0.0717746
2023-01-04 01:43:00,-1.50352,-0.0592425
2023-01-04 01:44:00,-1.47955,-0.0501284
2023-01-04 01:45:00,-1.48069,-0.0455714
2023-01-04 01:46:00,-1.4864,-0.0489892
2023-01-04 01:47:00,-1.46927,-0.0387356
2023-01-04 01:48:00,-1.43616,-0.0478498
2023-01-04 01:49:00,-1.40534,-0.0512678
2023-01-04 01:50:00,-1.4179,-0.0421536
2023-01-04 01:51:00,-1.39393,-0.0319
2023-01-04 01:52:00,-1.34484,-0.0113929
2023-01-04 01:53:00,-1.33342,-0.00569643
2023-01-04 01:54:00,-1.29575,0.00227856
2023-01-04 01:55:00,-1.32086,0.0307605
2023-01-04 01:56:00,-1.32543,0.0284821
2023-01-04 01:57:00,-1.39279,0.0375964
2023-01-04 01:58:00,-1.46585,0.0136714
2023-01-04 01:59:00,-1.54234,0.0239249
2023-01-04 02:00:00,-1.59485,-0.00797499
2023-01-04 02:01:00,-1.6097,-0.0330393
2023-01-04 02:02:00,-1.61312,-0.0524072
2023-01-04 02:03:00,-1.63367,-0.067218
2023-01-04 02:04:00,-1.64509,-0.113928
2023-01-04 02:05:00,-1.6645,-0.120765
2023-01-04 02:06:00,-1.66564,-0.121904
2023-01-04 02:07:00,-1.62682,-0.0774715
2023-01-04 02:08:00,-1.59143,-0.0660786
2023-01-04 02:09:00,-1.57088,-0.055825
2023-01-04 02:10:00,-1.56631,-0.0489889
2023-01-04 02:11:00,-1.52178,-0.0444317
2023-01-04 02:12:00,-1.54461,-0.0159499
2023-01-04 02:13:00,-1.58,-0.00797493
2023-01-04 02:14:00,-1.60283,0.00455709
2023-01-04 02:15:00,-1.61082,-0.0045571
2023-01-04 02:16:00,-1.6348,0.00113927
2023-01-04 02:17:00,-1.65079,0.00569639
2023-01-04 02:18:00,-1.67248,0.0569639
2023-01-04 02:19:00,-1.63937,0.0763317
2023-01-04 02:20:00,-1.62453,0.104814
2023-01-04 02:21:00,-1.62454,0.092282
2023-01-04 02:22:00,-1.67248,0.0603819
2023-01-04 02:23:00,-1.68617,0.0364568
2023-01-04 02:24:00,-1.71472,0.0398747
2023-01-04 02:25:00,-1.72956,0.0307606
2023-01-04 02:26:00,-1.6976,0.0205071
2023-01-04 02:27:00,-1.68276,0.00683569
2023-01-04 02:28:00,-1.68618,0.0170892
2023-01-04 02:29:00,-1.67933,0.0489892
2023-01-04 02:30:00,-1.65422,0.0615212
2023-01-04 02:31:00,-1.6348,0.0683566
2023-01-04 02:32:00,-1.68047,0.0683567
2023-01-04 02:33:00,-1.74784,0.0660786
2023-01-04 02:34:00,-1.74098,0.0740535
2023-01-04 02:35:00,-1.73642,0.105953
2023-01-04 02:36:00,-1.75468,0.104814
2023-01-04 02:37:00,-1.80148,0.125321
2023-01-04 02:38:00,-1.78208,0.134435
2023-01-04 02:39:00,-1.81633,0.141271
2023-01-04 02:40:00,-1.8814,0.120764
2023-01-04 02:41:00,-1.88368,0.134435
2023-01-04 02:42:00,-1.86199,0.121903
2023-01-04 02:43:00,-1.86884,0.117346
2023-01-04 02:44:00,-1.94532,0.0831672
2023-01-04 02:45:00,-2.01382,0.0694958
2023-01-04 02:46:00,-2.06976,0.0672173
2023-01-04 02:47:00,-2.09829,0.0615208
2023-01-04 02:48:00,-2.09943,0.0170891
2023-01-04 02:49:00,-2.11884,-0.025064
2023-01-04 02:50:00,-2.13481,-0.063799
2023-01-04 02:51:00,-2.17934,-0.0717739
2023-01-04 02:52:00,-2.19647,-0.0763314
2023-01-04 02:53:00,-2.16223,-0.0774707
2023-01-04 02:54:00,-2.1314,-0.0694956
2023-01-04 02:55:00,-2.11542,-0.0512674
2023-01-04 02:56:00,-2.10286,-0.0307605
2023-01-04 02:57:00,-2.10857,0.0284818
2023-01-04 02:58:00,-2.10514,0.0364567
2023-01-04 02:59:00,-2.06176,0.0432924
2023-01-04 03:00:00,-2.0161,0.0364568
2023-01-04 03:01:00,-1.99898,0.0478496
2023-01-04 03:02:00,-1.93276,0.0683564
2023-01-04 03:03:00,-1.89509,0.0683565
2023-01-04 03:04:00,-1.9065,0.0865849
2023-01-04 03:05:00,-1.9065,0.142409
2023-01-04 03:06:00,-1.93847,0.180005
2023-01-04 03:07:00,-1.9339,0.207347
2023-01-04 03:08:00,-1.91677,0.191397
2023-01-04 03:09:00,-1.94075,0.21988
2023-01-04 03:10:00,-1.94532,0.200512
2023-01-04 03:11:00,-1.94875,0.174309
2023-01-04 03:12:00,-1.95217,0.240387
2023-01-04 03:13:00,-1.95674,0.225577
2023-01-04 03:14:00,-2.00354,0.121902
2023-01-04 03:15:00,-2.02753,0.141271
2023-01-04 03:16:00,-2.01269,0.162918
2023-01-04 03:17:00,-1.983,0.149246
2023-01-04 03:18:00,-1.95218,0.217603
2023-01-04 03:19:00,-1.95104,0.191399
2023-01-04 03:20:00,-1.95446,0.143549
2023-01-04 03:21:00,-1.95103,0.132156
2023-01-04 03:22:00,-1.93618,0.0979774
2023-01-04 03:23:00,-1.9259,0.0729131
2023-01-04 03:24:00,-1.94303,0.0660778
2023-01-04 03:25:00,-1.95331,0.066078
2023-01-04 03:26:00,-1.92363,0.0683564
2023-01-04 03:27:00,-1.89509,0.0729136
2023-01-04 03:28:00,-1.86541,0.0991172
2023-01-04 03:29:00,-1.82773,0.115067
2023-01-04 03:30:00,-1.87225,0.0808885
2023-01-04 03:31:00,-1.99784,-0.0501282
2023-01-04 03:32:00,-2.09258,0.00341779
2023-01-04 03:33:00,-2.10056,0.0250638
2023-01-04 03:34:00,-2.11541,-0.0262033
2023-01-04 03:35:00,-2.13026,-0.00911419
2023-01-04 03:36:00,-2.12684,-0.00797496
2023-01-04 03:37:00,-2.11884,0.00683563
2023-01-04 03:38:00,-2.10857,0.0102535
2023-01-04 03:39:00,-2.10516,-0.00113927
2023-01-04 03:40:00,-2.08917,0.0318998
2023-01-04 03:41:00,-2.0846,0.0364569
2023-01-04 03:42:00,-2.09145,0.0227856
2023-01-04 03:43:00,-2.08688,-0.00341783
2023-01-04 03:44:00,-2.07547,0.0113928
2023-01-04 03:45:00,-2.06863,0.00683571
2023-01-04 03:46:00,-2.06748,0.0102535
2023-01-04 03:47:00,-2.05149,0.0159498
2023-01-04 03:48:00,-2.02067,0.0375961
2023-01-04 03:49:00,-1.95903,0.0649389
2023-01-04 03:50:00,-1.88254,0.0694962
2023-01-04 03:51:00,-1.82432,0.0877249
2023-01-04 03:52:00,-1.85856,0.115067
2023-01-04 03:53:00,-1.87111,0.129877
2023-01-04 03:54:00,-1.87453,0.145826
2023-01-04 03:55:00,-1.90077,0.158357
2023-01-04 03:56:00,-1.9647,0.132154
2023-01-04 03:57:00,-1.95786,0.101395
2023-01-04 03:58:00,-1.975,0.0729135
2023-01-04 03:59:00,-1.98528,0.104814
2023-01-04 04:00:00,-1.95103,0.120763
2023-01-04 04:01:00,-1.93162,0.145827
2023-01-04 04:02:00,-1.8985,0.20279
2023-01-04 04:03:00,-1.86197,0.198232
2023-01-04 04:04:00,-1.87679,0.177724
2023-01-04 04:05:00,-1.89164,0.20051
2023-01-04 04:06:00,-1.88252,0.213043
2023-01-04 04:07:00,-1.84599,0.21988
2023-01-04 04:08:00,-1.79805,0.230134
2023-01-04 04:09:00,-1.74897,0.228995
2023-01-04 04:10:00,-1.75924,0.234691
2023-01-04 04:11:00,-1.7775,0.267729
2023-01-04 04:12:00,-1.79234,0.268868
2023-01-04 04:13:00,-1.79234,0.283679
2023-01-04 04:14:00,-1.76152,0.292793
2023-01-04 04:15:00,-1.74668,0.316718
2023-01-04 04:16:00,-1.74441,0.340645
2023-01-04 04:17:00,-1.72613,0.341783
2023-01-04 04:18:00,-1.72841,0.340643
2023-01-04 04:19:00,-1.717,0.318997
2023-01-04 04:20:00,-1.75009,0.299628
2023-01-04 04:21:00,-1.79234,0.28254
2023-01-04 04:22:00,-1.83115,0.266589
2023-01-04 04:23:00,-1.88138,0.238108
2023-01-04 04:24:00,-1.89737,0.223298
2023-01-04 04:25:00,-1.93962,0.197095
2023-01-04 04:26:00,-1.98871,0.15836
2023-01-04 04:27:00,-2.0161,0.14127
2023-01-04 04:28:00,-2.01267,0.129877
2023-01-04 04:29:00,-1.98984,0.132156
2023-01-04 04:30:00,-1.98413,0.133295
2023-01-04 04:31:00,-1.96815,0.120763
2023-01-04 04:32:00,-1.93161,0.132155
2023-01-04 04:33:00,-1.90079,0.148105
2023-01-04 04:34:00,-1.88709,0.18798
2023-01-04 04:35:00,-1.88937,0.205068
2023-01-04 04:36:00,-1.88138,0.210765
2023-01-04 04:37:00,-1.85627,0.208487
2023-01-04 04:38:00,-1.82431,0.211905
2023-01-04 04:39:00,-1.80833,0.249501
2023-01-04 04:40:00,-1.79576,0.268868
2023-01-04 04:41:00,-1.77292,0.270007
2023-01-04 04:42:00,-1.75123,0.272285
2023-01-04 04:43:00,-1.73981,0.273423
2023-01-04 04:44:00,-1.71584,0.274564
2023-01-04 04:45:00,-1.73982,0.28026
2023-01-04 04:46:00,-1.73868,0.277981
2023-01-04 04:47:00,-1.71699,0.287096
2023-01-04 04:48:00,-1.709,0.32811
2023-01-04 04:49:00,-1.73753,0.34178
2023-01-04 04:50:00,-1.76151,0.330387
2023-01-04 04:51:00,-1.77862,0.331526
2023-01-04 04:52:00,-1.77633,0.311018
2023-01-04 04:53:00,-1.75692,0.29051
2023-01-04 04:54:00,-1.70555,0.298485
2023-01-04 04:55:00,-1.66219,0.328109
2023-01-04 04:56:00,-1.67018,0.337223
2023-01-04 04:57:00,-1.70899,0.334944
2023-01-04 04:58:00,-1.68844,0.316715
2023-01-04 04:59:00,-1.70328,0.330387
2023-01-04 05:00:00,-1.7421,0.338363
2023-01-04 05:01:00,-1.71129,0.3452
2023-01-04 05:02:00,-1.69758,0.34292
2023-01-04 05:03:00,-1.69301,0.333806
2023-01-04 05:04:00,-1.71584,0.284816
2023-01-04 05:05:00,-1.73067,0.267726
2023-01-04 05:06:00,-1.75122,0.279118
2023-01-04 05:07:00,-1.77406,0.271145
2023-01-04 05:08:00,-1.7889,0.291652
2023-01-04 05:09:00,-1.81402,0.259753
2023-01-04 05:10:00,-1.8437,0.272285
2023-01-04 05:11:00,-1.84485,0.347477
2023-01-04 05:12:00,-1.83228,0.339501
2023-01-04 05:13:00,-1.80374,0.339501
2023-01-04 05:14:00,-1.80489,0.34178
2023-01-04 05:15:00,-1.85398,0.34178
2023-01-04 05:16:00,-1.87794,0.318993
2023-01-04 05:17:00,-1.88936,0.274562
2023-01-04 05:18:00,-1.88707,0.270005
2023-01-04 05:19:00,-1.96698,0.254055
2023-01-04 05:20:00,-2.01607,0.240383
2023-01-04 05:21:00,-2.01607,0.223295
2023-01-04 05:22:00,-2.02292,0.217598
2023-01-04 05:23:00,-2.02407,0.258613
2023-01-04 05:24:00,-2.04347,0.241523
2023-01-04 05:25:00,-2.07888,0.208486
2023-01-04 05:26:00,-2.0823,0.208486
2023-01-04 05:27:00,-2.08801,0.117344
2023-01-04 05:28:00,-2.08914,0.167471
2023-01-04 05:29:00,-2.10056,0.103673
2023-01-04 05:30:00,-2.13823,0.17089
2023-01-04 05:31:00,-2.09828,0.234689
2023-01-04 05:32:00,-2.05946,0.192535
2023-01-04 05:33:00,-2.05489,0.132154
2023-01-04 05:34:00,-2.04347,0.109369
2023-01-04 05:35:00,-2.01493,0.0888621
2023-01-04 05:36:00,-1.96697,0.110508
2023-01-04 05:37:00,-1.90304,0.160634
2023-01-04 05:38:00,-1.8608,0.19823
2023-01-04 05:39:00,-1.84483,0.209623
2023-01-04 05:40:00,-1.84939,0.247218
2023-01-04 05:41:00,-1.85053,0.272281
2023-01-04 05:42:00,-1.83341,0.280257
2023-01-04 05:43:00,-1.81058,0.255194
2023-01-04 05:44:00,-1.79232,0.255194
2023-01-04 05:45:00,-1.80945,0.249498
2023-01-04 05:46:00,-1.78205,0.230131
2023-01-04 05:47:00,-1.74551,0.21532
2023-01-04 05:48:00,-1.72382,0.239245
2023-01-04 05:49:00,-1.75807,0.274562
2023-01-04 05:50:00,-1.79346,0.26089
2023-01-04 05:51:00,-1.82885,0.262029
2023-01-04 05:52:00,-1.83684,0.267726
2023-01-04 05:53:00,-1.80032,0.257474
2023-01-04 05:54:00,-1.77749,0.266588
2023-01-04 05:55:00,-1.75466,0.279121
2023-01-04 05:56:00,-1.73981,0.284817
2023-01-04 05:57:00,-1.73183,0.276842
2023-01-04 05:58:00,-1.73296,0.281399
2023-01-04 05:59:00,-1.75237,0.274562
2023-01-04 06:00:00,-1.73638,0.299626
2023-01-04 06:01:00,-1.72953,0.305323
2023-01-04 06:02:00,-1.77178,0.27912
2023-01-04 06:03:00,-1.81402,0.272285
2023-01-04 06:04:00,-1.82201,0.267727
2023-01-04 06:05:00,-1.84255,0.23127
2023-01-04 06:06:00,-1.85396,0.211902
2023-01-04 06:07:00,-1.86766,0.23013
2023-01-04 06:08:00,-1.93616,0.178863
2023-01-04 06:09:00,-1.97269,0.208485
2023-01-04 06:10:00,-1.98182,0.206206
2023-01-04 06:11:00,-1.98867,0.170889
2023-01-04 06:12:00,-1.99325,0.1857
2023-01-04 06:13:00,-1.99211,0.185701
2023-01-04 06:14:00,-1.98413,0.152662
2023-01-04 06:15:00,-1.9613,0.199373
2023-01-04 06:16:00,-1.90878,0.262033
2023-01-04 06:17:00,-1.83459,0.262034
2023-01-04 06:18:00,-1.74782,0.270008
2023-01-04 06:19:00,-1.70444,0.18912
2023-01-04 06:20:00,-1.6211,0.202791
2023-01-04 06:21:00,-1.48412,0.257478
2023-01-04 06:22:00,-1.39735,0.272288
2023-01-04 06:23:00,-1.25692,0.275705
2023-01-04 06:24:00,-1.09824,0.296212
2023-01-04 06:25:00,-0.913293,0.340643
2023-01-04 06:26:00,-0.705516,0.405579
2023-01-04 06:27:00,-0.439521,0.463682
2023-01-04 06:28:00,-0.140418,0.592419
2023-01-04 06:29:00,0.124435,0.649382
2023-01-04 06:30:00,0.401847,0.657356
2023-01-04 06:31:00,0.68725,0.690396
2023-01-04 06:32:00,1.00462,0.701792
2023-01-04 06:33:00,1.33341,0.741669
2023-01-04 06:34:00,1.71357,0.77243
2023-01-04 06:35:00,2.09601,0.804328
2023-01-04 06:36:00,2.48073,0.863568
2023-01-04 06:37:00,2.87344,0.928503
2023-01-04 06:38:00,3.3141,1.01737
2023-01-04 06:39:00,3.73765,1.07205
2023-01-04 06:40:00,4.25365,1.12218
2023-01-04 06:41:00,4.93517,1.16889
2023-01-04 06:42:00,5.7149,1.21218
2023-01-04 06:43:00,6.58138,1.30446
2023-01-04 06:44:00,7.48668,1.41725
2023-01-04 06:45:00,8.36,1.52434
2023-01-04 06:46:00,9.22542,1.64853
2023-01-04 06:47:00,10.2358,1.76474
2023-01-04 06:48:00,11.3488,1.88549
2023-01-04 06:49:00,12.5258,2.05867
2023-01-04 06:50:00,13.7359,2.21475
2023-01-04 06:51:00,14.9174,2.35714
2023-01-04 06:52:00,16.0967,2.51436
2023-01-04 06:53:00,17.3456,2.65904
2023-01-04 06:54:00,18.6698,2.82765
2023-01-04 06:55:00,20.0089,2.99398
2023-01-04 06:56:00,21.3423,3.18195
2023-01-04 06:57:00,23.4256,3.5579
2023-01-04 06:58:00,25.629,3.83816
2023-01-04 06:59:00,26.903,3.95778
2023-01-04 07:00:00,28.4133,4.04209
2023-01-04 07:01:00,30.5881,4.19703
2023-01-04 07:02:00,32.2412,4.39982
2023-01-04 07:03:00,33.0586,4.70287
2023-01-04 07:04:00,34.165,5.23379
2023-01-04 07:05:00,37.0295,6.49499
2023-01-04 07:06:00,42.1794,7.8496
2023-01-04 07:07:00,48.4181,8.49553
2023-01-04 07:08:00,53.4493,8.84986
2023-01-04 07:09:00,59.4634,9.21217
2023-01-04 07:10:00,63.7591,9.61429
2023-01-04 07:11:00,66.8711,10.0791
2023-01-04 07:12:00,70.0194,10.6852
2023-01-04 07:13:00,73.1311,11.5134
2023-01-04 07:14:00,76.111,12.4977
2023-01-04 07:15:00,79.0214,13.4593
2023-01-04 07:16:00,81.821,14.258
2023-01-04 07:17:00,84.8622,14.9587
2023-01-04 07:18:00,87.8089,15.6035
2023-01-04 07:19:00,91.0383,16.3019
2023-01-04 07:20:00,94.4635,16.9855
2023-01-04 07:21:00,98.0702,17.7409
2023-01-04 07:22:00,101.659,18.4939
2023-01-04 07:23:00,105.356,19.1797
2023-01-04 07:24:00,108.744,19.8074
2023-01-04 07:25:00,112.192,20.4328
2023-01-04 07:26:00,115.569,21.0252
2023-01-04 07:27:00,118.906,21.5731
2023-01-04 07:28:00,122.594,22.1883
2023-01-04 07:29:00,125.986,22.7375
2023-01-04 07:30:00,129.338,23.1715
2023-01-04 07:31:00,132.942,23.7435
2023-01-04 07:32:00,136.425,24.279
2023-01-04 07:33:00,139.712,24.754
2023-01-04 07:34:00,142.861,25.1813
2023-01-04 07:35:00,146.3,25.6221
2023-01-04 07:36:00,150.458,26.2899
2023-01-04 07:37:00,154.034,26.7604
2023-01-04 07:38:00,157.771,27.2194
2023-01-04 07:39:00,161.027,27.5531
2023-01-04 07:40:00,164.443,27.9496
2023-01-04 07:41:00,167.928,28.3608
2023-01-04 07:42:00,171.947,28.8643
2023-01-04 07:43:00,175.612,29.3108
2023-01-04 07:44:00,179.416,29.7085
2023-01-04 07:45:00,183.463,30.2373
2023-01-04 07:46:00,187.329,30.7045
2023-01-04 07:47:00,190.411,30.9883
2023-01-04 07:48:00,193.755,31.3813
2023-01-04 07:49:00,197.076,31.7481
2023-01-04 07:50:00,201.677,32.3006
2023-01-04 07:51:00,205.501,32.7528
2023-01-04 07:52:00,208.814,33.1161
2023-01-04 07:53:00,212.39,33.3919
2023-01-04 07:54:00,216.046,33.7348
2023-01-04 07:55:00,219.956,34.1519
2023-01-04 07:56:00,224.056,34.5381
2023-01-04 07:57:00,229.723,35.2742
2023-01-04 07:58:00,233.353,35.7117
2023-01-04 07:59:00,236.64,35.9865
2023-01-04 08:00:00,240.092,36.3383
2023-01-04 08:01:00,243.499,36.6904
2023-01-04 08:02:00,246.784,36.8749
2023-01-04 08:03:00,250.594,37.3079
2023-01-04 08:04:00,253.691,37.6086
2023-01-04 08:05:00,256.664,37.9194
2023-01-04 08:06:00,261.134,38.4606
2023-01-04 08:07:00,264.741,38.8375
2023-01-04 08:08:00,269.872,39.3147
2023-01-04 08:09:00,273.897,39.6462
2023-01-04 08:10:00,276.418,39.9458
2023-01-04 08:11:00,279.479,40.2126
2023-01-04 08:12:00,283.703,40.4408
2023-01-04 08:13:00,286.472,40.6311
2023-01-04 08:14:00,289.987,41.0675
2023-01-04 08:15:00,293.227,41.432
2023-01-04 08:16:00,296.078,41.3942
2023-01-04 08:17:00,299.893,41.598
2023-01-04 08:18:00,303.851,41.9728
2023-01-04 08:19:00,307.173,42.2818
2023-01-04 08:20:00,310.36,42.5518
2023-01-04 08:21:00,313.415,42.8707
2023-01-04 08:22:00,317.716,43.3979
2023-01-04 08:23:00,320.764,43.5735
2023-01-04 08:24:00,325.633,43.9676
2023-01-04 08:25:00,329.767,44.7377
2023-01-04 08:26:00,334.534,45.8006
2023-01-04 08:27:00,338.255,46.0943
2023-01-04 08:28:00,341.96,45.9165
2023-01-04 08:29:00,346.125,45.9337
2023-01-04 08:30:00,350.227,46.2481
2023-01-04 08:31:00,354.007,46.3995
2023-01-04 08:32:00,356.76,46.658
2023-01-04 08:33:00,360.827,47.0876
2023-01-04 08:34:00,364.768,47.508
2023-01-04 08:35:00,369.949,48.0778
2023-01-04 08:36:00,374.934,48.5882
2023-01-04 08:37:00,380.811,49.209
2023-01-04 08:38:00,386.078,49.5633
2023-01-04 08:39:00,390.938,50.1309
2023-01-04 08:40:00,393.024,50.0744
2023-01-04 08:41:00,396.086,50.2724
2023-01-04 08:42:00,399.685,50.6416
2023-01-04 08:43:00,402.585,51.4195
2023-01-04 08:44:00,406.326,53.7685
2023-01-04 08:45:00,410.508,56.5697
2023-01-04 08:46:00,414.813,55.5989
2023-01-04 08:47:00,419.216,56.0262
2023-01-04 08:48:00,422.307,56.8851
2023-01-04 08:49:00,424.473,54.7899
2023-01-04 08:50:00,428.013,53.3853
2023-01-04 08:51:00,431.04,53.3638
2023-01-04 08:52:00,433.798,53.0539
2023-01-04 08:53:00,437.898,52.9148
2023-01-04 08:54:00,443.357,53.5234
2023-01-04 08:55:00,445.625,53.7375
2023-01-04 08:56:00,448.414,54.1741
2023-01-04 08:57:00,452.682,54.714
2023-01-04 08:58:00,456.56,54.904
2023-01-04 08:59:00,461.077,55.1739
2023-01-04 09:00:00,464.648,55.535
2023-01-04 09:01:00,467.818,55.805
2023-01-04 09:02:00,471.498,55.8976
2023-01-04 09:03:00,475.253,55.9305
2023-01-04 09:04:00,477.309,55.8918
2023-01-04 09:05:00,478.4,56.0729
2023-01-04 09:06:00,481.851,56.2895
2023-01-04 09:07:00,486.112,55.9591
2023-01-04 09:08:00,489.847,56.3246
2023-01-04 09:09:00,490.693,56.4214
2023-01-04 09:10:00,494.963,57.2598
2023-01-04 09:11:00,502.459,57.6824
2023-01-04 09:12:00,507.122,58.0924
2023-01-04 09:13:00,509.596,58.0925
2023-01-04 09:14:00,511.91,58.0949
2023-01-04 09:15:00,514.911,58.6496
2023-01-04 09:16:00,518.87,58.8478
2023-01-04 09:17:00,524.599,59.5026
2023-01-04 09:18:00,530.33,60.5076
2023-01-04 09:19:00,533.543,60.872
2023-01-04 09:20:00,536.665,61.0132
2023-01-04 09:21:00,541.065,61.6389
2023-01-04 09:22:00,544.214,62.0957
2023-01-04 09:23:00,547.931,63.1916
2023-01-04 09:24:00,552.054,65.3086
2023-01-04 09:25:00,555.069,66.3373
2023-01-04 09:26:00,558.976,68.1109
2023-01-04 09:27:00,563.271,72.3464
2023-01-04 09:28:00,567.521,75.2176
2023-01-04 09:29:00,569.146,77.2147
2023-01-04 09:30:00,571.338,81.4652
2023-01-04 09:31:00,572.878,80.7961
2023-01-04 09:32:00,576.308,80.6009
2023-01-04 09:33:00,580.003,81.0669
2023-01-04 09:34:00,582.972,81.5814
2023-01-04 09:35:00,585.0,81.1463
2023-01-04 09:36:00,587.716,80.8059
2023-01-04 09:37:00,591.606,81.5761
2023-01-04 09:38:00,594.143,79.4938
2023-01-04 09:39:00,598.205,73.6414
2023-01-04 09:40:00,602.047,69.0808
2023-01-04 09:41:00,604.728,67.7623
2023-01-04 09:42:00,607.516,67.3248
2023-01-04 09:43:00,610.729,66.9684
2023-01-04 09:44:00,613.739,66.7326
2023-01-04 09:45:00,616.92,66.4559
2023-01-04 09:46:00,620.054,66.0047
2023-01-04 09:47:00,622.356,65.2311
2023-01-04 09:48:00,624.842,65.8952
2023-01-04 09:49:00,627.568,65.1603
2023-01-04 09:50:00,631.09,65.5691
2023-01-04 09:51:00,634.791,65.9527
2023-01-04 09:52:00,637.641,65.8158
2023-01-04 09:53:00,640.332,67.4153
2023-01-04 09:54:00,643.455,67.9769
2023-01-04 09:55:00,647.348,68.281
2023-01-04 09:56:00,652.468,68.1202
2023-01-04 09:57:00,655.51,68.7161
2023-01-04 09:58:00,657.196,69.3381
2023-01-04 09:59:00,659.285,69.2686
2023-01-04 10:00:00,661.878,69.224
2023-01-04 10:01:00,663.511,69.9795
2023-01-04 10:02:00,664.147,70.0387
2023-01-04 10:03:00,664.848,69.7792
2023-01-04 10:04:00,667.172,70.0789
2023-01-04 10:05:00,670.456,70.5005
2023-01-04 10:06:00,673.279,70.6029
2023-01-04 10:07:00,676.463,70.8491
2023-01-04 10:08:00,680.363,71.7218
2023-01-04 10:09:00,683.19,71.5279
2023-01-04 10:10:00,685.57,71.7442
2023-01-04 10:11:00,688.093,72.186
2023-01-04 10:12:00,691.05,72.3705
2023-01-04 10:13:00,693.861,72.9435
2023-01-04 10:14:00,696.978,73.1099
2023-01-04 10:15:00,699.477,73.1052
2023-01-04 10:16:00,701.368,73.423
2023-01-04 10:17:00,702.862,73.6166
2023-01-04 10:18:00,704.87,74.2955
2023-01-04 10:19:00,707.048,73.776
2023-01-04 10:20:00,709.309,73.4684
2023-01-04 10:21:00,711.618,74.2202
2023-01-04 10:22:00,714.179,74.7966
2023-01-04 10:23:00,716.754,75.003
2023-01-04 10:24:00,718.662,75.1307
2023-01-04 10:25:00,719.837,75.6752
2023-01-04 10:26:00,721.002,75.8668
2023-01-04 10:27:00,722.639,76.3235
2023-01-04 10:28:00,724.974,76.3405
2023-01-04 10:29:00,729.748,76.6299
2023-01-04 10:30:00,733.248,78.3721
2023-01-04 10:31:00,735.838,79.3133
2023-01-04 10:32:00,738.709,79.8988
2023-01-04 10:33:00,741.19,80.7974
2023-01-04 10:34:00,743.99,82.9973
2023-01-04 10:35:00,745.998,83.5498
2023-01-04 10:36:00,747.094,83.151
2023-01-04 10:37:00,748.559,81.4626
2023-01-04 10:38:00,749.901,79.2948
2023-01-04 10:39:00,752.295,79.445
2023-01-04 10:40:00,755.019,79.994
2023-01-04 10:41:00,757.439,79.757
2023-01-04 10:42:00,760.404,80.2149
2023-01-04 10:43:00,763.537,80.3014
2023-01-04 10:44:00,765.192,79.7102
2023-01-04 10:45:00,765.026,79.8255
2023-01-04 10:46:00,765.507,80.3143
2023-01-04 10:47:00,767.503,81.1779
2023-01-04 10:48:00,769.61,84.3576
2023-01-04 10:49:00,772.989,89.1878
2023-01-04 10:50:00,775.442,91.5597
2023-01-04 10:51:00,776.821,87.765
2023-01-04 10:52:00,778.531,91.1919
2023-01-04 10:53:00,778.134,95.596
2023-01-04 10:54:00,780.268,97.0233
2023-01-04 10:55:00,781.784,96.5515
2023-01-04 10:56:00,784.029,93.6134
2023-01-04 10:57:00,787.874,92.3521
2023-01-04 10:58:00,791.273,92.8772
2023-01-04 10:59:00,792.128,93.824
2023-01-04 11:00:00,792.099,93.7944
2023-01-04 11:01:00,792.936,92.12
2023-01-04 11:02:00,794.658,93.2546
2023-01-04 11:03:00,798.036,98.4334
2023-01-04 11:04:00,798.119,100.004
2023-01-04 11:05:00,796.829,99.1973
2023-01-04 11:06:00,795.873,98.4058
2023-01-04 11:07:00,797.346,98.594
2023-01-04 11:08:00,800.053,98.802
2023-01-04 11:09:00,804.188,98.7301
2023-01-04 11:10:00,806.83,98.7094
2023-01-04 11:11:00,808.503,98.8855
2023-01-04 11:12:00,810.085,99.2477
2023-01-04 11:13:00,810.437,99.3559
2023-01-04 11:14:00,810.76,99.1339
2023-01-04 11:15:00,811.532,98.9883
2023-01-04 11:16:00,812.804,99.5889
2023-01-04 11:17:00,812.888,99.4236
2023-01-04 11:18:00,814.149,99.8507
2023-01-04 11:19:00,815.374,99.3687
2023-01-04 11:20:00,817.518,100.209
2023-01-04 11:21:00,819.46,101.021
2023-01-04 11:22:00,821.055,101.137
2023-01-04 11:23:00,821.045,101.722
2023-01-04 11:24:00,821.164,101.853
2023-01-04 11:25:00,821.934,101.673
2023-01-04 11:26:00,823.29,99.504
2023-01-04 11:27:00,825.057,99.2135
2023-01-04 11:28:00,828.0,99.2332
2023-01-04 11:29:00,829.701,92.4275
2023-01-04 11:30:00,828.549,87.7315
2023-01-04 11:31:00,827.513,87.0534
2023-01-04 11:32:00,826.353,86.9869
2023-01-04 11:33:00,827.723,87.7377
2023-01-04 11:34:00,830.133,88.2983
2023-01-04 11:35:00,833.619,87.2392
2023-01-04 11:36:00,836.059,86.4737
2023-01-04 11:37:00,836.461,85.6762
2023-01-04 11:38:00,834.854,84.7648
2023-01-04 11:39:00,834.329,84.603
2023-01-04 11:40:00,833.674,84.2373
2023-01-04 11:41:00,832.869,83.6013
2023-01-04 11:42:00,833.138,83.459
2023-01-04 11:43:00,836.031,83.925
2023-01-04 11:44:00,838.122,84.2542
2023-01-04 11:45:00,839.738,84.4866
2023-01-04 11:46:00,839.706,84.0626
2023-01-04 11:47:00,838.594,84.1288
2023-01-04 11:48:00,838.914,84.5071
2023-01-04 11:49:00,840.642,84.1916
2023-01-04 11:50:00,841.218,84.4696
2023-01-04 11:51:00,841.29,85.0324
2023-01-04 11:52:00,841.007,84.9615
2023-01-04 11:53:00,841.359,85.7821
2023-01-04 11:54:00,841.195,85.9131
2023-01-04 11:55:00,840.244,85.4597
2023-01-04 11:56:00,839.73,86.125
2023-01-04 11:57:00,840.857,86.1727
2023-01-04 11:58:00,842.989,85.9401
2023-01-04 11:59:00,844.407,86.0487
2023-01-04 12:00:00,845.06,86.7893
2023-01-04 12:01:00,845.126,86.3267
2023-01-04 12:02:00,843.969,85.6659
2023-01-04 12:03:00,843.452,85.9493
2023-01-04 12:04:00,842.828,86.1415
2023-01-04 12:05:00,841.048,85.9635
2023-01-04 12:06:00,841.392,85.8643
2023-01-04 12:07:00,844.513,86.206
2023-01-04 12:08:00,846.798,86.3224
2023-01-04 12:09:00,847.978,86.0746
2023-01-04 12:10:00,844.03,85.5586
2023-01-04 12:11:00,843.511,86.0143
2023-01-04 12:12:00,843.065,85.5815
2023-01-04 12:13:00,841.819,85.9402
2023-01-04 12:14:00,843.925,87.2503
2023-01-04 12:15:00,844.118,86.9484
2023-01-04 12:16:00,842.527,87.0126
2023-01-04 12:17:00,841.565,86.9904
2023-01-04 12:18:00,841.719,87.0039
2023-01-04 12:19:00,842.165,86.801
2023-01-04 12:20:00,841.611,87.0518
2023-01-04 12:21:00,841.27,87.3423
2023-01-04 12:22:00,841.11,87.3878
2023-01-04 12:23:00,840.41,87.973
2023-01-04 12:24:00,841.678,88.9914
2023-01-04 12:25:00,841.585,89.3031
2023-01-04 12:26:00,842.394,89.1332
2023-01-04 12:27:00,842.56,89.7858
2023-01-04 12:28:00,841.245,92.504
2023-01-04 12:29:00,839.5,97.1613
2023-01-04 12:30:00,837.851,103.181
2023-01-04 12:31:00,837.762,103.3
2023-01-04 12:32:00,837.128,101.25
2023-01-04 12:33:00,836.373,103.672
2023-01-04 12:34:00,836.012,99.352
2023-01-04 12:35:00,836.627,95.3738
2023-01-04 12:36:00,835.603,97.2863
2023-01-04 12:37:00,834.5,97.7161
2023-01-04 12:38:00,834.549,93.4945
2023-01-04 12:39:00,832.753,90.1168
2023-01-04 12:40:00,831.32,89.1165
2023-01-04 12:41:00,829.824,88.1014
2023-01-04 12:42:00,829.506,87.7423
2023-01-04 12:43:00,829.138,88.3004
2023-01-04 12:44:00,827.14,89.3724
2023-01-04 12:45:00,828.406,91.0068
2023-01-04 12:46:00,827.525,92.8261
2023-01-04 12:47:00,828.535,92.5458
2023-01-04 12:48:00,827.945,91.9023
2023-01-04 12:49:00,824.769,95.2266
2023-01-04 12:50:00,823.013,100.335
2023-01-04 12:51:00,822.448,102.797
2023-01-04 12:52:00,822.689,102.58
2023-01-04 12:53:00,824.14,98.5789
2023-01-04 12:54:00,821.433,92.2232
2023-01-04 12:55:00,821.451,91.9649
2023-01-04 12:56:00,822.302,99.0527
2023-01-04 12:57:00,820.71,103.079
2023-01-04 12:58:00,814.983,102.818
2023-01-04 12:59:00,814.355,102.554
2023-01-04 13:00:00,812.737,102.716
2023-01-04 13:01:00,811.57,102.308
2023-01-04 13:02:00,810.232,101.268
2023-01-04 13:03:00,812.37,100.577
2023-01-04 13:04:00,812.745,99.6388
2023-01-04 13:05:00,813.248,99.4246
2023-01-04 13:06:00,813.27,99.3675
2023-01-04 13:07:00,811.066,99.632
2023-01-04 13:08:00,808.909,102.022
2023-01-04 13:09:00,808.221,103.161
2023-01-04 13:10:00,801.829,101.909
2023-01-04 13:11:00,799.089,100.675
2023-01-04 13:12:00,804.298,101.632
2023-01-04 13:13:00,802.878,101.221
2023-01-04 13:14:00,799.845,101.231
2023-01-04 13:15:00,798.797,100.649
2023-01-04 13:16:00,798.339,100.221
2023-01-04 13:17:00,797.457,100.327
2023-01-04 13:18:00,794.238,99.6459
2023-01-04 13:19:00,791.215,99.4928
2023-01-04 13:20:00,789.463,99.8677
2023-01-04 13:21:00,789.58,100.031
2023-01-04 13:22:00,788.551,99.9608
2023-01-04 13:23:00,785.826,100.267
2023-01-04 13:24:00,784.826,100.552
2023-01-04 13:25:00,782.834,100.756
2023-01-04 13:26:00,784.495,100.974
2023-01-04 13:27:00,785.714,100.307
2023-01-04 13:28:00,783.765,98.3579
2023-01-04 13:29:00,781.99,97.0548
2023-01-04 13:30:00,778.711,93.0995
2023-01-04 13:31:00,775.795,92.055
2023-01-04 13:32:00,771.618,92.93
2023-01-04 13:33:00,772.868,91.0054
2023-01-04 13:34:00,772.867,86.9059
2023-01-04 13:35:00,769.817,84.9033
2023-01-04 13:36:00,766.297,84.2203
2023-01-04 13:37:00,765.306,85.1918
2023-01-04 13:38:00,765.043,86.1897
2023-01-04 13:39:00,771.092,85.9345
2023-01-04 13:40:00,765.451,84.2269
2023-01-04 13:41:00,760.672,83.7245
2023-01-04 13:42:00,758.575,85.0353
2023-01-04 13:43:00,758.021,87.2988
2023-01-04 13:44:00,756.175,87.1749
2023-01-04 13:45:00,757.135,85.379
2023-01-04 13:46:00,755.849,84.6341
2023-01-04 13:47:00,752.904,84.452
2023-01-04 13:48:00,751.308,84.1545
2023-01-04 13:49:00,750.227,83.7239
2023-01-04 13:50:00,744.862,83.3673
2023-01-04 13:51:00,742.899,83.5918
2023-01-04 13:52:00,738.86,83.5941
2023-01-04 13:53:00,736.683,83.5781
2023-01-04 13:54:00,734.769,83.5426
2023-01-04 13:55:00,732.318,82.719
2023-01-04 13:56:00,732.285,82.6305
2023-01-04 13:57:00,727.942,82.6199
2023-01-04 13:58:00,724.609,82.5912
2023-01-04 13:59:00,722.823,82.6367
2023-01-04 14:00:00,724.423,82.9501
2023-01-04 14:01:00,722.649,83.4153
2023-01-04 14:02:00,718.046,82.1916
2023-01-04 14:03:00,712.311,81.9625
2023-01-04 14:04:00,706.69,81.677
2023-01-04 14:05:00,705.37,82.175
2023-01-04 14:06:00,705.197,82.4449
2023-01-04 14:07:00,704.172,83.1047
2023-01-04 14:08:00,696.865,83.9901
2023-01-04 14:09:00,693.602,87.549
2023-01-04 14:10:00,689.873,91.9418
2023-01-04 14:11:00,687.612,95.1467
2023-01-04 14:12:00,687.728,96.9103
2023-01-04 14:13:00,687.078,96.77
2023-01-04 14:14:00,684.209,97.7246
2023-01-04 14:15:00,681.669,98.3092
2023-01-04 14:16:00,678.755,98.2648
2023-01-04 14:17:00,675.67,98.0623
2023-01-04 14:18:00,670.807,96.9627
2023-01-04 14:19:00,668.88,95.0076
2023-01-04 14:20:00,664.969,95.8502
2023-01-04 14:21:00,660.345,97.0638
2023-01-04 14:22:00,654.688,96.3688
2023-01-04 14:23:00,650.798,91.3848
2023-01-04 14:24:00,654.597,86.289
2023-01-04 14:25:00,654.831,87.0321
2023-01-04 14:26:00,650.614,87.7102
2023-01-04 14:27:00,647.504,84.191
2023-01-04 14:28:00,642.613,80.0017
2023-01-04 14:29:00,639.052,77.5856
2023-01-04 14:30:00,638.692,76.9784
2023-01-04 14:31:00,637.171,76.1648
2023-01-04 14:32:00,635.08,75.7613
2023-01-04 14:33:00,634.437,75.2952
2023-01-04 14:34:00,631.109,75.3567
2023-01-04 14:35:00,627.105,75.0182
2023-01-04 14:36:00,625.463,74.827
2023-01-04 14:37:00,618.071,74.2309
2023-01-04 14:38:00,609.985,73.8914
2023-01-04 14:39:00,604.266,73.3582
2023-01-04 14:40:00,598.714,72.2599
2023-01-04 14:41:00,595.18,71.6232
2023-01-04 14:42:00,591.863,71.2178
2023-01-04 14:43:00,589.488,70.8384
2023-01-04 14:44:00,585.218,70.2493
2023-01-04 14:45:00,585.246,70.4259
2023-01-04 14:46:00,586.415,70.8122
2023-01-04 14:47:00,582.959,71.0198
2023-01-04 14:48:00,579.308,70.3966
2023-01-04 14:49:00,574.803,69.2406
2023-01-04 14:50:00,574.309,69.1327
2023-01-04 14:51:00,574.602,69.6202
2023-01-04 14:52:00,573.195,69.5687
2023-01-04 14:53:00,567.433,69.381
2023-01-04 14:54:00,560.992,68.8261
2023-01-04 14:55:00,553.965,68.2165
2023-01-04 14:56:00,549.005,67.7062
2023-01-04 14:57:00,551.812,68.4467
2023-01-04 14:58:00,555.198,68.8989
2023-01-04 14:59:00,556.141,69.0621
2023-01-04 15:00:00,552.707,68.6225
2023-01-04 15:01:00,548.019,68.119
2023-01-04 15:02:00,545.859,67.9686
2023-01-04 15:03:00,542.675,67.9559
2023-01-04 15:04:00,539.28,67.8946
2023-01-04 15:05:00,532.5,67.963
2023-01-04 15:06:00,526.793,67.6074
2023-01-04 15:07:00,520.263,66.967
2023-01-04 15:08:00,516.648,66.3291
2023-01-04 15:09:00,517.757,66.0263
2023-01-04 15:10:00,516.428,66.9614
2023-01-04 15:11:00,515.766,68.4562
2023-01-04 15:12:00,514.51,69.232
2023-01-04 15:13:00,514.309,69.2433
2023-01-04 15:14:00,509.909,67.776
2023-01-04 15:15:00,505.896,67.2507
2023-01-04 15:16:00,504.339,67.7438
2023-01-04 15:17:00,499.608,67.9776
2023-01-04 15:18:00,498.268,69.4579
2023-01-04 15:19:00,496.375,71.3821
2023-01-04 15:20:00,491.302,70.1471
2023-01-04 15:21:00,486.673,68.0656
2023-01-04 15:22:00,480.231,66.4146
2023-01-04 15:23:00,476.299,65.2796
2023-01-04 15:24:00,474.593,63.9547
2023-01-04 15:25:00,472.466,62.7996
2023-01-04 15:26:00,469.21,62.7943
2023-01-04 15:27:00,467.407,62.5519
2023-01-04 15:28:00,468.614,62.7742
2023-01-04 15:29:00,474.275,64.0023
2023-01-04 15:30:00,472.367,63.4955
2023-01-04 15:31:00,466.648,62.7551
2023-01-04 15:32:00,460.982,61.9586
2023-01-04 15:33:00,461.971,62.5637
2023-01-04 15:34:00,460.508,62.5897
2023-01-04 15:35:00,462.11,63.8768
2023-01-04 15:36:00,466.927,64.2769
2023-01-04 15:37:00,466.359,63.7882
2023-01-04 15:38:00,463.484,63.6344
2023-01-04 15:39:00,454.129,62.7801
2023-01-04 15:40:00,447.809,61.9187
2023-01-04 15:41:00,443.615,61.3891
2023-01-04 15:42:00,439.336,61.232
2023-01-04 15:43:00,431.867,60.594
2023-01-04 15:44:00,421.384,58.9237
2023-01-04 15:45:00,417.262,58.4473
2023-01-04 15:46:00,410.917,58.0328
2023-01-04 15:47:00,408.864,58.0853
2023-01-04 15:48:00,394.952,55.4309
2023-01-04 15:49:00,392.163,56.2639
2023-01-04 15:50:00,396.162,56.9054
2023-01-04 15:51:00,394.655,57.2452
2023-01-04 15:52:00,389.996,57.2374
2023-01-04 15:53:00,385.742,57.0219
2023-01-04 15:54:00,378.91,56.3086
2023-01-04 15:55:00,373.405,55.6945
2023-01-04 15:56:00,370.664,54.9698
2023-01-04 15:57:00,368.795,55.035
2023-01-04 15:58:00,367.708,55.4657
2023-01-04 15:59:00,361.836,56.9412
2023-01-04 16:00:00,356.02,61.9292
2023-01-04 16:01:00,349.357,64.6795
2023-01-04 16:02:00,348.429,60.7625
2023-01-04 16:03:00,346.427,55.3929
2023-01-04 16:04:00,342.915,53.561
2023-01-04 16:05:00,337.21,52.8263
2023-01-04 16:06:00,326.513,51.2735
2023-01-04 16:07:00,282.539,45.112
2023-01-04 16:08:00,323.774,51.5696
2023-01-04 16:09:00,322.603,51.5469
2023-01-04 16:10:00,320.402,51.2132
2023-01-04 16:11:00,315.453,50.4726
2023-01-04 16:12:00,312.878,50.7005
2023-01-04 16:13:00,312.22,51.1882
2023-01-04 16:14:00,306.874,50.8316
2023-01-04 16:15:00,302.301,50.859
2023-01-04 16:16:00,295.275,51.4058
2023-01-04 16:17:00,289.129,55.3875
2023-01-04 16:18:00,283.799,62.1971
2023-01-04 16:19:00,282.654,60.152
2023-01-04 16:20:00,277.046,54.9409
2023-01-04 16:21:00,270.904,51.3511
2023-01-04 16:22:00,271.869,48.5622
2023-01-04 16:23:00,268.519,47.4867
2023-01-04 16:24:00,266.217,49.5194
2023-01-04 16:25:00,246.939,48.2289
2023-01-04 16:26:00,263.664,51.4065
2023-01-04 16:27:00,260.794,48.0478
2023-01-04 16:28:00,255.444,45.4614
2023-01-04 16:29:00,243.939,43.0723
2023-01-04 16:30:00,228.891,40.4165
2023-01-04 16:31:00,221.061,39.6987
2023-01-04 16:32:00,223.329,42.3555
2023-01-04 16:33:00,223.23,47.8424
2023-01-04 16:34:00,203.67,44.2478
2023-01-04 16:35:00,123.096,21.7315
2023-01-04 16:36:00,80.9309,9.52365
2023-01-04 16:37:00,69.3496,5.87436
2023-01-04 16:38:00,67.7398,6.02019
2023-01-04 16:39:00,66.1437,5.84701
2023-01-04 16:40:00,65.0776,5.70917
2023-01-04 16:41:00,65.233,6.20821
2023-01-04 16:42:00,64.7707,6.18771
2023-01-04 16:43:00,64.2011,6.419
2023-01-04 16:44:00,62.7772,6.2629
2023-01-04 16:45:00,61.0122,6.00313
2023-01-04 16:46:00,59.8304,5.91196
2023-01-04 16:47:00,57.3197,5.49838
2023-01-04 16:48:00,55.4644,5.16682
2023-01-04 16:49:00,54.4894,5.17935
2023-01-04 16:50:00,53.8548,5.28305
2023-01-04 16:51:00,53.4076,5.30701
2023-01-04 16:52:00,52.8314,5.3492
2023-01-04 16:53:00,51.7286,5.25236
2023-01-04 16:54:00,50.4535,5.15212
2023-01-04 16:55:00,49.1385,4.88325
2023-01-04 16:56:00,48.0595,4.82856
2023-01-04 16:57:00,47.2089,4.76246
2023-01-04 16:58:00,46.2499,4.65878
2023-01-04 16:59:00,45.2931,4.52548
2023-01-04 17:00:00,44.5464,4.42294
2023-01-04 17:01:00,43.8262,4.34661
2023-01-04 17:02:00,43.1366,4.22357
2023-01-04 17:03:00,42.3442,4.1119
2023-01-04 17:04:00,41.3166,4.04809
2023-01-04 17:05:00,40.4752,3.97518
2023-01-04 17:06:00,39.8119,3.99683
2023-01-04 17:07:00,39.2125,3.95923
2023-01-04 17:08:00,40.5117,4.65423
2023-01-04 17:09:00,45.3699,6.34164
2023-01-04 17:10:00,56.0585,9.7859
2023-01-04 17:11:00,56.812,9.94313
2023-01-04 17:12:00,47.0196,6.92839
2023-01-04 17:13:00,35.6117,3.64478
2023-01-04 17:14:00,33.0509,3.18562
2023-01-04 17:15:00,32.182,3.08535
2023-01-04 17:16:00,31.1671,3.01586
2023-01-04 17:17:00,30.2824,2.9589
2023-01-04 17:18:00,29.4102,2.90308
2023-01-04 17:19:00,28.4273,2.85638
2023-01-04 17:20:00,27.4375,2.70826
2023-01-04 17:21:00,26.4133,2.60685
2023-01-04 17:22:00,25.3241,2.46101
2023-01-04 17:23:00,24.2588,2.29124
2023-01-04 17:24:00,23.1444,2.12717
2023-01-04 17:25:00,21.972,2.05198
2023-01-04 17:26:00,20.8292,1.99045
2023-01-04 17:27:00,19.6624,1.77285
2023-01-04 17:28:00,18.5711,1.66461
2023-01-04 17:29:00,17.5423,1.59511
2023-01-04 17:30:00,16.4942,1.43901
2023-01-04 17:31:00,15.4861,1.36381
2023-01-04 17:32:00,14.5476,1.22937
2023-01-04 17:33:00,13.6444,1.2043
2023-01-04 17:34:00,12.7596,1.04251
2023-01-04 17:35:00,11.9833,1.41394
2023-01-04 17:36:00,11.2675,2.83245
2023-01-04 17:37:00,10.6156,3.35657
2023-01-04 17:38:00,9.88607,2.55446
2023-01-04 17:39:00,8.97726,1.5746
2023-01-04 17:40:00,8.04679,0.788443
2023-01-04 17:41:00,7.11172,0.387385
2023-01-04 17:42:00,6.24401,0.321301
2023-01-04 17:43:00,5.44023,0.175462
2023-01-04 17:44:00,4.63873,0.0205084
2023-01-04 17:45:00,3.91032,-0.00455737
2023-01-04 17:46:00,3.29037,-0.0717793
2023-01-04 17:47:00,2.75492,-0.0296233
2023-01-04 17:48:00,2.25372,-0.160649
2023-01-04 17:49:00,1.84042,-0.200526
2023-01-04 17:50:00,1.40201,-0.187994
2023-01-04 17:51:00,0.983002,-0.242682
2023-01-04 17:52:00,0.601675,-0.268887
2023-01-04 17:53:00,0.205505,-0.306486
2023-01-04 17:54:00,-0.163263,-0.325855
2023-01-04 17:55:00,-0.478371,-0.407888
2023-01-04 17:56:00,-0.767221,-0.431815
2023-01-04 17:57:00,-1.04922,-0.502456
2023-01-04 17:58:00,-1.23989,-0.444349
2023-01-04 17:59:00,-1.46023,-0.481947
2023-01-04 18:00:00,-1.63492,-0.453465
2023-01-04 18:01:00,-1.79133,-0.496761
2023-01-04 18:02:00,-1.91806,-0.533221
2023-01-04 18:03:00,-2.04936,-0.53436
2023-01-04 18:04:00,-2.1681,-0.538917
2023-01-04 18:05:00,-2.26285,-0.472832
2023-01-04 18:06:00,-2.38843,-0.583348
2023-01-04 18:07:00,-2.43639,-0.538915
2023-01-04 18:08:00,-2.5631,-0.593601
2023-01-04 18:09:00,-2.59963,-0.61183
2023-01-04 18:10:00,-2.65102,-0.628922
2023-01-04 18:11:00,-2.69897,-0.492201
2023-01-04 18:12:00,-2.71495,-0.485364
2023-01-04 18:13:00,-2.72409,-0.418143
2023-01-04 18:14:00,-2.74236,-0.455742
2023-01-04 18:15:00,-2.7024,-0.417003
2023-01-04 18:16:00,-2.75377,-0.471691
2023-01-04 18:17:00,-2.76975,-0.501315
2023-01-04 18:18:00,-2.76746,-0.470551
2023-01-04 18:19:00,-2.76975,-0.480805
2023-01-04 18:20:00,-2.76518,-0.495616
2023-01-04 18:21:00,-2.73207,-0.375984
2023-01-04 18:22:00,-2.75377,-0.42156
2023-01-04 18:23:00,-2.75834,-0.410167
2023-01-04 18:24:00,-2.78002,-0.502452
2023-01-04 18:25:00,-2.77545,-0.480804
2023-01-04 18:26:00,-2.78002,-0.481945
2023-01-04 18:27:00,-2.73208,-0.469413
2023-01-04 18:28:00,-2.75491,-0.50929
2023-01-04 18:29:00,-2.77432,-0.483085
2023-01-04 18:30:00,-2.76176,-0.476249
2023-01-04 18:31:00,-2.77203,-0.496756
2023-01-04 18:32:00,-2.78802,-0.505871
2023-01-04 18:33:00,-2.78914,-0.50359
2023-01-04 18:34:00,-2.78686,-0.456876
2023-01-04 18:35:00,-2.8314,-0.445485
2023-01-04 18:36:00,-2.82229,-0.500178
2023-01-04 18:37:00,-2.81886,-0.535499
2023-01-04 18:38:00,-2.79717,-0.517269
2023-01-04 18:39:00,-2.81202,-0.545753
2023-01-04 18:40:00,-2.81658,-0.585631
2023-01-04 18:41:00,-2.79374,-0.589046
2023-01-04 18:42:00,-2.74235,-0.426117
2023-01-04 18:43:00,-2.72522,-0.38396
2023-01-04 18:44:00,-2.74235,-0.431813
2023-01-04 18:45:00,-2.74006,-0.403329
2023-01-04 18:46:00,-2.76747,-0.429536
2023-01-04 18:47:00,-2.76861,-0.399912
2023-01-04 18:48:00,-2.76289,-0.390795
2023-01-04 18:49:00,-2.77316,-0.437508
2023-01-04 18:50:00,-2.78457,-0.510425
2023-01-04 18:51:00,-2.79829,-0.485362
2023-01-04 18:52:00,-2.85538,-0.512708
2023-01-04 18:53:00,-2.86565,-0.520683
2023-01-04 18:54:00,-2.85423,-0.532076
2023-01-04 18:55:00,-2.85194,-0.504731
2023-01-04 18:56:00,-2.88162,-0.500172
2023-01-04 18:57:00,-2.87592,-0.50587
2023-01-04 18:58:00,-2.8919,-0.575369
2023-01-04 18:59:00,-2.9193,-0.583344
2023-01-04 19:00:00,-2.92957,-0.574228
2023-01-04 19:01:00,-2.93756,-0.529794
2023-01-04 19:02:00,-2.92956,-0.587898
2023-01-04 19:03:00,-2.9307,-0.594735
2023-01-04 19:04:00,-2.91244,-0.520678
2023-01-04 19:05:00,-2.92042,-0.561692
2023-01-04 19:06:00,-2.91128,-0.520676
2023-01-04 19:07:00,-2.88617,-0.467128
2023-01-04 19:08:00,-2.93755,-0.518398
2023-01-04 19:09:00,-2.94211,-0.499029
2023-01-04 19:10:00,-2.94325,-0.51384
2023-01-04 19:11:00,-2.91243,-0.502448
2023-01-04 19:12:00,-2.93755,-0.484219
2023-01-04 19:13:00,-2.91929,-0.403326
2023-01-04 19:14:00,-2.96153,-0.494475
2023-01-04 19:15:00,-2.94099,-0.379402
2023-01-04 19:16:00,-2.91817,-0.365731
2023-01-04 19:17:00,-2.91474,-0.378264
2023-01-04 19:18:00,-2.92502,-0.395354
2023-01-04 19:19:00,-2.91016,-0.340663
2023-01-04 19:20:00,-2.89073,-0.18913
2023-01-04 19:21:00,-2.86789,-0.365725
2023-01-04 19:22:00,-2.88274,-0.468266
2023-01-04 19:23:00,-2.8873,-0.503584
2023-01-04 19:24:00,-2.90442,-0.521814
2023-01-04 19:25:00,-2.89986,-0.513839
2023-01-04 19:26:00,-2.93868,-0.545741
2023-01-04 19:27:00,-2.99463,-0.493332
2023-01-04 19:28:00,-2.97635,-0.487634
2023-01-04 19:29:00,-2.99348,-0.585617
2023-01-04 19:30:00,-2.97863,-0.565108
2023-01-04 19:31:00,-2.96607,-0.537764
2023-01-04 19:32:00,-2.97064,-0.567388
2023-01-04 19:33:00,-2.94667,-0.620937
2023-01-04 19:34:00,-2.96608,-0.565109
2023-01-04 19:35:00,-3.01402,-0.542322
2023-01-04 19:36:00,-2.99005,-0.530929
2023-01-04 19:37:00,-2.94325,-0.389652
2023-01-04 19:38:00,-2.91357,-0.356612
2023-01-04 19:39:00,-2.92156,-0.340661
2023-01-04 19:40:00,-2.91698,-0.398766
2023-01-04 19:41:00,-2.90441,-0.363445
2023-01-04 19:42:00,-2.96149,-0.354331
2023-01-04 19:43:00,-2.91468,-0.325847
2023-01-04 19:44:00,-2.893,-0.180014
2023-01-04 19:45:00,-2.8873,-0.193686
2023-01-04 19:46:00,-2.87245,-0.240398
2023-01-04 19:47:00,-2.86104,-0.182293
2023-01-04 19:48:00,-2.85191,-0.259768
2023-01-04 19:49:00,-2.88044,-0.344077
2023-01-04 19:50:00,-2.90212,-0.388509
2023-01-04 19:51:00,-2.90212,-0.322429
2023-01-04 19:52:00,-2.85189,-0.205079
2023-01-04 19:53:00,-2.8713,-0.166341
2023-01-04 19:54:00,-2.88501,-0.201661
2023-01-04 19:55:00,-2.87702,-0.264325
2023-01-04 19:56:00,-2.88158,-0.316733
2023-01-04 19:57:00,-2.87245,-0.265464
2023-01-04 19:58:00,-2.88044,-0.265464
2023-01-04 19:59:00,-2.83592,-0.145834
2023-01-04 20:00:00,-2.77656,-0.107097
2023-01-04 20:01:00,-2.80282,-0.308759
2023-01-04 20:02:00,-2.83593,-0.326989
2023-01-04 20:03:00,-2.87246,-0.381677
2023-01-04 20:04:00,-2.87817,-0.442061
2023-01-04 20:05:00,-2.92269,-0.450036
2023-01-04 20:06:00,-2.96722,-0.49675
2023-01-04 20:07:00,-2.94896,-0.512701
2023-01-04 20:08:00,-2.95921,-0.535484
2023-01-04 20:09:00,-3.01287,-0.537763
2023-01-04 20:10:00,-3.00943,-0.489908
2023-01-04 20:11:00,-2.99687,-0.465982
2023-01-04 20:12:00,-3.00602,-0.542319
2023-01-04 20:13:00,-2.98662,-0.485354
2023-01-04 20:14:00,-2.98776,-0.421552
2023-01-04 20:15:00,-2.94665,-0.507
2023-01-04 20:16:00,-2.94664,-0.483073
2023-01-04 20:17:00,-2.93864,-0.475097
2023-01-04 20:18:00,-2.96262,-0.50244
2023-01-04 20:19:00,-2.9044,-0.427246
2023-01-04 20:20:00,-2.93066,-0.508139
2023-01-04 20:21:00,-2.93293,-0.475096
2023-01-04 20:22:00,-2.9101,-0.477375
2023-01-04 20:23:00,-2.89299,-0.394206
2023-01-04 20:24:00,-2.89413,-0.288249
2023-01-04 20:25:00,-2.8713,-0.266602
2023-01-04 20:26:00,-2.84504,-0.270021
2023-01-04 20:27:00,-2.81878,-0.157227
2023-01-04 20:28:00,-2.80049,-0.197102
2023-01-04 20:29:00,-2.83475,-0.205077
2023-01-04 20:30:00,-2.89183,-0.319009
2023-01-04 20:31:00,-2.93407,-0.403319
2023-01-04 20:32:00,-2.88611,-0.367998
2023-01-04 20:33:00,-2.90894,-0.383949
2023-01-04 20:34:00,-2.97516,-0.420407
2023-01-04 20:35:00,-2.95005,-0.475094
2023-01-04 20:36:00,-2.94319,-0.486487
2023-01-04 20:37:00,-2.90779,-0.465978
2023-01-04 20:38:00,-2.93863,-0.486487
2023-01-04 20:39:00,-2.96374,-0.528641
2023-01-04 20:40:00,-3.0094,-0.538894
2023-01-04 20:41:00,-3.0174,-0.582189
2023-01-04 20:42:00,-3.02997,-0.610675
2023-01-04 20:43:00,-3.04254,-0.632323
2023-01-04 20:44:00,-2.98546,-0.627767
2023-01-04 20:45:00,-2.99116,-0.575357
2023-01-04 20:46:00,-2.95919,-0.583332
2023-01-04 20:47:00,-2.93065,-0.493325
2023-01-04 20:48:00,-2.9078,-0.41471
2023-01-04 20:49:00,-2.88611,-0.41585
2023-01-04 20:50:00,-2.84731,-0.325845
2023-01-04 20:51:00,-2.87583,-0.357744
2023-01-04 20:52:00,-2.82218,-0.330401
2023-01-04 20:53:00,-2.83359,-0.339515
2023-01-04 20:54:00,-2.76509,-0.218748
2023-01-04 20:55:00,-2.73426,-0.254066
2023-01-04 20:56:00,-2.75482,-0.276853
2023-01-04 20:57:00,-2.77536,-0.152668
2023-01-04 20:58:00,-2.75025,-0.157225
2023-01-04 20:59:00,-2.75596,-0.161782
2023-01-04 21:00:00,-2.75939,-0.274574
2023-01-04 21:01:00,-2.78907,-0.337237
2023-01-04 21:02:00,-2.853,-0.355466
2023-01-04 21:03:00,-2.81647,-0.347491
2023-01-04 21:04:00,-2.8256,-0.339516
2023-01-04 21:05:00,-2.81305,-0.352048
2023-01-04 21:06:00,-2.8199,-0.363441
2023-01-04 21:07:00,-2.77194,-0.320146
2023-01-04 21:08:00,-2.77307,-0.259762
2023-01-04 21:09:00,-2.77079,-0.26318
2023-01-04 21:10:00,-2.72969,-0.246091
2023-01-04 21:11:00,-2.74568,-0.266599
2023-01-04 21:12:00,-2.72513,-0.273435
2023-01-04 21:13:00,-2.73769,-0.271156
2023-01-04 21:14:00,-2.73998,-0.275714
2023-01-04 21:15:00,-2.77194,-0.308754
2023-01-04 21:16:00,-2.77994,-0.314451
2023-01-04 21:17:00,-2.81875,-0.338376
2023-01-04 21:18:00,-2.81874,-0.328121
2023-01-04 21:19:00,-2.79477,-0.28027
2023-01-04 21:20:00,-2.80847,-0.252927
2023-01-04 21:21:00,-2.90665,-0.371414
2023-01-04 21:22:00,-3.01739,-0.517246
2023-01-04 21:23:00,-3.13613,-0.753084
2023-01-04 21:24:00,-3.25143,-0.796378
2023-01-04 21:25:00,-3.31764,-0.992337
2023-01-04 21:26:00,-3.31993,-1.01285
2023-01-04 21:27:00,-3.35531,-0.918282
2023-01-04 21:28:00,-3.30851,-1.09601
2023-01-04 21:29:00,-3.46719,-1.20424
2023-01-04 21:30:00,-3.63958,-1.19172
2023-01-04 21:31:00,-3.52542,-1.11311
2023-01-04 21:32:00,-3.28566,-1.11424
2023-01-04 21:33:00,-3.28679,-1.21563
2023-01-04 21:34:00,-3.26167,-1.15411
2023-01-04 21:35:00,-3.17263,-1.09373
2023-01-04 21:36:00,-3.29822,-1.06867
2023-01-04 21:37:00,-3.37128,-1.09601
2023-01-04 21:38:00,-3.3964,-1.05727
2023-01-04 21:39:00,-3.36786,-0.969547
2023-01-04 21:40:00,-3.25712,-0.908025
2023-01-04 21:41:00,-3.23314,-0.889794
2023-01-04 21:42:00,-3.24456,-0.923973
2023-01-04 21:43:00,-3.05848,-0.844225
2023-01-04 21:44:00,-2.98998,-0.82258
2023-01-04 21:45:00,-3.05848,-0.774729
2023-01-04 21:46:00,-3.02879,-0.750801
2023-01-04 21:47:00,-2.97171,-0.657378
2023-01-04 21:48:00,-2.93747,-0.532056
2023-01-04 21:49:00,-2.8039,-0.44433
2023-01-04 21:50:00,-2.86441,-0.41243
2023-01-04 21:51:00,-2.89409,-0.423824
2023-01-04 21:52:00,-2.76165,-0.415847
2023-01-04 21:53:00,-2.76622,-0.423821
2023-01-04 21:54:00,-2.7274,-0.404454
2023-01-04 21:55:00,-2.64749,-0.138996
2023-01-04 21:56:00,-2.57328,-0.0991195
2023-01-04 21:57:00,-2.62236,-0.234696
2023-01-04 21:58:00,-2.70799,-0.296219
2023-01-04 21:59:00,-2.75479,-0.387362
2023-01-04 22:00:00,-2.821,-0.30875
2023-01-04 22:01:00,-2.72396,-0.344068
2023-01-04 22:02:00,-2.62805,-0.303052
2023-01-04 22:03:00,-2.52988,-0.337232
2023-01-04 22:04:00,-2.58468,-0.341789
2023-01-04 22:05:00,-2.57441,-0.16292
2023-01-04 22:06:00,-2.46823,-0.168616
2023-01-04 22:07:00,-2.49793,-0.117348
2023-01-04 22:08:00,-2.43742,-0.0489901
2023-01-04 22:09:00,-2.38833,0.0307612
2023-01-04 22:10:00,-2.28444,0.210772
2023-01-04 22:11:00,-2.3324,-0.153807
2023-01-04 22:12:00,-2.44656,-0.266598
2023-01-04 22:13:00,-2.53217,-0.330397
2023-01-04 22:14:00,-2.64175,-0.329257
2023-01-04 22:15:00,-2.50133,-0.272292
2023-01-04 22:16:00,-2.47051,-0.288242
2023-01-04 22:17:00,-2.50476,-0.267735
2023-01-04 22:18:00,-2.45225,-0.125323
2023-01-04 22:19:00,-2.18967,0.249507
2023-01-04 22:20:00,-1.9876,0.45458
2023-01-04 22:21:00,-2.19766,0.0808901
2023-01-04 22:22:00,-2.37576,-0.0307611
2023-01-04 22:23:00,-2.32895,-0.00569649
2023-01-04 22:24:00,-2.3575,-0.0193681
2023-01-04 22:25:00,-2.18511,-0.011393
2023-01-04 22:26:00,-2.38375,-0.0888653
2023-01-04 22:27:00,-2.35065,-0.0979798
2023-01-04 22:28:00,-2.16341,0.233556
2023-01-04 22:29:00,-2.37232,-0.085447
2023-01-04 22:30:00,-2.33351,-0.0307609
2023-01-04 22:31:00,-2.39059,-0.00911441
2023-01-04 22:32:00,-2.46138,-0.109373
2023-01-04 22:33:00,-2.53444,-0.134437
2023-01-04 22:34:00,-2.59837,0.0387359
2023-01-04 22:35:00,-2.60407,-0.0615218
2023-01-04 22:36:00,-2.54927,-0.141272
2023-01-04 22:37:00,-2.62577,-0.172034
2023-01-04 22:38:00,-2.57097,-0.167476
2023-01-04 22:39:00,-2.64633,-0.24381
2023-01-04 22:40:00,-2.67602,-0.263178
2023-01-04 22:41:00,-2.69656,-0.276849
2023-01-04 22:42:00,-2.67371,-0.275709
2023-01-04 22:43:00,-2.70795,-0.350901
2023-01-04 22:44:00,-2.60635,-0.32014
2023-01-04 22:45:00,-2.58694,-0.248365
2023-01-04 22:46:00,-2.48419,-0.119625
2023-01-04 22:47:00,-2.33692,0.109372
2023-01-04 22:48:00,-2.23874,0.24039
2023-01-04 22:49:00,-2.3883,0.162918
2023-01-04 22:50:00,-2.43283,0.185705
2023-01-04 22:51:00,-2.42371,0.0854473
2023-01-04 22:52:00,-2.48307,-0.0102537
2023-01-04 22:53:00,-2.47622,0.06494
2023-01-04 22:54:00,-2.49677,0.0626615
2023-01-04 22:55:00,-2.66573,-0.0296217
2023-01-04 22:56:00,-2.70112,-0.038736
2023-01-04 22:57:00,-2.61778,-0.150387
2023-01-04 22:58:00,-2.64746,-0.219884
2023-01-04 22:59:00,-2.5036,0.329254
2023-01-04 23:00:00,-2.27755,0.505844
2023-01-04 23:01:00,-2.17594,0.463689
2023-01-04 23:02:00,-2.15768,0.529767
2023-01-04 23:03:00,-2.15768,0.544577
2023-01-04 23:04:00,-2.15653,0.52293
2023-01-04 23:05:00,-2.18394,0.446601
2023-01-04 23:06:00,-2.22733,0.32128
2023-01-04 23:07:00,-2.27529,0.317863
2023-01-04 23:08:00,-2.28785,0.396476
2023-01-04 23:09:00,-2.28898,0.382802
2023-01-04 23:10:00,-2.36317,0.407864
2023-01-04 23:11:00,-2.42824,0.345202
2023-01-04 23:12:00,-2.4545,0.225578
2023-01-04 23:13:00,-2.48646,0.193678
2023-01-04 23:14:00,-2.50245,0.197096
2023-01-04 23:15:00,-2.52072,0.172032
2023-01-04 23:16:00,-2.5447,0.0432931
2023-01-04 23:17:00,-2.53445,0.0307611
2023-01-04 23:18:00,-2.49334,0.0501289
2023-01-04 23:19:00,-2.48191,0.0205072
2023-01-04 23:20:00,-2.50361,-0.0877254
2023-01-04 23:21:00,-2.58695,-0.194819
2023-01-04 23:22:00,-2.65886,-0.103675
2023-01-04 23:23:00,-2.63832,-0.153804
2023-01-04 23:24:00,-2.61662,-0.181147
2023-01-04 23:25:00,-2.68283,-0.28596
2023-01-04 23:26:00,-2.7148,-0.233554
2023-01-04 23:27:00,-2.58923,-0.19254
2023-01-04 23:28:00,-2.53101,-0.0626612
2023-01-04 23:29:00,-2.43625,-0.0262037
2023-01-04 23:30:00,-2.42027,0.00341793
2023-01-04 23:31:00,-2.31523,0.035318
2023-01-04 23:32:00,-2.21705,0.333812
2023-01-04 23:33:00,-2.15313,0.426096
2023-01-04 23:34:00,-2.1303,0.438628
2023-01-04 23:35:00,-2.15656,0.382803
2023-01-04 23:36:00,-2.14514,0.415843
2023-01-04 23:37:00,-2.12458,0.517237
2023-01-04 23:38:00,-2.13257,0.559389
2023-01-04 23:39:00,-2.23645,0.300772
2023-01-04 23:40:00,-2.32208,0.195957
2023-01-04 23:41:00,-2.38944,0.170893
2023-01-04 23:42:00,-2.44424,0.211908
2023-01-04 23:43:00,-2.46935,0.170893
2023-01-04 23:44:00,-2.36433,0.0831682
2023-01-04 23:45:00,-2.44196,0.011393
2023-01-04 23:46:00,-2.402,0.0524073
2023-01-04 23:47:00,-2.32437,0.12874
2023-01-04 23:48:00,-2.3335,-0.0694967
2023-01-04 23:49:00,-2.51731,-0.153805
2023-01-04 23:50:00,-2.52302,-0.185705
2023-01-04 23:51:00,-2.50133,-0.20963
2023-01-04 23:52:00,-2.57211,-0.232416
2023-01-04 23:53:00,-2.58923,-0.203933
2023-01-04 23:54:00,-2.60407,-0.256341
2023-01-04 23:55:00,-2.64859,-0.222162
2023-01-04 23:56:00,-2.65087,-0.190261
2023-01-04 23:57:00,-2.56411,-0.151525
2023-01-04 23:58:00,-2.51501,-0.123043
2023-01-04 23:59:00,-2.44536,-0.127599
2023-01-05 00:00:00,-2.34833,-0.0774712
2023-01-05 00:01:00,-2.26956,0.0170893
2023-01-05 00:02:00,-2.2296,0.112789
2023-01-05 00:03:00,-2.29354,0.121904
2023-01-05 00:04:00,-2.35748,0.136715
2023-01-05 00:05:00,-2.47164,0.113929
2023-01-05 00:06:00,-2.50589,0.0763325
2023-01-05 00:07:00,-2.49675,0.2233
2023-01-05 00:08:00,-2.37574,0.380522
2023-01-05 00:09:00,-2.31751,0.323558
2023-01-05 00:10:00,-2.36546,0.430651
2023-01-05 00:11:00,-2.37003,0.355458
2023-01-05 00:12:00,-2.33692,0.267732
2023-01-05 00:13:00,-2.31865,0.273429
2023-01-05 00:14:00,-2.33121,0.281404
2023-01-05 00:15:00,-2.35519,0.247225
2023-01-05 00:16:00,-2.3312,0.240389
2023-01-05 00:17:00,-2.3997,0.258618
2023-01-05 00:18:00,-2.4214,0.259757
2023-01-05 00:19:00,-2.43966,0.355457
2023-01-05 00:20:00,-2.44194,0.259757
2023-01-05 00:21:00,-2.4271,0.340646
2023-01-05 00:22:00,-2.40998,0.371406
2023-01-05 00:23:00,-2.3586,0.543439
2023-01-05 00:24:00,-2.3312,0.510398
2023-01-05 00:25:00,-2.33691,0.406724
2023-01-05 00:26:00,-2.3666,0.331532
2023-01-05 00:27:00,-2.37459,0.293936
2023-01-05 00:28:00,-2.37459,0.248365
2023-01-05 00:29:00,-2.35291,0.252922
2023-01-05 00:30:00,-2.4077,0.170893
2023-01-05 00:31:00,-2.47734,0.107093
2023-01-05 00:32:00,-2.50589,0.0478502
2023-01-05 00:33:00,-2.49675,0.0341787
2023-01-05 00:34:00,-2.49333,0.0455716
2023-01-05 00:35:00,-2.39971,0.0911432
2023-01-05 00:36:00,-2.31866,0.121904
2023-01-05 00:37:00,-2.26728,0.214186
2023-01-05 00:38:00,-2.19992,0.234692
2023-01-05 00:39:00,-2.19535,0.244946
2023-01-05 00:40:00,-2.25243,0.284821
2023-01-05 00:41:00,-2.32208,0.247225
2023-01-05 00:42:00,-2.21591,0.353179
2023-01-05 00:43:00,-2.128,0.346344
2023-01-05 00:44:00,-2.18166,0.314444
2023-01-05 00:45:00,-2.19079,0.298494
2023-01-05 00:46:00,-2.20905,0.240389
2023-01-05 00:47:00,-2.24101,0.213046
2023-01-05 00:48:00,-2.38372,0.0637999
2023-01-05 00:49:00,-2.56638,-0.0455714
2023-01-05 00:50:00,-2.58693,-0.0706356
2023-01-05 00:51:00,-2.58236,-0.145828
2023-01-05 00:52:00,-2.62231,-0.185703
2023-01-05 00:53:00,-2.5892,-0.17317
2023-01-05 00:54:00,-2.5755,-0.193677
2023-01-05 00:55:00,-2.50587,-0.226717
2023-01-05 00:56:00,-2.44993,-0.146968
2023-01-05 00:57:00,-2.34376,-0.0444321
2023-01-05 00:58:00,-2.26271,0.0227857
2023-01-05 00:59:00,-2.19193,0.0877251
2023-01-05 01:00:00,-2.18851,0.133297
2023-01-05 01:01:00,-2.24901,0.11165
2023-01-05 01:02:00,-2.30038,0.11051
2023-01-05 01:03:00,-2.23302,0.151524
2023-01-05 01:04:00,-2.257,0.151525
2023-01-05 01:05:00,-2.29696,0.101396
2023-01-05 01:06:00,-2.31523,0.0717751
2023-01-05 01:07:00,-2.3335,0.0398751
2023-01-05 01:08:00,-2.32435,0.0296214
2023-01-05 01:09:00,-2.30495,-0.0068357
2023-01-05 01:10:00,-2.31408,-0.0353178
2023-01-05 01:11:00,-2.35175,-0.0250642
2023-01-05 01:12:00,-2.386,-0.0353178
2023-01-05 01:13:00,-2.44423,-0.071775
2023-01-05 01:14:00,-2.48305,-0.137854
2023-01-05 01:15:00,-2.5116,-0.172033
2023-01-05 01:16:00,-2.46022,-0.109372
2023-01-05 01:17:00,-2.45794,-0.0717753
2023-01-05 01:18:00,-2.48533,-0.00455724
2023-01-05 01:19:00,-2.33578,0.0512679
2023-01-05 01:20:00,-2.19307,0.109372
2023-01-05 01:21:00,-2.1417,0.23925
2023-01-05 01:22:00,-2.15198,0.290519
2023-01-05 01:23:00,-2.18623,0.275708
2023-01-05 01:24:00,-2.19308,0.262036
2023-01-05 01:25:00,-2.257,0.206211
2023-01-05 01:26:00,-2.25815,0.181147
2023-01-05 01:27:00,-2.25928,0.0900035
2023-01-05 01:28:00,-2.37458,0.0763318
2023-01-05 01:29:00,-2.33462,0.0991175
2023-01-05 01:30:00,-2.30608,0.0637997
2023-01-05 01:31:00,-2.27983,0.156082
2023-01-05 01:32:00,-2.15311,0.272289
2023-01-05 01:33:00,-2.12913,0.306467
2023-01-05 01:34:00,-2.10744,0.358873
2023-01-05 01:35:00,-2.09032,0.386216
2023-01-05 01:36:00,-2.09032,0.347481
2023-01-05 01:37:00,-2.12342,0.31672
2023-01-05 01:38:00,-2.13142,0.309885
2023-01-05 01:39:00,-2.12114,0.27001
2023-01-05 01:40:00,-2.12571,0.230135
2023-01-05 01:41:00,-2.14512,0.166335
2023-01-05 01:42:00,-2.14739,0.0911422
2023-01-05 01:43:00,-2.13825,0.0774707
2023-01-05 01:44:00,-2.13141,0.135574
2023-01-05 01:45:00,-2.11201,0.200514
2023-01-05 01:46:00,-2.06292,0.331532
2023-01-05 01:47:00,-2.02639,0.30305
2023-01-05 01:48:00,-2.00129,0.379384
2023-01-05 01:49:00,-1.97959,0.361154
2023-01-05 01:50:00,-1.92478,0.389635
2023-01-05 01:51:00,-1.84829,0.467106
2023-01-05 01:52:00,-1.86084,0.497865
2023-01-05 01:53:00,-1.8597,0.48875
2023-01-05 01:54:00,-1.80262,0.462548
2023-01-05 01:55:00,-1.80263,0.487613
2023-01-05 01:56:00,-1.76381,0.547994
2023-01-05 01:57:00,-1.77638,0.413561
2023-01-05 01:58:00,-1.86314,0.353179
2023-01-05 01:59:00,-1.88598,0.354319
2023-01-05 02:00:00,-1.87114,0.33723
2023-01-05 02:01:00,-1.93164,0.349762
2023-01-05 02:02:00,-1.93393,0.424955
2023-01-05 02:03:00,-1.89054,0.416979
2023-01-05 02:04:00,-1.97387,0.419256
2023-01-05 02:05:00,-2.00127,0.414699
2023-01-05 02:06:00,-1.89168,0.406724
2023-01-05 02:07:00,-1.88255,0.410143
2023-01-05 02:08:00,-1.93735,0.470526
2023-01-05 02:09:00,-1.87226,0.483055
2023-01-05 02:10:00,-1.75696,0.500144
2023-01-05 02:11:00,-1.70786,0.6266
2023-01-05 02:12:00,-1.71927,0.707487
2023-01-05 02:13:00,-1.72954,0.627738
2023-01-05 02:14:00,-1.73753,0.696093
2023-01-05 02:15:00,-1.74324,0.751917
2023-01-05 02:16:00,-1.76607,0.771285
2023-01-05 02:17:00,-1.85854,0.686979
2023-01-05 02:18:00,-1.94988,0.660777
2023-01-05 02:19:00,-1.97272,0.594702
2023-01-05 02:20:00,-2.0161,0.48533
2023-01-05 02:21:00,-1.97042,0.477353
2023-01-05 02:22:00,-1.96471,0.444313
2023-01-05 02:23:00,-2.02864,0.406718
2023-01-05 02:24:00,-2.0629,0.411278
2023-01-05 02:25:00,-2.03551,0.465964
2023-01-05 02:26:00,-2.02524,0.399887
2023-01-05 02:27:00,-2.02067,0.50584
2023-01-05 02:28:00,-2.02182,0.47508
2023-01-05 02:29:00,-2.02638,0.528627
2023-01-05 02:30:00,-2.03094,0.546851
2023-01-05 02:31:00,-2.02408,0.586723
2023-01-05 02:32:00,-2.02523,0.334946
2023-01-05 02:33:00,-2.08346,0.258617
2023-01-05 02:34:00,-2.112,0.233552
2023-01-05 02:35:00,-2.08689,0.361151
2023-01-05 02:36:00,-1.99214,0.471663
2023-01-05 02:37:00,-1.95103,0.467103
2023-01-05 02:38:00,-1.94646,0.418113
2023-01-05 02:39:00,-1.95445,0.446595
2023-01-05 02:40:00,-1.97273,0.462548
2023-01-05 02:41:00,-1.94876,0.413561
2023-01-05 02:42:00,-1.91567,0.446602
2023-01-05 02:43:00,-1.90539,0.457996
2023-01-05 02:44:00,-1.91109,0.468247
2023-01-05 02:45:00,-1.91337,0.499006
2023-01-05 02:46:00,-1.8951,0.532044
2023-01-05 02:47:00,-1.89853,0.54116
2023-01-05 02:48:00,-1.8894,0.576478
2023-01-05 02:49:00,-1.88483,0.536603
2023-01-05 02:50:00,-1.93735,0.405587
2023-01-05 02:51:00,-1.96246,0.403306
2023-01-05 02:52:00,-1.95332,0.420393
2023-01-05 02:53:00,-1.99898,0.358873
2023-01-05 02:54:00,-1.98757,0.371406
2023-01-05 02:55:00,-1.93163,0.509259
2023-01-05 02:56:00,-1.95104,0.481917
2023-01-05 02:57:00,-1.94077,0.42951
2023-01-05 02:58:00,-1.94076,0.495587
2023-01-05 02:59:00,-1.93848,0.528626
2023-01-05 03:00:00,-1.91907,0.612931
2023-01-05 03:01:00,-1.94759,0.583306
2023-01-05 03:02:00,-2.02522,0.422668
2023-01-05 03:03:00,-1.967,0.568496
2023-01-05 03:04:00,-1.94303,0.566219
2023-01-05 03:05:00,-1.93163,0.571918
2023-01-05 03:06:00,-1.93962,0.504701
2023-01-05 03:07:00,-1.97273,0.538879
2023-01-05 03:08:00,-1.95675,0.435205
2023-01-05 03:09:00,-1.94876,0.405585
2023-01-05 03:10:00,-1.97616,0.375963
2023-01-05 03:11:00,-2.04579,0.282542
2023-01-05 03:12:00,-2.07435,0.246086
2023-01-05 03:13:00,-2.08804,0.283682
2023-01-05 03:14:00,-1.99328,0.44546
2023-01-05 03:15:00,-1.93507,0.478501
2023-01-05 03:16:00,-1.90538,0.783828
2023-01-05 03:17:00,-1.90081,0.6699
2023-01-05 03:18:00,-1.91566,0.658509
2023-01-05 03:19:00,-1.93507,0.518376
2023-01-05 03:20:00,-1.96817,0.528627
2023-01-05 03:21:00,-2.00812,0.398748
2023-01-05 03:22:00,-2.02866,0.301909
2023-01-05 03:23:00,-2.02181,0.281401
2023-01-05 03:24:00,-2.04578,0.274565
2023-01-05 03:25:00,-1.99213,0.344061
2023-01-05 03:26:00,-1.95787,0.436341
2023-01-05 03:27:00,-1.95216,0.407859
2023-01-05 03:28:00,-1.95218,0.413558
2023-01-05 03:29:00,-1.95446,0.444318
2023-01-05 03:30:00,-1.95673,0.382796
2023-01-05 03:31:00,-1.97499,0.403301
2023-01-05 03:32:00,-1.94872,0.377096
2023-01-05 03:33:00,-1.96015,0.38963
2023-01-05 03:34:00,-1.967,0.284817
2023-01-05 03:35:00,-1.97156,0.285956
2023-01-05 03:36:00,-1.98411,0.243802
2023-01-05 03:37:00,-1.99553,0.337221
2023-01-05 03:38:00,-1.99896,0.397604
2023-01-05 03:39:00,-1.97726,0.373678
2023-01-05 03:40:00,-2.05147,0.256334
2023-01-05 03:41:00,-2.10284,0.151522
2023-01-05 03:42:00,-2.13252,0.0672166
2023-01-05 03:43:00,-2.11425,0.0170889
2023-01-05 03:44:00,-2.10514,0.0
2023-01-05 03:45:00,-2.09372,-0.0341781
2023-01-05 03:46:00,-2.09372,-0.0843061
2023-01-05 03:47:00,-2.13825,-0.135573
2023-01-05 03:48:00,-2.12571,-0.246085
2023-01-05 03:49:00,-2.09602,-0.216464
2023-01-05 03:50:00,-2.06977,-0.181146
2023-01-05 03:51:00,-1.96018,-0.1276
2023-01-05 03:52:00,-1.88141,-0.0649394
2023-01-05 03:53:00,-1.86428,-0.17545
2023-01-05 03:54:00,-1.87798,-0.275707
2023-01-05 03:55:00,-1.84373,-0.266593
2023-01-05 03:56:00,-1.79807,-0.223301
2023-01-05 03:57:00,-1.69989,-0.203933
2023-01-05 03:58:00,-1.61656,-0.203934
2023-01-05 03:59:00,-1.56748,-0.205074
2023-01-05 04:00:00,-1.51382,-0.181148
2023-01-05 04:01:00,-1.47842,-0.146969
2023-01-05 04:02:00,-1.41905,-0.126461
2023-01-05 04:03:00,-1.40992,-0.0922826
2023-01-05 04:04:00,-1.38252,-0.0683575
2023-01-05 04:05:00,-1.35169,-0.0182286
2023-01-05 04:06:00,-1.32772,0.00227858
2023-01-05 04:07:00,-1.32429,0.0375965
2023-01-05 04:08:00,-1.34598,0.0341785
2023-01-05 04:09:00,-1.34598,0.0113928
2023-01-05 04:10:00,-1.34027,0.0319
2023-01-05 04:11:00,-1.32772,0.051268
2023-01-05 04:12:00,-1.34485,0.0945613
2023-01-05 04:13:00,-1.3163,0.104815
2023-01-05 04:14:00,-1.25466,0.135576
2023-01-05 04:15:00,-1.11423,0.164058
2023-01-05 04:16:00,-1.04459,0.195958
2023-01-05 04:17:00,-1.02176,0.197096
2023-01-05 04:18:00,-0.968101,0.166336
2023-01-05 04:19:00,-0.883621,0.2233
2023-01-05 04:20:00,-0.812843,0.258619
2023-01-05 04:21:00,-0.748913,0.293937
2023-01-05 04:22:00,-0.667858,0.342928
2023-01-05 04:23:00,-0.647309,0.341788
2023-01-05 04:24:00,-0.619906,0.347483
2023-01-05 04:25:00,-0.642738,0.364572
2023-01-05 04:26:00,-0.748909,0.364571
2023-01-05 04:27:00,-0.705526,0.39647
2023-01-05 04:28:00,-0.719226,0.390774
2023-01-05 04:29:00,-0.783158,0.371407
2023-01-05 04:30:00,-0.744342,0.382799
2023-01-05 04:31:00,-0.707807,0.382798
2023-01-05 04:32:00,-0.687257,0.361151
2023-01-05 04:33:00,-0.649587,0.391914
2023-01-05 04:34:00,-0.658719,0.41356
2023-01-05 04:35:00,-0.62561,0.416976
2023-01-05 04:36:00,-0.595926,0.435204
2023-01-05 04:37:00,-0.595928,0.430648
2023-01-05 04:38:00,-0.584514,0.463689
2023-01-05 04:39:00,-0.579951,0.471667
2023-01-05 04:40:00,-0.650731,0.476223
2023-01-05 04:41:00,-0.700964,0.492174
2023-01-05 04:42:00,-0.684979,0.537744
2023-01-05 04:43:00,-0.72037,0.557112
2023-01-05 04:44:00,-0.79001,0.509262
2023-01-05 04:45:00,-0.805993,0.476223
2023-01-05 04:46:00,-0.761466,0.448878
2023-01-05 04:47:00,-0.785436,0.429508
2023-01-05 04:48:00,-0.721507,0.397609
2023-01-05 04:49:00,-0.665568,0.373684
2023-01-05 04:50:00,-0.621042,0.364569
2023-01-05 04:51:00,-0.614189,0.365706
2023-01-05 04:52:00,-0.616472,0.366845
2023-01-05 04:53:00,-0.603916,0.371403
2023-01-05 04:54:00,-0.575377,0.365708
2023-01-05 04:55:00,-0.567387,0.373684
2023-01-05 04:56:00,-0.567385,0.373682
2023-01-05 04:57:00,-0.59478,0.366844
2023-01-05 04:58:00,-0.562814,0.360008
2023-01-05 04:59:00,-0.550259,0.364567
2023-01-05 05:00:00,-0.54341,0.414695
2023-01-05 05:01:00,-0.539985,0.416974
2023-01-05 05:02:00,-0.54455,0.43634
2023-01-05 05:03:00,-0.537701,0.43862
2023-01-05 05:04:00,-0.566242,0.414695
2023-01-05 05:05:00,-0.600493,0.402165
2023-01-05 05:06:00,-0.611911,0.388495
2023-01-05 05:07:00,-0.614195,0.38052
2023-01-05 05:08:00,-0.63817,0.369128
2023-01-05 05:09:00,-0.663289,0.350901
2023-01-05 05:10:00,-0.703245,0.362294
2023-01-05 05:11:00,-0.738637,0.365712
2023-01-05 05:12:00,-0.688409,0.37141
2023-01-05 05:13:00,-0.624476,0.38736
2023-01-05 05:14:00,-0.663288,0.341787
2023-01-05 05:15:00,-0.665572,0.344065
2023-01-05 05:16:00,-0.665572,0.348622
2023-01-05 05:17:00,-0.642734,0.338366
2023-01-05 05:18:00,-0.625608,0.333808
2023-01-05 05:19:00,-0.607345,0.354317
2023-01-05 05:20:00,-0.603921,0.379382
2023-01-05 05:21:00,-0.592504,0.39647
2023-01-05 05:22:00,-0.562821,0.415838
2023-01-05 05:23:00,-0.550264,0.450016
2023-01-05 05:24:00,-0.535424,0.453435
2023-01-05 05:25:00,-0.538849,0.453436
2023-01-05 05:26:00,-0.54684,0.47736
2023-01-05 05:27:00,-0.551408,0.486476
2023-01-05 05:28:00,-0.549124,0.506982
2023-01-05 05:29:00,-0.549124,0.512679
2023-01-05 05:30:00,-0.550268,0.516098
2023-01-05 05:31:00,-0.554833,0.497869
2023-01-05 05:32:00,-0.637028,0.46141
2023-01-05 05:33:00,-0.6473,0.428369
2023-01-05 05:34:00,-0.633602,0.402166
2023-01-05 05:35:00,-0.642736,0.426092
2023-01-05 05:36:00,-0.622186,0.39761
2023-01-05 05:37:00,-0.589077,0.416976
2023-01-05 05:38:00,-0.601635,0.397608
2023-01-05 05:39:00,-0.568528,0.397608
2023-01-05 05:40:00,-0.575378,0.431787
2023-01-05 05:41:00,-0.54912,0.459129
2023-01-05 05:42:00,-0.533139,0.472802
2023-01-05 05:43:00,-0.538847,0.486472
2023-01-05 05:44:00,-0.545697,0.492169
2023-01-05 05:45:00,-0.552545,0.527486
2023-01-05 05:46:00,-0.583369,0.506979
2023-01-05 05:47:00,-0.6199,0.460268
2023-01-05 05:48:00,-0.626751,0.477358
2023-01-05 05:49:00,-0.632462,0.469385
2023-01-05 05:50:00,-0.656439,0.451158
2023-01-05 05:51:00,-0.718085,0.442043
2023-01-05 05:52:00,-0.782016,0.447739
2023-01-05 05:53:00,-0.852798,0.420397
2023-01-05 05:54:00,-0.855084,0.373687
2023-01-05 05:55:00,-0.873352,0.366852
2023-01-05 05:56:00,-0.875635,0.371409
2023-01-05 05:57:00,-0.873353,0.379385
2023-01-05 05:58:00,-0.799144,0.365712
2023-01-05 05:59:00,-0.689547,0.378244
2023-01-05 06:00:00,-0.632465,0.399891
2023-01-05 06:01:00,-0.659865,0.380523
2023-01-05 06:02:00,-0.746627,0.371408
2023-01-05 06:03:00,-0.795717,0.347482
2023-01-05 06:04:00,-0.810558,0.35204
2023-01-05 06:05:00,-0.796856,0.347482
2023-01-05 06:06:00,-0.782016,0.354318
2023-01-05 06:07:00,-0.776311,0.317862
2023-01-05 06:08:00,-0.805994,0.288241
2023-01-05 06:09:00,-0.844806,0.246086
2023-01-05 06:10:00,-0.844804,0.219882
2023-01-05 06:11:00,-0.87791,0.208488
2023-01-05 06:12:00,-0.895036,0.184564
2023-01-05 06:13:00,-0.940706,0.166336
2023-01-05 06:14:00,-1.01377,0.169754
2023-01-05 06:15:00,-1.01605,0.209629
2023-01-05 06:16:00,-0.998927,0.232414
2023-01-05 06:17:00,-0.912162,0.231275
2023-01-05 06:18:00,-0.880191,0.247223
2023-01-05 06:19:00,-0.848227,0.277985
2023-01-05 06:20:00,-0.768322,0.312166
2023-01-05 06:21:00,-0.750056,0.329256
2023-01-05 06:22:00,-0.736354,0.338369
2023-01-05 06:23:00,-0.731786,0.373686
2023-01-05 06:24:00,-0.69183,0.374826
2023-01-05 06:25:00,-0.638172,0.386218
2023-01-05 06:26:00,-0.56853,0.377103
2023-01-05 06:27:00,-0.456649,0.39419
2023-01-05 06:28:00,-0.287691,0.438625
2023-01-05 06:29:00,-0.0981802,0.486475
2023-01-05 06:30:00,0.122154,0.492171
2023-01-05 06:31:00,0.340204,0.497866
2023-01-05 06:32:00,0.623328,0.493309
2023-01-05 06:33:00,0.982938,0.519512
2023-01-05 06:34:00,1.31743,0.563944
2023-01-05 06:35:00,1.66562,0.602677
2023-01-05 06:36:00,2.01381,0.645966
2023-01-05 06:37:00,2.44535,0.673311
2023-01-05 06:38:00,2.88145,0.67673
2023-01-05 06:39:00,3.33469,0.726861
2023-01-05 06:40:00,3.82674,0.739395
2023-01-05 06:41:00,4.33704,0.781547
2023-01-05 06:42:00,4.86447,0.780408
2023-01-05 06:43:00,5.47522,0.769013
2023-01-05 06:44:00,6.21498,0.832811
2023-01-05 06:45:00,6.99358,0.91712
2023-01-05 06:46:00,7.78246,1.00826
2023-01-05 06:47:00,8.61812,1.11991
2023-01-05 06:48:00,9.50856,1.22586
2023-01-05 06:49:00,10.5258,1.34549
2023-01-05 06:50:00,11.535,1.50954
2023-01-05 06:51:00,12.5521,1.68841
2023-01-05 06:52:00,13.6424,1.83652
2023-01-05 06:53:00,14.8092,1.99033
2023-01-05 06:54:00,16.1415,2.13274
2023-01-05 06:55:00,17.4978,2.31731
2023-01-05 06:56:00,19.1406,2.61352
2023-01-05 06:57:00,20.7583,2.91088
2023-01-05 06:58:00,22.9239,3.18088
2023-01-05 06:59:00,24.6888,3.231
2023-01-05 07:00:00,24.6464,3.13756
2023-01-05 07:01:00,25.0539,3.13299
2023-01-05 07:02:00,26.1315,3.27996
2023-01-05 07:03:00,27.5598,3.46225
2023-01-05 07:04:00,29.8876,4.15607
2023-01-05 07:05:00,35.3139,6.37769
2023-01-05 07:06:00,41.4809,8.65283
2023-01-05 07:07:00,49.9838,9.95391
2023-01-05 07:08:00,57.7573,10.3891
2023-01-05 07:09:00,66.3343,10.6557
2023-01-05 07:10:00,72.5582,10.9975
2023-01-05 07:11:00,75.8804,11.3837
2023-01-05 07:12:00,78.7201,12.0081
2023-01-05 07:13:00,82.2639,13.0608
2023-01-05 07:14:00,86.2644,14.5522
2023-01-05 07:15:00,90.112,16.1199
2023-01-05 07:16:00,94.2721,17.4438
2023-01-05 07:17:00,97.6754,18.5079
2023-01-05 07:18:00,101.021,19.532
2023-01-05 07:19:00,104.439,20.3671
2023-01-05 07:20:00,108.303,21.3103
2023-01-05 07:21:00,112.013,22.2285
2023-01-05 07:22:00,116.015,23.1765
2023-01-05 07:23:00,119.243,23.9353
2023-01-05 07:24:00,122.741,24.6428
2023-01-05 07:25:00,126.358,25.3197
2023-01-05 07:26:00,129.589,25.8426
2023-01-05 07:27:00,133.159,26.5352
2023-01-05 07:28:00,136.429,27.1707
2023-01-05 07:29:00,140.068,27.8327
2023-01-05 07:30:00,143.451,28.3444
2023-01-05 07:31:00,147.869,29.0634
2023-01-05 07:32:00,151.671,29.7504
2023-01-05 07:33:00,154.84,30.147
2023-01-05 07:34:00,157.992,30.67
2023-01-05 07:35:00,161.904,31.3353
2023-01-05 07:36:00,166.778,32.0735
2023-01-05 07:37:00,171.171,32.8025
2023-01-05 07:38:00,176.147,33.6204
2023-01-05 07:39:00,179.995,34.1217
2023-01-05 07:40:00,182.697,34.4647
2023-01-05 07:41:00,186.018,34.8428
2023-01-05 07:42:00,189.974,35.3248
2023-01-05 07:43:00,195.219,36.0619
2023-01-05 07:44:00,200.224,36.8913
2023-01-05 07:45:00,203.842,37.4575
2023-01-05 07:46:00,207.001,37.8925
2023-01-05 07:47:00,209.751,38.1828
2023-01-05 07:48:00,213.939,38.8744
2023-01-05 07:49:00,218.76,39.5
2023-01-05 07:50:00,222.683,39.8691
2023-01-05 07:51:00,225.118,39.9614
2023-01-05 07:52:00,228.477,40.5687
2023-01-05 07:53:00,232.982,41.2898
2023-01-05 07:54:00,236.335,41.6032
2023-01-05 07:55:00,238.78,41.7683
2023-01-05 07:56:00,239.163,41.6919
2023-01-05 07:57:00,244.426,42.5166
2023-01-05 07:58:00,248.13,43.0293
2023-01-05 07:59:00,252.255,43.567
2023-01-05 08:00:00,257.021,44.2119
2023-01-05 08:01:00,261.187,44.6003
2023-01-05 08:02:00,264.956,44.826
2023-01-05 08:03:00,268.799,45.3261
2023-01-05 08:04:00,274.269,45.9721
2023-01-05 08:05:00,280.637,46.9007
2023-01-05 08:06:00,285.143,47.5912
2023-01-05 08:07:00,288.815,47.8303
2023-01-05 08:08:00,293.216,48.3793
2023-01-05 08:09:00,297.927,48.9717
2023-01-05 08:10:00,302.888,49.6199
2023-01-05 08:11:00,306.797,50.0312
2023-01-05 08:12:00,309.57,50.2763
2023-01-05 08:13:00,313.265,50.5702
2023-01-05 08:14:00,318.47,51.0236
2023-01-05 08:15:00,323.367,51.6151
2023-01-05 08:16:00,326.783,51.4896
2023-01-05 08:17:00,329.848,51.9156
2023-01-05 08:18:00,333.702,52.3667
2023-01-05 08:19:00,336.136,52.2472
2023-01-05 08:20:00,340.419,52.9694
2023-01-05 08:21:00,344.322,53.6586
2023-01-05 08:22:00,348.418,54.3387
2023-01-05 08:23:00,351.674,54.6325
2023-01-05 08:24:00,355.068,54.7695
2023-01-05 08:25:00,360.091,55.3905
2023-01-05 08:26:00,362.96,55.8815
2023-01-05 08:27:00,367.423,56.3532
2023-01-05 08:28:00,371.174,56.3362
2023-01-05 08:29:00,375.339,56.612
2023-01-05 08:30:00,379.875,57.0941
2023-01-05 08:31:00,383.517,57.634
2023-01-05 08:32:00,385.895,58.0827
2023-01-05 08:33:00,389.112,58.4699
2023-01-05 08:34:00,393.345,58.9073
2023-01-05 08:35:00,398.687,59.1544
2023-01-05 08:36:00,401.331,59.3027
2023-01-05 08:37:00,403.355,59.4828
2023-01-05 08:38:00,405.533,59.7949
2023-01-05 08:39:00,411.812,60.7246
2023-01-05 08:40:00,417.156,61.1757
2023-01-05 08:41:00,420.651,61.4982
2023-01-05 08:42:00,424.007,61.5335
2023-01-05 08:43:00,428.768,61.8833
2023-01-05 08:44:00,432.617,62.643
2023-01-05 08:45:00,437.045,63.5398
2023-01-05 08:46:00,440.734,63.8577
2023-01-05 08:47:00,442.825,63.9806
2023-01-05 08:48:00,446.0,63.831
2023-01-05 08:49:00,450.624,64.2718
2023-01-05 08:50:00,455.35,64.5214
2023-01-05 08:51:00,459.671,64.8259
2023-01-05 08:52:00,463.488,65.1824
2023-01-05 08:53:00,467.455,65.5773
2023-01-05 08:54:00,470.885,65.5838
2023-01-05 08:55:00,473.765,65.4209
2023-01-05 08:56:00,476.487,65.5164
2023-01-05 08:57:00,479.739,66.3003
2023-01-05 08:58:00,481.87,66.8768
2023-01-05 08:59:00,487.326,66.5284
2023-01-05 09:00:00,489.83,67.1505
2023-01-05 09:01:00,491.691,67.8976
2023-01-05 09:02:00,496.075,67.952
2023-01-05 09:03:00,498.376,67.5246
2023-01-05 09:04:00,501.816,67.5633
2023-01-05 09:05:00,506.703,68.2823
2023-01-05 09:06:00,513.031,69.1732
2023-01-05 09:07:00,517.294,69.8225
2023-01-05 09:08:00,520.534,70.7315
2023-01-05 09:09:00,523.198,70.7918
2023-01-05 09:10:00,527.539,71.3044
2023-01-05 09:11:00,532.522,71.7887
2023-01-05 09:12:00,534.961,72.5508
2023-01-05 09:13:00,538.838,72.283
2023-01-05 09:14:00,541.088,72.7136
2023-01-05 09:15:00,542.252,72.7468
2023-01-05 09:16:00,546.907,72.9225
2023-01-05 09:17:00,552.645,74.3077
2023-01-05 09:18:00,556.945,75.1383
2023-01-05 09:19:00,559.392,75.5362
2023-01-05 09:20:00,561.498,75.1739
2023-01-05 09:21:00,565.894,75.6502
2023-01-05 09:22:00,570.495,76.1993
2023-01-05 09:23:00,573.803,75.7616
2023-01-05 09:24:00,576.966,76.0169
2023-01-05 09:25:00,578.332,76.6881
2023-01-05 09:26:00,582.197,77.3693
2023-01-05 09:27:00,587.482,77.7587
2023-01-05 09:28:00,590.899,78.6904
2023-01-05 09:29:00,592.689,81.1123
2023-01-05 09:30:00,595.215,84.4525
2023-01-05 09:31:00,600.672,87.8288
2023-01-05 09:32:00,604.618,92.0508
2023-01-05 09:33:00,607.598,97.4622
2023-01-05 09:34:00,610.301,95.9117
2023-01-05 09:35:00,613.968,93.6253
2023-01-05 09:36:00,616.528,97.1421
2023-01-05 09:37:00,618.643,99.0298
2023-01-05 09:38:00,622.732,98.9478
2023-01-05 09:39:00,626.898,97.2207
2023-01-05 09:40:00,629.281,92.8791
2023-01-05 09:41:00,632.107,87.4255
2023-01-05 09:42:00,634.266,82.6807
2023-01-05 09:43:00,636.084,81.6908
2023-01-05 09:44:00,640.147,82.3048
2023-01-05 09:45:00,642.592,82.094
2023-01-05 09:46:00,645.674,81.9151
2023-01-05 09:47:00,648.29,82.2102
2023-01-05 09:48:00,652.89,83.0622
2023-01-05 09:49:00,655.133,82.825
2023-01-05 09:50:00,658.063,83.4106
2023-01-05 09:51:00,663.67,83.7957
2023-01-05 09:52:00,664.687,84.0897
2023-01-05 09:53:00,668.877,84.5168
2023-01-05 09:54:00,669.767,84.2615
2023-01-05 09:55:00,674.119,85.175
2023-01-05 09:56:00,678.673,86.0591
2023-01-05 09:57:00,682.771,85.6797
2023-01-05 09:58:00,687.103,86.1045
2023-01-05 09:59:00,691.455,87.1969
2023-01-05 10:00:00,693.2,86.796
2023-01-05 10:01:00,694.917,87.1254
2023-01-05 10:02:00,695.657,87.049
2023-01-05 10:03:00,696.153,87.2278
2023-01-05 10:04:00,699.186,87.3453
2023-01-05 10:05:00,702.19,87.6321
2023-01-05 10:06:00,704.873,88.1456
2023-01-05 10:07:00,707.921,87.6137
2023-01-05 10:08:00,708.714,87.7434
2023-01-05 10:09:00,710.437,87.0872
2023-01-05 10:10:00,713.492,87.3096
2023-01-05 10:11:00,716.02,88.0959
2023-01-05 10:12:00,717.297,88.2438
2023-01-05 10:13:00,719.788,88.714
2023-01-05 10:14:00,723.057,89.7221
2023-01-05 10:15:00,726.112,89.8336
2023-01-05 10:16:00,728.327,90.1035
2023-01-05 10:17:00,731.073,89.802
2023-01-05 10:18:00,732.128,89.8957
2023-01-05 10:19:00,734.015,90.4265
2023-01-05 10:20:00,737.357,90.5633
2023-01-05 10:21:00,740.08,90.5761
2023-01-05 10:22:00,741.532,90.7049
2023-01-05 10:23:00,742.686,91.1981
2023-01-05 10:24:00,745.998,91.2786
2023-01-05 10:25:00,749.345,90.9674
2023-01-05 10:26:00,749.168,91.0868
2023-01-05 10:27:00,750.23,91.3695
2023-01-05 10:28:00,749.736,91.7226
2023-01-05 10:29:00,755.185,92.3855
2023-01-05 10:30:00,756.192,92.6932
2023-01-05 10:31:00,760.287,93.0372
2023-01-05 10:32:00,764.979,93.2034
2023-01-05 10:33:00,766.013,93.6681
2023-01-05 10:34:00,767.428,94.1738
2023-01-05 10:35:00,769.483,95.1102
2023-01-05 10:36:00,769.529,94.3446
2023-01-05 10:37:00,770.536,93.8414
2023-01-05 10:38:00,771.821,94.0475
2023-01-05 10:39:00,772.498,94.6626
2023-01-05 10:40:00,774.171,94.4939
2023-01-05 10:41:00,776.897,94.273
2023-01-05 10:42:00,779.698,94.6115
2023-01-05 10:43:00,782.665,95.3758
2023-01-05 10:44:00,784.66,96.2165
2023-01-05 10:45:00,785.983,96.1049
2023-01-05 10:46:00,786.965,95.4614
2023-01-05 10:47:00,788.818,94.8324
2023-01-05 10:48:00,792.283,95.9431
2023-01-05 10:49:00,793.082,96.8441
2023-01-05 10:50:00,793.025,99.7605
2023-01-05 10:51:00,795.279,103.503
2023-01-05 10:52:00,795.847,106.919
2023-01-05 10:53:00,799.276,106.942
2023-01-05 10:54:00,801.907,104.899
2023-01-05 10:55:00,805.024,103.734
2023-01-05 10:56:00,807.559,105.663
2023-01-05 10:57:00,809.445,107.757
2023-01-05 10:58:00,813.329,105.856
2023-01-05 10:59:00,813.297,103.36
2023-01-05 11:00:00,812.435,103.896
2023-01-05 11:01:00,815.028,107.034
2023-01-05 11:02:00,814.573,111.487
2023-01-05 11:03:00,814.239,114.986
2023-01-05 11:04:00,816.508,118.129
2023-01-05 11:05:00,817.292,118.891
2023-01-05 11:06:00,821.159,118.736
2023-01-05 11:07:00,825.388,118.587
2023-01-05 11:08:00,829.657,118.409
2023-01-05 11:09:00,831.303,116.96
2023-01-05 11:10:00,833.029,113.113
2023-01-05 11:11:00,833.946,109.422
2023-01-05 11:12:00,833.105,107.164
2023-01-05 11:13:00,834.457,106.762
2023-01-05 11:14:00,838.883,108.228
2023-01-05 11:15:00,838.663,109.694
2023-01-05 11:16:00,838.832,109.877
2023-01-05 11:17:00,838.06,108.766
2023-01-05 11:18:00,840.416,106.494
2023-01-05 11:19:00,840.627,104.411
2023-01-05 11:20:00,843.606,103.185
2023-01-05 11:21:00,845.541,102.608
2023-01-05 11:22:00,846.839,102.661
2023-01-05 11:23:00,846.8,101.98
2023-01-05 11:24:00,846.61,101.735
2023-01-05 11:25:00,844.644,101.084
2023-01-05 11:26:00,842.647,100.956
2023-01-05 11:27:00,848.44,101.522
2023-01-05 11:28:00,851.091,101.119
2023-01-05 11:29:00,849.633,100.717
2023-01-05 11:30:00,850.055,100.658
2023-01-05 11:31:00,856.385,101.493
2023-01-05 11:32:00,856.615,101.417
2023-01-05 11:33:00,854.968,100.956
2023-01-05 11:34:00,854.088,101.053
2023-01-05 11:35:00,853.562,101.189
2023-01-05 11:36:00,854.763,101.867
2023-01-05 11:37:00,859.857,102.671
2023-01-05 11:38:00,865.944,102.583
2023-01-05 11:39:00,868.56,102.299
2023-01-05 11:40:00,871.655,102.593
2023-01-05 11:41:00,873.375,102.573
2023-01-05 11:42:00,874.454,102.528
2023-01-05 11:43:00,874.975,102.585
2023-01-05 11:44:00,874.785,102.995
2023-01-05 11:45:00,874.882,102.976
2023-01-05 11:46:00,874.589,103.065
2023-01-05 11:47:00,875.034,102.986
2023-01-05 11:48:00,877.661,103.028
2023-01-05 11:49:00,881.295,104.696
2023-01-05 11:50:00,886.415,106.443
2023-01-05 11:51:00,897.635,106.248
2023-01-05 11:52:00,913.49,108.502
2023-01-05 11:53:00,930.896,111.101
2023-01-05 11:54:00,943.039,112.462
2023-01-05 11:55:00,947.984,112.729
2023-01-05 11:56:00,954.867,113.351
2023-01-05 11:57:00,979.035,116.577
2023-01-05 11:58:00,1000.65,119.325
2023-01-05 11:59:00,672.737,87.0023
2023-01-05 12:00:00,532.349,61.5378
2023-01-05 12:01:00,251.67,27.7649
2023-01-05 12:02:00,183.3,17.7443
2023-01-05 12:03:00,188.138,18.8562
2023-01-05 12:04:00,637.839,73.5154
2023-01-05 12:05:00,920.255,112.459
2023-01-05 12:06:00,911.247,110.763
2023-01-05 12:07:00,905.773,109.104
2023-01-05 12:08:00,900.084,107.869
2023-01-05 12:09:00,900.791,107.682
2023-01-05 12:10:00,899.867,107.445
2023-01-05 12:11:00,899.086,107.614
2023-01-05 12:12:00,896.756,107.608
2023-01-05 12:13:00,890.524,107.094
2023-01-05 12:14:00,885.235,106.614
2023-01-05 12:15:00,883.161,105.825
2023-01-05 12:16:00,881.415,105.29
2023-01-05 12:17:00,880.569,105.44
2023-01-05 12:18:00,880.582,104.98
2023-01-05 12:19:00,877.731,104.594
2023-01-05 12:20:00,877.713,103.918
2023-01-05 12:21:00,877.508,103.705
2023-01-05 12:22:00,875.789,104.048
2023-01-05 12:23:00,874.084,104.307
2023-01-05 12:24:00,873.026,103.768
2023-01-05 12:25:00,873.21,104.193
2023-01-05 12:26:00,876.132,104.134
2023-01-05 12:27:00,876.57,103.446
2023-01-05 12:28:00,874.93,103.258
2023-01-05 12:29:00,873.105,103.222
2023-01-05 12:30:00,875.13,104.67
2023-01-05 12:31:00,877.977,105.89
2023-01-05 12:32:00,879.117,106.451
2023-01-05 12:33:00,877.584,105.841
2023-01-05 12:34:00,877.016,104.943
2023-01-05 12:35:00,875.704,104.969
2023-01-05 12:36:00,875.751,104.87
2023-01-05 12:37:00,874.929,104.762
2023-01-05 12:38:00,873.6,104.844
2023-01-05 12:39:00,872.245,105.212
2023-01-05 12:40:00,871.963,104.466
2023-01-05 12:41:00,871.335,104.744
2023-01-05 12:42:00,870.141,104.755
2023-01-05 12:43:00,868.177,104.574
2023-01-05 12:44:00,867.978,104.508
2023-01-05 12:45:00,865.149,104.408
2023-01-05 12:46:00,864.073,104.547
2023-01-05 12:47:00,863.625,104.342
2023-01-05 12:48:00,862.56,105.824
2023-01-05 12:49:00,861.436,109.808
2023-01-05 12:50:00,861.326,114.246
2023-01-05 12:51:00,860.908,116.206
2023-01-05 12:52:00,861.373,116.041
2023-01-05 12:53:00,861.176,113.604
2023-01-05 12:54:00,859.725,114.39
2023-01-05 12:55:00,858.929,117.098
2023-01-05 12:56:00,857.868,119.026
2023-01-05 12:57:00,856.335,118.44
2023-01-05 12:58:00,855.926,116.839
2023-01-05 12:59:00,853.326,118.204
2023-01-05 13:00:00,850.581,120.223
2023-01-05 13:01:00,849.013,120.778
2023-01-05 13:02:00,849.278,118.372
2023-01-05 13:03:00,849.831,116.113
2023-01-05 13:04:00,852.075,111.89
2023-01-05 13:05:00,852.685,110.835
2023-01-05 13:06:00,853.928,112.206
2023-01-05 13:07:00,858.398,115.091
2023-01-05 13:08:00,858.897,118.714
2023-01-05 13:09:00,852.593,116.238
2023-01-05 13:10:00,846.088,113.932
2023-01-05 13:11:00,842.241,114.457
2023-01-05 13:12:00,839.119,115.211
2023-01-05 13:13:00,840.283,115.512
2023-01-05 13:14:00,839.669,113.838
2023-01-05 13:15:00,837.221,115.498
2023-01-05 13:16:00,838.278,116.132
2023-01-05 13:17:00,842.678,116.678
2023-01-05 13:18:00,844.0,117.175
2023-01-05 13:19:00,842.391,117.348
2023-01-05 13:20:00,837.618,116.169
2023-01-05 13:21:00,832.708,116.451
2023-01-05 13:22:00,836.474,119.811
2023-01-05 13:23:00,832.008,116.142
2023-01-05 13:24:00,830.2,117.205
2023-01-05 13:25:00,827.564,119.586
2023-01-05 13:26:00,824.673,116.468
2023-01-05 13:27:00,822.205,113.212
2023-01-05 13:28:00,821.272,108.079
2023-01-05 13:29:00,817.645,104.522
2023-01-05 13:30:00,815.132,101.975
2023-01-05 13:31:00,815.043,101.685
2023-01-05 13:32:00,812.769,100.946
2023-01-05 13:33:00,810.578,100.051
2023-01-05 13:34:00,809.2,99.3355
2023-01-05 13:35:00,808.666,99.0953
2023-01-05 13:36:00,806.911,98.7937
2023-01-05 13:37:00,804.667,98.5799
2023-01-05 13:38:00,801.721,98.9055
2023-01-05 13:39:00,799.575,98.9976
2023-01-05 13:40:00,798.346,98.8419
2023-01-05 13:41:00,796.915,98.6187
2023-01-05 13:42:00,795.808,98.7864
2023-01-05 13:43:00,791.989,98.1212
2023-01-05 13:44:00,789.231,98.1766
2023-01-05 13:45:00,787.682,98.0259
2023-01-05 13:46:00,787.107,98.5557
2023-01-05 13:47:00,785.981,98.8529
2023-01-05 13:48:00,785.224,98.8769
2023-01-05 13:49:00,782.423,99.0541
2023-01-05 13:50:00,780.999,98.7921
2023-01-05 13:51:00,779.193,99.1254
2023-01-05 13:52:00,778.029,99.1743
2023-01-05 13:53:00,775.725,99.2072
2023-01-05 13:54:00,773.254,98.6175
2023-01-05 13:55:00,770.34,98.3866
2023-01-05 13:56:00,767.906,98.5701
2023-01-05 13:57:00,765.035,98.3503
2023-01-05 13:58:00,761.846,98.3569
2023-01-05 13:59:00,759.07,98.3175
2023-01-05 14:00:00,756.686,98.395
2023-01-05 14:01:00,754.365,98.2588
2023-01-05 14:02:00,752.108,98.0631
2023-01-05 14:03:00,748.707,97.7605
2023-01-05 14:04:00,746.341,97.5011
2023-01-05 14:05:00,745.481,97.6005
2023-01-05 14:06:00,743.395,98.1529
2023-01-05 14:07:00,741.249,97.6446
2023-01-05 14:08:00,740.105,99.2347
2023-01-05 14:09:00,737.817,100.826
2023-01-05 14:10:00,735.245,103.605
2023-01-05 14:11:00,731.864,107.344
2023-01-05 14:12:00,728.966,110.096
2023-01-05 14:13:00,726.232,109.461
2023-01-05 14:14:00,724.458,111.057
2023-01-05 14:15:00,722.526,114.817
2023-01-05 14:16:00,720.955,115.126
2023-01-05 14:17:00,719.266,115.443
2023-01-05 14:18:00,716.388,114.738
2023-01-05 14:19:00,713.342,111.401
2023-01-05 14:20:00,710.325,110.204
2023-01-05 14:21:00,707.577,107.744
2023-01-05 14:22:00,704.348,104.617
2023-01-05 14:23:00,701.393,100.683
2023-01-05 14:24:00,699.872,98.1629
2023-01-05 14:25:00,698.036,97.0178
2023-01-05 14:26:00,695.108,94.6398
2023-01-05 14:27:00,692.457,93.2734
2023-01-05 14:28:00,688.87,92.6662
2023-01-05 14:29:00,685.029,91.9478
2023-01-05 14:30:00,681.786,91.1984
2023-01-05 14:31:00,678.422,90.5888
2023-01-05 14:32:00,675.932,90.1084
2023-01-05 14:33:00,674.217,89.9946
2023-01-05 14:34:00,672.796,89.679
2023-01-05 14:35:00,670.767,89.2954
2023-01-05 14:36:00,667.905,88.9265
2023-01-05 14:37:00,664.865,87.809
2023-01-05 14:38:00,662.293,87.5756
2023-01-05 14:39:00,659.45,87.1903
2023-01-05 14:40:00,656.914,86.945
2023-01-05 14:41:00,653.784,86.6927
2023-01-05 14:42:00,650.518,86.0022
2023-01-05 14:43:00,647.886,86.0979
2023-01-05 14:44:00,642.367,85.3551
2023-01-05 14:45:00,636.808,85.0171
2023-01-05 14:46:00,633.622,84.3756
2023-01-05 14:47:00,632.731,84.4417
2023-01-05 14:48:00,628.845,83.7094
2023-01-05 14:49:00,627.596,83.38
2023-01-05 14:50:00,626.854,83.7312
2023-01-05 14:51:00,623.982,83.0545
2023-01-05 14:52:00,620.467,82.664
2023-01-05 14:53:00,617.12,83.2896
2023-01-05 14:54:00,614.65,82.9318
2023-01-05 14:55:00,610.786,81.5861
2023-01-05 14:56:00,606.886,82.1805
2023-01-05 14:57:00,603.039,82.0107
2023-01-05 14:58:00,598.506,81.7271
2023-01-05 14:59:00,595.439,81.7922
2023-01-05 15:00:00,593.763,81.5076
2023-01-05 15:01:00,591.173,80.5721
2023-01-05 15:02:00,589.071,80.5291
2023-01-05 15:03:00,586.231,80.6169
2023-01-05 15:04:00,582.674,81.0667
2023-01-05 15:05:00,579.198,80.7147
2023-01-05 15:06:00,575.027,79.8134
2023-01-05 15:07:00,571.378,79.3142
2023-01-05 15:08:00,568.775,79.0467
2023-01-05 15:09:00,565.54,78.6257
2023-01-05 15:10:00,562.997,78.767
2023-01-05 15:11:00,561.096,78.7819
2023-01-05 15:12:00,557.729,78.7728
2023-01-05 15:13:00,554.906,78.2852
2023-01-05 15:14:00,550.733,78.1779
2023-01-05 15:15:00,546.956,77.8841
2023-01-05 15:16:00,544.902,77.4672
2023-01-05 15:17:00,541.695,77.1118
2023-01-05 15:18:00,537.132,76.7902
2023-01-05 15:19:00,533.264,76.3116
2023-01-05 15:20:00,530.473,75.5496
2023-01-05 15:21:00,528.214,75.6534
2023-01-05 15:22:00,525.891,75.7653
2023-01-05 15:23:00,522.39,75.4496
2023-01-05 15:24:00,518.758,74.6488
2023-01-05 15:25:00,515.451,74.1888
2023-01-05 15:26:00,512.029,74.0247
2023-01-05 15:27:00,508.856,74.2069
2023-01-05 15:28:00,504.618,73.5393
2023-01-05 15:29:00,500.255,72.972
2023-01-05 15:30:00,497.269,72.1595
2023-01-05 15:31:00,493.688,72.1822
2023-01-05 15:32:00,491.348,72.5149
2023-01-05 15:33:00,488.035,72.5151
2023-01-05 15:34:00,483.732,71.6516
2023-01-05 15:35:00,479.507,71.0784
2023-01-05 15:36:00,475.222,70.3846
2023-01-05 15:37:00,470.902,70.5339
2023-01-05 15:38:00,466.586,69.7273
2023-01-05 15:39:00,462.863,69.3411
2023-01-05 15:40:00,460.162,69.3637
2023-01-05 15:41:00,457.452,69.3888
2023-01-05 15:42:00,453.793,68.7666
2023-01-05 15:43:00,449.728,68.6107
2023-01-05 15:44:00,445.768,68.3637
2023-01-05 15:45:00,442.646,68.6533
2023-01-05 15:46:00,439.298,68.2931
2023-01-05 15:47:00,435.806,67.3848
2023-01-05 15:48:00,431.854,66.9223
2023-01-05 15:49:00,427.684,66.7915
2023-01-05 15:50:00,423.959,66.1898
2023-01-05 15:51:00,419.414,65.8244
2023-01-05 15:52:00,415.944,65.5478
2023-01-05 15:53:00,412.692,64.7025
2023-01-05 15:54:00,408.638,64.0073
2023-01-05 15:55:00,405.297,64.202
2023-01-05 15:56:00,401.487,64.0653
2023-01-05 15:57:00,397.161,63.466
2023-01-05 15:58:00,392.792,63.2915
2023-01-05 15:59:00,388.928,63.0856
2023-01-05 16:00:00,385.206,62.966
2023-01-05 16:01:00,381.668,63.4617
2023-01-05 16:02:00,377.789,62.2462
2023-01-05 16:03:00,374.001,61.3156
2023-01-05 16:04:00,370.208,60.9205
2023-01-05 16:05:00,365.647,60.3519
2023-01-05 16:06:00,361.184,60.1547
2023-01-05 16:07:00,356.848,59.4494
2023-01-05 16:08:00,351.973,59.1372
2023-01-05 16:09:00,346.974,58.5334
2023-01-05 16:10:00,342.936,58.0379
2023-01-05 16:11:00,338.991,57.7451
2023-01-05 16:12:00,335.102,57.5675
2023-01-05 16:13:00,330.755,56.9316
2023-01-05 16:14:00,326.918,56.7937
2023-01-05 16:15:00,322.156,56.3597
2023-01-05 16:16:00,317.945,56.4861
2023-01-05 16:17:00,314.448,57.77
2023-01-05 16:18:00,310.931,59.4924
2023-01-05 16:19:00,307.479,58.3531
2023-01-05 16:20:00,304.275,57.1879
2023-01-05 16:21:00,301.459,54.8115
2023-01-05 16:22:00,298.367,53.5528
2023-01-05 16:23:00,295.162,53.235
2023-01-05 16:24:00,292.01,53.2533
2023-01-05 16:25:00,288.759,53.7408
2023-01-05 16:26:00,285.148,53.1837
2023-01-05 16:27:00,281.287,51.8872
2023-01-05 16:28:00,276.645,51.0671
2023-01-05 16:29:00,271.353,50.4872
2023-01-05 16:30:00,265.246,49.5406
2023-01-05 16:31:00,259.87,48.57
2023-01-05 16:32:00,256.059,48.1554
2023-01-05 16:33:00,252.311,47.957
2023-01-05 16:34:00,248.836,48.0446
2023-01-05 16:35:00,244.923,47.3119
2023-01-05 16:36:00,241.342,47.0202
2023-01-05 16:37:00,238.65,46.7686
2023-01-05 16:38:00,235.999,46.5178
2023-01-05 16:39:00,232.816,46.1168
2023-01-05 16:40:00,229.21,45.8013
2023-01-05 16:41:00,224.21,45.1725
2023-01-05 16:42:00,220.795,44.686
2023-01-05 16:43:00,220.788,45.0084
2023-01-05 16:44:00,219.446,44.6678
2023-01-05 16:45:00,209.905,41.3286
2023-01-05 16:46:00,136.691,23.1712
2023-01-05 16:47:00,82.8776,9.54009
2023-01-05 16:48:00,84.9117,9.98096
2023-01-05 16:49:00,94.7865,12.2116
2023-01-05 16:50:00,149.364,26.589
2023-01-05 16:51:00,233.719,48.1106
2023-01-05 16:52:00,242.147,49.9197
2023-01-05 16:53:00,242.09,49.9379
2023-01-05 16:54:00,239.128,49.2555
2023-01-05 16:55:00,234.594,48.3327
2023-01-05 16:56:00,229.947,47.3894
2023-01-05 16:57:00,224.894,46.6455
2023-01-05 16:58:00,218.677,45.946
2023-01-05 16:59:00,211.217,44.9834
2023-01-05 17:00:00,201.788,43.7326
2023-01-05 17:01:00,190.544,43.2941
2023-01-05 17:02:00,179.097,44.2546
2023-01-05 17:03:00,169.046,43.7009
2023-01-05 17:04:00,161.172,41.0237
2023-01-05 17:05:00,154.332,37.1776
2023-01-05 17:06:00,147.829,34.1688
2023-01-05 17:07:00,142.096,32.3984
2023-01-05 17:08:00,137.632,31.3798
2023-01-05 17:09:00,134.15,30.2803
2023-01-05 17:10:00,130.199,29.2004
2023-01-05 17:11:00,124.845,28.1215
2023-01-05 17:12:00,118.41,26.8889
2023-01-05 17:13:00,112.025,25.687
2023-01-05 17:14:00,106.126,24.6855
2023-01-05 17:15:00,101.22,24.3916
2023-01-05 17:16:00,97.4715,23.8322
2023-01-05 17:17:00,95.2645,23.8356
2023-01-05 17:18:00,93.5922,23.0267
2023-01-05 17:19:00,91.9027,21.9217
2023-01-05 17:20:00,89.378,21.2496
2023-01-05 17:21:00,86.3223,20.769
2023-01-05 17:22:00,83.5882,20.1162
2023-01-05 17:23:00,80.9409,19.591
2023-01-05 17:24:00,78.0419,19.0406
2023-01-05 17:25:00,75.022,18.3388
2023-01-05 17:26:00,72.0698,17.8568
2023-01-05 17:27:00,68.4509,17.5846
2023-01-05 17:28:00,63.3548,17.1653
2023-01-05 17:29:00,56.9331,16.4031
2023-01-05 17:30:00,49.8997,15.6262
2023-01-05 17:31:00,40.7724,14.1838
2023-01-05 17:32:00,34.5357,12.0146
2023-01-05 17:33:00,30.9626,11.1283
2023-01-05 17:34:00,27.6761,11.2343
2023-01-05 17:35:00,24.3404,10.4175
2023-01-05 17:36:00,21.3106,9.21102
2023-01-05 17:37:00,18.7236,7.7197
2023-01-05 17:38:00,16.6413,5.8513
2023-01-05 17:39:00,15.0956,4.58102
2023-01-05 17:40:00,13.6708,3.00767
2023-01-05 17:41:00,12.044,1.52206
2023-01-05 17:42:00,10.3613,1.12674
2023-01-05 17:43:00,8.76648,0.897748
2023-01-05 17:44:00,7.42276,0.745081
2023-01-05 17:45:00,6.39644,0.618621
2023-01-05 17:46:00,5.63158,0.471657
2023-01-05 17:47:00,4.95914,0.394184
2023-01-05 17:48:00,4.34037,0.324688
2023-01-05 17:49:00,3.74219,0.270005
2023-01-05 17:50:00,3.16225,0.23127
2023-01-05 17:51:00,2.57089,0.211902
2023-01-05 17:52:00,1.98411,0.112787
2023-01-05 17:53:00,1.38248,-0.00911408
2023-01-05 17:54:00,0.83908,-0.078609
2023-01-05 17:55:00,0.334491,-0.142408
2023-01-05 17:56:00,-0.110737,-0.197094
2023-01-05 17:57:00,-0.487472,-0.248362
2023-01-05 17:58:00,-0.786579,-0.266591
2023-01-05 17:59:00,-1.03659,-0.309884
2023-01-05 18:00:00,-1.2866,-0.34406
2023-01-05 18:01:00,-1.53662,-0.305326
2023-01-05 18:02:00,-1.717,-0.365708
2023-01-05 18:03:00,-1.87341,-0.260896
2023-01-05 18:04:00,-1.99785,-0.338367
2023-01-05 18:05:00,-2.112,-0.346341
2023-01-05 18:06:00,-2.15766,-0.317858
2023-01-05 18:07:00,-2.18392,-0.34748
2023-01-05 18:08:00,-2.27182,-0.355454
2023-01-05 18:09:00,-2.34944,-0.369123
2023-01-05 18:10:00,-2.42593,-0.354313
2023-01-05 18:11:00,-2.49216,-0.385075
2023-01-05 18:12:00,-2.52984,-0.33267
2023-01-05 18:13:00,-2.54011,-0.240388
2023-01-05 18:14:00,-2.54123,-0.241525
2023-01-05 18:15:00,-2.53438,-0.333806
2023-01-05 18:16:00,-2.499,-0.362289
2023-01-05 18:17:00,-2.44763,-0.309883
2023-01-05 18:18:00,-2.40196,-0.284818
2023-01-05 18:19:00,-2.34146,-0.275705
2023-01-05 18:20:00,-2.31862,-0.316717
2023-01-05 18:21:00,-2.29008,-0.197094
2023-01-05 18:22:00,-2.26496,-0.282539
2023-01-05 18:23:00,-2.26953,-0.321275
2023-01-05 18:24:00,-2.31178,-0.332669
2023-01-05 18:25:00,-2.35059,-0.404443
2023-01-05 18:26:00,-2.37343,-0.326972
2023-01-05 18:27:00,-2.39968,-0.288236
2023-01-05 18:28:00,-2.43507,-0.330389
2023-01-05 18:29:00,-2.46361,-0.329251
2023-01-05 18:30:00,-2.47047,-0.29963
2023-01-05 18:31:00,-2.47275,-0.328111
2023-01-05 18:32:00,-2.50357,-0.285958
2023-01-05 18:33:00,-2.48874,-0.29963
2023-01-05 18:34:00,-2.48874,-0.347481
2023-01-05 18:35:00,-2.47961,-0.377102
2023-01-05 18:36:00,-2.42253,-0.15836
2023-01-05 18:37:00,-2.40197,-0.255199
2023-01-05 18:38:00,-2.36773,-0.338367
2023-01-05 18:39:00,-2.32892,-0.300771
2023-01-05 18:40:00,-2.29124,-0.283681
2023-01-05 18:41:00,-2.23872,-0.243805
2023-01-05 18:42:00,-2.22501,-0.268869
2023-01-05 18:43:00,-2.24214,-0.349758
2023-01-05 18:44:00,-2.24784,-0.246083
2023-01-05 18:45:00,-2.25241,-0.159498
2023-01-05 18:46:00,-2.27067,-0.320136
2023-01-05 18:47:00,-2.26611,-0.246082
2023-01-05 18:48:00,-2.25925,-0.25064
2023-01-05 18:49:00,-2.27981,-0.328111
2023-01-05 18:50:00,-2.32434,-0.301909
2023-01-05 18:51:00,-2.35288,-0.341783
2023-01-05 18:52:00,-2.38713,-0.227855
2023-01-05 18:53:00,-2.41681,-0.265452
2023-01-05 18:54:00,-2.42481,-0.30077
2023-01-05 18:55:00,-2.42253,-0.391913
2023-01-05 18:56:00,-2.40883,-0.426091
2023-01-05 18:57:00,-2.40426,-0.421534
2023-01-05 18:58:00,-2.41568,-0.303048
2023-01-05 18:59:00,-2.4191,-0.416975
2023-01-05 19:00:00,-2.44078,-0.462545
2023-01-05 19:01:00,-2.48416,-0.408999
2023-01-05 19:02:00,-2.50814,-0.42609
2023-01-05 19:03:00,-2.55952,-0.511537
2023-01-05 19:04:00,-2.59834,-0.536602
2023-01-05 19:05:00,-2.62687,-0.476219
2023-01-05 19:06:00,-2.636,-0.432924
2023-01-05 19:07:00,-2.64055,-0.345199
2023-01-05 19:08:00,-2.63941,-0.333806
2023-01-05 19:09:00,-2.63598,-0.394187
2023-01-05 19:10:00,-2.61658,-0.282539
2023-01-05 19:11:00,-2.58461,-0.297349
2023-01-05 19:12:00,-2.56863,-0.297349
2023-01-05 19:13:00,-2.5789,-0.408997
2023-01-05 19:14:00,-2.57891,-0.397605
2023-01-05 19:15:00,-2.56863,-0.434062
2023-01-05 19:16:00,-2.54466,-0.508115
2023-01-05 19:17:00,-2.50243,-0.546851
2023-01-05 19:18:00,-2.47731,-0.50014
2023-01-05 19:19:00,-2.47389,-0.451153
2023-01-05 19:20:00,-2.45105,-0.510395
2023-01-05 19:21:00,-2.43164,-0.560522
2023-01-05 19:22:00,-2.41909,-0.577612
2023-01-05 19:23:00,-2.42936,-0.592422
2023-01-05 19:24:00,-2.36771,-0.552547
2023-01-05 19:25:00,-2.30835,-0.518369
2023-01-05 19:26:00,-2.25128,-0.560524
2023-01-05 19:27:00,-2.18848,-0.541155
2023-01-05 19:28:00,-2.15764,-0.536594
2023-01-05 19:29:00,-2.13938,-0.436339
2023-01-05 19:30:00,-2.11883,-0.48305
2023-01-05 19:31:00,-2.12226,-0.508115
2023-01-05 19:32:00,-2.12226,-0.444315
2023-01-05 19:33:00,-2.11883,-0.51495
2023-01-05 19:34:00,-2.13139,-0.544569
2023-01-05 19:35:00,-2.15421,-0.63457
2023-01-05 19:36:00,-2.19988,-0.594696
2023-01-05 19:37:00,-2.27294,-0.592418
2023-01-05 19:38:00,-2.29007,-0.66647
2023-01-05 19:39:00,-2.35515,-0.62318
2023-01-05 19:40:00,-2.42935,-0.606092
2023-01-05 19:41:00,-2.53438,-0.660776
2023-01-05 19:42:00,-2.55493,-0.664194
2023-01-05 19:43:00,-2.59832,-0.665335
2023-01-05 19:44:00,-2.62001,-0.596978
2023-01-05 19:45:00,-2.71248,-0.586724
2023-01-05 19:46:00,-2.757,-0.494443
2023-01-05 19:47:00,-2.77983,-0.344059
2023-01-05 19:48:00,-2.75929,-0.26659
2023-01-05 19:49:00,-2.76157,-0.345199
2023-01-05 19:50:00,-2.76841,-0.303046
2023-01-05 19:51:00,-2.7376,-0.255197
2023-01-05 19:52:00,-2.73075,-0.325832
2023-01-05 19:53:00,-2.71135,-0.214184
2023-01-05 19:54:00,-2.72619,-0.31444
2023-01-05 19:55:00,-2.72961,-0.209627
2023-01-05 19:56:00,-2.77528,-0.309884
2023-01-05 19:57:00,-2.77071,-0.311022
2023-01-05 19:58:00,-2.76272,-0.305325
2023-01-05 19:59:00,-2.76843,-0.246083
2023-01-05 20:00:00,-2.73874,-0.316718
2023-01-05 20:01:00,-2.7045,-0.19026
2023-01-05 20:02:00,-2.70336,-0.262034
2023-01-05 20:03:00,-2.69994,-0.281402
2023-01-05 20:04:00,-2.69993,-0.258616
2023-01-05 20:05:00,-2.65426,-0.232412
2023-01-05 20:06:00,-2.60403,-0.0683564
2023-01-05 20:07:00,-2.57435,-0.134435
2023-01-05 20:08:00,-2.5675,-0.21988
2023-01-05 20:09:00,-2.53096,-0.129877
2023-01-05 20:10:00,-2.49329,-0.184562
2023-01-05 20:11:00,-2.43736,-0.0763315
2023-01-05 20:12:00,-2.41567,-0.14127
2023-01-05 20:13:00,-2.37344,-0.0375962
2023-01-05 20:14:00,-2.31294,-0.00341785
2023-01-05 20:15:00,-2.29238,-0.0797496
2023-01-05 20:16:00,-2.26954,-0.0694959
2023-01-05 20:17:00,-2.23072,-0.103674
2023-01-05 20:18:00,-2.24899,0.0136713
2023-01-05 20:19:00,-2.27981,-0.033039
2023-01-05 20:20:00,-2.29123,0.0432924
2023-01-05 20:21:00,-2.31863,0.00113932
2023-01-05 20:22:00,-2.37343,-0.0262033
2023-01-05 20:23:00,-2.41453,-0.158359
2023-01-05 20:24:00,-2.43393,-0.18912
2023-01-05 20:25:00,-2.44876,-0.128737
2023-01-05 20:26:00,-2.46475,-0.0740527
2023-01-05 20:27:00,-2.499,-0.158359
2023-01-05 20:28:00,-2.56064,-0.263172
2023-01-05 20:29:00,-2.56978,-0.288236
2023-01-05 20:30:00,-2.58804,-0.26545
2023-01-05 20:31:00,-2.60059,-0.318995
2023-01-05 20:32:00,-2.6063,-0.304184
2023-01-05 20:33:00,-2.62913,-0.370262
2023-01-05 20:34:00,-2.64283,-0.354312
2023-01-05 20:35:00,-2.65082,-0.412415
2023-01-05 20:36:00,-2.63827,-0.341781
2023-01-05 20:37:00,-2.63485,-0.424948
2023-01-05 20:38:00,-2.63713,-0.39077
2023-01-05 20:39:00,-2.63484,-0.385073
2023-01-05 20:40:00,-2.64513,-0.421531
2023-01-05 20:41:00,-2.65654,-0.426088
2023-01-05 20:42:00,-2.65311,-0.412416
2023-01-05 20:43:00,-2.64626,-0.414694
2023-01-05 20:44:00,-2.63827,-0.422669
2023-01-05 20:45:00,-2.64055,-0.464821
2023-01-05 20:46:00,-2.62799,-0.509253
2023-01-05 20:47:00,-2.59602,-0.48191
2023-01-05 20:48:00,-2.56633,-0.372539
2023-01-05 20:49:00,-2.5515,-0.416972
2023-01-05 20:50:00,-2.51269,-0.43748
2023-01-05 20:51:00,-2.49786,-0.481912
2023-01-05 20:52:00,-2.50242,-0.444315
2023-01-05 20:53:00,-2.43506,-0.430644
2023-01-05 20:54:00,-2.39054,-0.317856
2023-01-05 20:55:00,-2.31634,-0.259754
2023-01-05 20:56:00,-2.2684,-0.226716
2023-01-05 20:57:00,-2.20218,-0.246083
2023-01-05 20:58:00,-2.16678,-0.2176
2023-01-05 20:59:00,-2.13939,-0.242665
2023-01-05 21:00:00,-2.11541,-0.307603
2023-01-05 21:01:00,-2.08801,-0.328109
2023-01-05 21:02:00,-2.03549,-0.291652
2023-01-05 21:03:00,-2.01722,-0.182282
2023-01-05 21:04:00,-1.98525,-0.170889
2023-01-05 21:05:00,-1.959,-0.134433
2023-01-05 21:06:00,-1.88823,-0.0193677
2023-01-05 21:07:00,-1.85283,-0.0262032
2023-01-05 21:08:00,-1.84826,-0.110509
2023-01-05 21:09:00,-1.85398,-0.115066
2023-01-05 21:10:00,-1.92019,-0.0501278
2023-01-05 21:11:00,-1.92818,-0.111648
2023-01-05 21:12:00,-1.92362,-0.125319
2023-01-05 21:13:00,-1.97956,-0.0170889
2023-01-05 21:14:00,-1.97956,0.012532
2023-01-05 21:15:00,-1.97842,-0.071774
2023-01-05 21:16:00,-1.97956,-0.121902
2023-01-05 21:17:00,-1.98068,-0.124179
2023-01-05 21:18:00,-1.97155,-0.134432
2023-01-05 21:19:00,-1.93159,-0.0934193
2023-01-05 21:20:00,-1.88822,-0.144686
2023-01-05 21:21:00,-1.79576,-0.0512671
2023-01-05 21:22:00,-1.73183,-0.0968379
2023-01-05 21:23:00,-1.67588,-0.138991
2023-01-05 21:24:00,-1.62451,-0.182283
2023-01-05 21:25:00,-1.55716,-0.205068
2023-01-05 21:26:00,-1.5035,-0.207347
2023-01-05 21:27:00,-1.47497,-0.217601
2023-01-05 21:28:00,-1.44071,-0.164054
2023-01-05 21:29:00,-1.43159,-0.133295
2023-01-05 21:30:00,-1.41104,-0.191398
2023-01-05 21:31:00,-1.41674,-0.18798
2023-01-05 21:32:00,-1.43844,-0.170891
2023-01-05 21:33:00,-1.4704,-0.233551
2023-01-05 21:34:00,-1.44186,-0.241526
2023-01-05 21:35:00,-1.451,-0.249501
2023-01-05 21:36:00,-1.47382,-0.240385
2023-01-05 21:37:00,-1.49436,-0.190256
2023-01-05 21:38:00,-1.49664,-0.103672
2023-01-05 21:39:00,-1.52062,-0.0979766
2023-01-05 21:40:00,-1.56744,-0.0900023
2023-01-05 21:41:00,-1.57428,-0.160637
2023-01-05 21:42:00,-1.52747,-0.199371
2023-01-05 21:43:00,-1.50121,-0.238106
2023-01-05 21:44:00,-1.50235,-0.250638
2023-01-05 21:45:00,-1.50692,-0.252917
2023-01-05 21:46:00,-1.5172,-0.299626
2023-01-05 21:47:00,-1.52291,-0.314437
2023-01-05 21:48:00,-1.55487,-0.165193
2023-01-05 21:49:00,-1.57085,-0.159496
2023-01-05 21:50:00,-1.56513,-0.142406
2023-01-05 21:51:00,-1.55257,-0.170888
2023-01-05 21:52:00,-1.5834,-0.173167
2023-01-05 21:53:00,-1.6382,-0.232408
2023-01-05 21:54:00,-1.76036,-0.187978
2023-01-05 21:55:00,-1.82771,-0.180004
2023-01-05 21:56:00,-1.90761,-0.216458
2023-01-05 21:57:00,-2.01036,-0.236966
2023-01-05 21:58:00,-2.1405,-0.32241
2023-01-05 21:59:00,-2.32315,-0.402157
2023-01-05 22:00:00,-2.3985,-0.401018
2023-01-05 22:01:00,-2.46359,-0.41811
2023-01-05 22:02:00,-2.53779,-0.446591
2023-01-05 22:03:00,-2.56404,-0.459121
2023-01-05 22:04:00,-2.56975,-0.442032
2023-01-05 22:05:00,-2.63024,-0.431776
2023-01-05 22:06:00,-2.72956,-0.455702
2023-01-05 22:07:00,-2.78209,-0.562795
2023-01-05 22:08:00,-2.83804,-0.738242
2023-01-05 22:09:00,-2.854,-0.682413
2023-01-05 22:10:00,-2.93733,-0.814567
2023-01-05 22:11:00,-2.99554,-0.804311
2023-01-05 22:12:00,-2.88825,-0.642541
2023-01-05 22:13:00,-2.8483,-0.602669
2023-01-05 22:14:00,-2.79465,-0.643683
2023-01-05 22:15:00,-2.81978,-0.761029
2023-01-05 22:16:00,-2.77411,-0.676724
2023-01-05 22:17:00,-2.77411,-0.769004
2023-01-05 22:18:00,-2.80036,-0.797484
2023-01-05 22:19:00,-2.84488,-0.852166
2023-01-05 22:20:00,-2.84828,-0.866971
2023-01-05 22:21:00,-2.81975,-0.952419
2023-01-05 22:22:00,-2.73301,-0.990019
2023-01-05 22:23:00,-2.70561,-0.808877
2023-01-05 22:24:00,-2.54465,-0.721154
2023-01-05 22:25:00,-2.39395,-0.66647
2023-01-05 22:26:00,-2.29349,-0.650521
2023-01-05 22:27:00,-2.20102,-0.611786
2023-01-05 22:28:00,-2.1428,-0.585583
2023-01-05 22:29:00,-2.06403,-0.586721
2023-01-05 22:30:00,-1.98639,-0.590137
2023-01-05 22:31:00,-1.87907,-0.607223
2023-01-05 22:32:00,-1.76035,-0.545704
2023-01-05 22:33:00,-1.77633,-0.558235
2023-01-05 22:34:00,-1.85853,-0.557097
2023-01-05 22:35:00,-1.8494,-0.520642
2023-01-05 22:36:00,-1.74894,-0.506972
2023-01-05 22:37:00,-1.73639,-0.514949
2023-01-05 22:38:00,-1.81174,-0.525202
2023-01-05 22:39:00,-1.7615,-0.370261
2023-01-05 22:40:00,-1.80717,-0.0911414
2023-01-05 22:41:00,-1.89051,-0.20165
2023-01-05 22:42:00,-1.98411,-0.119623
2023-01-05 22:43:00,-2.04461,-0.13899
2023-01-05 22:44:00,-2.12338,-0.0763302
2023-01-05 22:45:00,-2.15421,-0.1538
2023-01-05 22:46:00,-2.15991,-0.124179
2023-01-05 22:47:00,-2.18845,-0.035317
2023-01-05 22:48:00,-2.21813,0.111647
2023-01-05 22:49:00,-2.2912,0.0831659
2023-01-05 22:50:00,-2.30718,-0.0592413
2023-01-05 22:51:00,-2.35398,-0.298486
2023-01-05 22:52:00,-2.4065,-0.358867
2023-01-05 22:53:00,-2.37911,-0.361146
2023-01-05 22:54:00,-2.38368,-0.399881
2023-01-05 22:55:00,-2.35172,-0.48191
2023-01-05 22:56:00,-2.34716,-0.54571
2023-01-05 22:57:00,-2.34488,-0.546849
2023-01-05 22:58:00,-2.27638,-0.50014
2023-01-05 22:59:00,-2.28322,-0.500138
2023-01-05 23:00:00,-2.25582,-0.479631
2023-01-05 23:01:00,-2.20558,-0.373677
2023-01-05 23:02:00,-2.19873,-0.257473
2023-01-05 23:03:00,-2.17477,-0.216461
2023-01-05 23:04:00,-2.21015,-0.24836
2023-01-05 23:05:00,-2.22499,-0.198232
2023-01-05 23:06:00,-2.21358,-0.230131
2023-01-05 23:07:00,-2.24097,-0.140129
2023-01-05 23:08:00,-2.26609,-0.0626595
2023-01-05 23:09:00,-2.2638,-0.136711
2023-01-05 23:10:00,-2.2444,-0.149243
2023-01-05 23:11:00,-2.217,-0.043292
2023-01-05 23:12:00,-2.16335,-0.0330386
2023-01-05 23:13:00,-2.15762,-0.0569628
2023-01-05 23:14:00,-2.17475,-0.134432
2023-01-05 23:15:00,-2.19187,-0.26089
2023-01-05 23:16:00,-2.1816,-0.272282
2023-01-05 23:17:00,-2.18616,-0.314434
2023-01-05 23:18:00,-2.25236,-0.381647
2023-01-05 23:19:00,-2.28318,-0.374812
2023-01-05 23:20:00,-2.27634,-0.341775
2023-01-05 23:21:00,-2.27977,-0.308737
2023-01-05 23:22:00,-2.2912,-0.316714
2023-01-05 23:23:00,-2.27064,-0.370259
2023-01-05 23:24:00,-2.2421,-0.396461
2023-01-05 23:25:00,-2.29805,-0.38507
2023-01-05 23:26:00,-2.31517,-0.380513
2023-01-05 23:27:00,-2.26494,-0.36798
2023-01-05 23:28:00,-2.20785,-0.329244
2023-01-05 23:29:00,-2.1873,-0.313295
2023-01-05 23:30:00,-2.15875,-0.277977
2023-01-05 23:31:00,-2.14162,-0.187976
2023-01-05 23:32:00,-2.10395,-0.172026
2023-01-05 23:33:00,-2.10281,-0.108228
2023-01-05 23:34:00,-2.06171,-0.0945576
2023-01-05 23:35:00,-2.04574,-0.0740514
2023-01-05 23:36:00,-1.99323,-0.0546842
2023-01-05 23:37:00,-1.95669,-0.0512662
2023-01-05 23:38:00,-1.91218,-0.0102532
2023-01-05 23:39:00,-1.83228,-0.00797484
2023-01-05 23:40:00,-1.77976,-0.0284816
2023-01-05 23:41:00,-1.74665,-0.0205067
2023-01-05 23:42:00,-1.693,-0.0501274
2023-01-05 23:43:00,-1.67358,-0.0979758
2023-01-05 23:44:00,-1.63248,-0.0592411
2023-01-05 23:45:00,-1.59823,-0.0751903
2023-01-05 23:46:00,-1.5811,-0.119621
2023-01-05 23:47:00,-1.59594,-0.117342
2023-01-05 23:48:00,-1.61078,-0.108228
2023-01-05 23:49:00,-1.60851,-0.0820262
2023-01-05 23:50:00,-1.64275,-0.0524055
2023-01-05 23:51:00,-1.66901,-0.027342
2023-01-05 23:52:00,-1.69869,-0.0296205
2023-01-05 23:53:00,-1.72952,-0.00455699
2023-01-05 23:54:00,-1.78203,-0.0786083
2023-01-05 23:55:00,-1.84939,-0.0729121
2023-01-05 23:56:00,-1.89962,-0.0546843
2023-01-05 23:57:00,-1.94529,0.0227851
2023-01-05 23:58:00,-2.04461,0.00227851
2023-01-05 23:59:00,-2.09142,0.0113926
2023-01-06 00:00:00,-2.10625,0.0524058
2023-01-06 00:01:00,-2.12566,0.00227851
2023-01-06 00:02:00,-2.11881,-0.00797475
2023-01-06 00:03:00,-2.12566,-0.0159496
2023-01-06 00:04:00,-2.12566,-0.0262029
2023-01-06 00:05:00,-2.13137,-0.0284814
2023-01-06 00:06:00,-2.12908,-0.0512663
2023-01-06 00:07:00,-2.12565,-0.0330383
2023-01-06 00:08:00,-2.12566,-0.044431
2023-01-06 00:09:00,-2.12224,-0.0478489
2023-01-06 00:10:00,-2.13594,-0.0649379
2023-01-06 00:11:00,-2.1702,-0.0786091
2023-01-06 00:12:00,-2.19075,-0.0660776
2023-01-06 00:13:00,-2.18162,-0.0569634
2023-01-06 00:14:00,-2.18847,-0.0421528
2023-01-06 00:15:00,-2.18046,-0.0341778
2023-01-06 00:16:00,-2.1873,-0.0660768
2023-01-06 00:17:00,-2.19186,-0.0672156
2023-01-06 00:18:00,-2.193,-0.102532
2023-01-06 00:19:00,-2.24779,-0.149241
2023-01-06 00:20:00,-2.26491,-0.161773
2023-01-06 00:21:00,-2.25921,-0.136709
2023-01-06 00:22:00,-2.2809,-0.115064
2023-01-06 00:23:00,-2.31629,-0.104811
2023-01-06 00:24:00,-2.29691,-0.0991155
2023-01-06 00:25:00,-2.31403,-0.0888623
2023-01-06 00:26:00,-2.30832,-0.0934192
2023-01-06 00:27:00,-2.28892,-0.0683556
2023-01-06 00:28:00,-2.28321,-0.0843054
2023-01-06 00:29:00,-2.29806,-0.0797484
2023-01-06 00:30:00,-2.26952,-0.068356
2023-01-06 00:31:00,-2.20102,-0.0592416
2023-01-06 00:32:00,-2.18388,-0.0421525
2023-01-06 00:33:00,-2.18731,-0.03076
2023-01-06 00:34:00,-2.1873,0.00569628
2023-01-06 00:35:00,-2.17817,0.00341778
2023-01-06 00:36:00,-2.16219,-0.0341777
2023-01-06 00:37:00,-2.18616,-0.0341776
2023-01-06 00:38:00,-2.20898,-0.0125317
2023-01-06 00:39:00,-2.22039,-0.0170887
2023-01-06 00:40:00,-2.2067,0.0284813
2023-01-06 00:41:00,-2.16104,0.0296206
2023-01-06 00:42:00,-2.16332,-0.0205065
2023-01-06 00:43:00,-2.21696,2.48353e-10
2023-01-06 00:44:00,-2.26491,-0.0227849
2023-01-06 00:45:00,-2.23066,0.0
2023-01-06 00:46:00,-2.21583,0.083165
2023-01-06 00:47:00,-2.19414,0.0672156
2023-01-06 00:48:00,-2.209,0.0603806
2023-01-06 00:49:00,-2.22613,0.0637985
2023-01-06 00:50:00,-2.22955,0.0660771
2023-01-06 00:51:00,-2.2558,0.0763301
2023-01-06 00:52:00,-2.20558,0.0911407
2023-01-06 00:53:00,-2.18731,0.169749
2023-01-06 00:54:00,-2.18502,0.15266
2023-01-06 00:55:00,-2.18958,0.199369
2023-01-06 00:56:00,-2.15876,0.185698
2023-01-06 00:57:00,-2.12794,0.26089
2023-01-06 00:58:00,-2.10624,0.127596
2023-01-06 00:59:00,-2.1188,0.0740512
2023-01-06 01:00:00,-2.18158,0.0478484
2023-01-06 01:01:00,-2.20327,0.0546839
2023-01-06 01:02:00,-2.26378,0.0489877
2023-01-06 01:03:00,-2.31059,0.125318
2023-01-06 01:04:00,-2.34713,0.156078
2023-01-06 01:05:00,-2.32886,0.18228
2023-01-06 01:06:00,-2.38022,0.184558
2023-01-06 01:07:00,-2.41333,0.190254
2023-01-06 01:08:00,-2.4316,0.131014
2023-01-06 01:09:00,-2.39051,0.0444309
2023-01-06 01:10:00,-2.39394,-0.0535452
2023-01-06 01:11:00,-2.46014,-0.101393
2023-01-06 01:12:00,-2.46356,-0.159495
2023-01-06 01:13:00,-2.47156,-0.177724
2023-01-06 01:14:00,-2.44645,-0.108229
2023-01-06 01:15:00,-2.3163,-0.0820264
2023-01-06 01:16:00,-2.22955,-0.0592414
2023-01-06 01:17:00,-2.22042,0.0193673
2023-01-06 01:18:00,-2.21013,0.224433
2023-01-06 01:19:00,-2.19073,0.178863
2023-01-06 01:20:00,-2.19302,0.0979763
2023-01-06 01:21:00,-2.31631,-0.0296205
2023-01-06 01:22:00,-2.43617,-0.181141
2023-01-06 01:23:00,-2.46014,-0.109368
2023-01-06 01:24:00,-2.42477,-0.0478489
2023-01-06 01:25:00,-2.3517,0.0683554
2023-01-06 01:26:00,-2.30717,-0.0341777
2023-01-06 01:27:00,-2.38823,-0.129875
2023-01-06 01:28:00,-2.43618,-0.177724
2023-01-06 01:29:00,-2.45559,-0.142407
2023-01-06 01:30:00,-2.42933,-0.0603808
2023-01-06 01:31:00,-2.36425,0.0694945
2023-01-06 01:32:00,-2.28091,0.0751906
2023-01-06 01:33:00,-2.2204,0.077469
2023-01-06 01:34:00,-2.21584,0.054684
2023-01-06 01:35:00,-2.37224,0.0022785
2023-01-06 01:36:00,-2.40991,-0.0341776
2023-01-06 01:37:00,-2.42247,-0.156078
2023-01-06 01:38:00,-2.48183,-0.277978
2023-01-06 01:39:00,-2.51038,-0.271143
2023-01-06 01:40:00,-2.5412,-0.299625
2023-01-06 01:41:00,-2.57887,-0.347473
2023-01-06 01:42:00,-2.58801,-0.340638
2023-01-06 01:43:00,-2.56174,-0.276839
2023-01-06 01:44:00,-2.53206,-0.282534
2023-01-06 01:45:00,-2.48412,-0.195952
2023-01-06 01:46:00,-2.47385,-0.110508
2023-01-06 01:47:00,-2.46472,-0.207345
2023-01-06 01:48:00,-2.5138,-0.277979
2023-01-06 01:49:00,-2.57772,-0.318991
2023-01-06 01:50:00,-2.53548,-0.250635
2023-01-06 01:51:00,-2.51949,-0.234685
2023-01-06 01:52:00,-2.45327,-0.167469
2023-01-06 01:53:00,-2.37564,-0.093418
2023-01-06 01:54:00,-2.34596,-0.0649369
2023-01-06 01:55:00,-2.33797,-0.0535445
2023-01-06 01:56:00,-2.33226,-0.15038
2023-01-06 01:57:00,-2.41903,-0.234684
2023-01-06 01:58:00,-2.51492,-0.318989
2023-01-06 01:59:00,-2.60168,-0.31785
2023-01-06 02:00:00,-2.56515,-0.275698
2023-01-06 02:01:00,-2.54004,-0.273419
2023-01-06 02:02:00,-2.50578,-0.289368
2023-01-06 02:03:00,-2.44299,-0.271139
2023-01-06 02:04:00,-2.3882,-0.215317
2023-01-06 02:05:00,-2.27975,-0.152658
2023-01-06 02:06:00,-2.22724,-0.0911394
2023-01-06 02:07:00,-2.21924,-0.0603798
2023-01-06 02:08:00,-2.19413,-0.0558229
2023-01-06 02:09:00,-2.19985,-0.0672157
2023-01-06 02:10:00,-2.22269,-0.0683552
2023-01-06 02:11:00,-2.22611,-0.0672159
2023-01-06 02:12:00,-2.22612,-0.0683553
2023-01-06 02:13:00,-2.22384,-0.0592414
2023-01-06 02:14:00,-2.21927,-0.0250637
2023-01-06 02:15:00,-2.22612,-0.00569628
2023-01-06 02:16:00,-2.2147,0.00569627
2023-01-06 02:17:00,-2.19072,0.0125318
2023-01-06 02:18:00,-2.21926,0.00911401
2023-01-06 02:19:00,-2.24095,0.0159495
2023-01-06 02:20:00,-2.22839,0.0524056
2023-01-06 02:21:00,-2.22497,0.0694944
2023-01-06 02:22:00,-2.1622,0.0683556
2023-01-06 02:23:00,-2.12224,0.0694947
2023-01-06 02:24:00,-2.09597,0.0387346
2023-01-06 02:25:00,-2.1268,-0.0227851
2023-01-06 02:26:00,-2.14164,-0.0227851
2023-01-06 02:27:00,-2.17018,-0.0239243
2023-01-06 02:28:00,-2.1405,0.135571
2023-01-06 02:29:00,-2.10397,0.281396
2023-01-06 02:30:00,-2.05487,0.326965
2023-01-06 02:31:00,-2.10396,0.235825
2023-01-06 02:32:00,-2.1656,0.113925
2023-01-06 02:33:00,-2.17815,0.0945573
2023-01-06 02:34:00,-2.16446,0.0888612
2023-01-06 02:35:00,-2.13135,0.055823
2023-01-06 02:36:00,-2.15419,0.0432915
2023-01-06 02:37:00,-2.17473,0.0592409
2023-01-06 02:38:00,-2.15647,0.0637978
2023-01-06 02:39:00,-2.19185,0.0797472
2023-01-06 02:40:00,-2.21925,0.104811
2023-01-06 02:41:00,-2.21583,0.143545
2023-01-06 02:42:00,-2.20556,0.135571
2023-01-06 02:43:00,-2.18844,0.24266
2023-01-06 02:44:00,-2.19072,0.214179
2023-01-06 02:45:00,-2.14734,0.206204
2023-01-06 02:46:00,-2.13592,0.235825
2023-01-06 02:47:00,-2.14049,0.234685
2023-01-06 02:48:00,-2.14734,0.277978
2023-01-06 02:49:00,-2.13479,0.271143
2023-01-06 02:50:00,-2.11766,0.256332
2023-01-06 02:51:00,-2.10167,0.218736
2023-01-06 02:52:00,-2.09712,0.21418
2023-01-06 02:53:00,-2.10511,0.21418
2023-01-06 02:54:00,-2.09369,0.218736
2023-01-06 02:55:00,-2.07542,0.270003
2023-01-06 02:56:00,-2.02405,0.254053
2023-01-06 02:57:00,-1.99779,0.223293
2023-01-06 02:58:00,-2.03203,0.216457
2023-01-06 02:59:00,-2.03432,0.184558
2023-01-06 03:00:00,-2.01148,0.144684
2023-01-06 03:01:00,-2.05601,0.108229
2023-01-06 03:02:00,-2.07542,0.031899
2023-01-06 03:03:00,-2.08798,0.0603803
2023-01-06 03:04:00,-2.064,0.0751904
2023-01-06 03:05:00,-2.09711,0.0683549
2023-01-06 03:06:00,-2.0914,0.101393
2023-01-06 03:07:00,-2.09825,0.108229
2023-01-06 03:08:00,-2.11537,0.127596
2023-01-06 03:09:00,-2.12223,0.164052
2023-01-06 03:10:00,-2.09939,0.274559
2023-01-06 03:11:00,-2.08113,0.266585
2023-01-06 03:12:00,-2.01948,0.363421
2023-01-06 03:13:00,-1.98751,0.410129
2023-01-06 03:14:00,-1.95098,0.497852
2023-01-06 03:15:00,-1.96012,0.431777
2023-01-06 03:16:00,-1.94871,0.41127
2023-01-06 03:17:00,-1.97497,0.451147
2023-01-06 03:18:00,-1.99095,0.437474
2023-01-06 03:19:00,-2.07999,0.415827
2023-01-06 03:20:00,-2.05487,0.44203
2023-01-06 03:21:00,-1.9921,0.437475
2023-01-06 03:22:00,-1.96584,0.432919
2023-01-06 03:23:00,-1.92361,0.476213
2023-01-06 03:24:00,-1.89051,0.487606
2023-01-06 03:25:00,-1.89735,0.551404
2023-01-06 03:26:00,-1.92018,0.596972
2023-01-06 03:27:00,-1.96699,0.51039
2023-01-06 03:28:00,-2.05604,0.333805
2023-01-06 03:29:00,-2.12795,0.140129
2023-01-06 03:30:00,-2.11768,0.10823
2023-01-06 03:31:00,-2.16562,0.0991156
2023-01-06 03:32:00,-2.22613,0.0911409
2023-01-06 03:33:00,-2.22841,0.124179
2023-01-06 03:34:00,-2.19531,0.243802
2023-01-06 03:35:00,-2.10397,0.330385
2023-01-06 03:36:00,-2.08228,0.362283
2023-01-06 03:37:00,-2.0583,0.401017
2023-01-06 03:38:00,-2.0914,0.224433
2023-01-06 03:39:00,-2.17018,0.0626589
2023-01-06 03:40:00,-2.22953,0.0330383
2023-01-06 03:41:00,-2.28433,-0.00683553
2023-01-06 03:42:00,-2.32544,-0.0307599
2023-01-06 03:43:00,-2.36311,-0.0774692
2023-01-06 03:44:00,-2.35398,-0.113926
2023-01-06 03:45:00,-2.4202,-0.0956978
2023-01-06 03:46:00,-2.46358,-0.104812
2023-01-06 03:47:00,-2.43048,-0.0877231
2023-01-06 03:48:00,-2.30034,8.07146e-09
2023-01-06 03:49:00,-2.17705,0.0786092
2023-01-06 03:50:00,-2.09029,0.153801
2023-01-06 03:51:00,-2.02178,0.254055
2023-01-06 03:52:00,-1.93159,0.332663
2023-01-06 03:53:00,-1.82998,0.454563
2023-01-06 03:54:00,-1.7398,0.566211
2023-01-06 03:55:00,-1.68844,0.584442
2023-01-06 03:56:00,-1.58227,0.679
2023-01-06 03:57:00,-1.53774,0.794066
2023-01-06 03:58:00,-1.64734,0.75761
2023-01-06 03:59:00,-1.74438,0.655077
2023-01-06 04:00:00,-1.7809,0.614061
2023-01-06 04:01:00,-1.76949,0.611783
2023-01-06 04:02:00,-1.73638,0.595832
2023-01-06 04:03:00,-1.85054,0.774697
2023-01-06 04:04:00,-1.79802,0.794063
2023-01-06 04:05:00,-1.85396,0.714315
2023-01-06 04:06:00,-1.86195,0.684692
2023-01-06 04:07:00,-1.88364,0.525197
2023-01-06 04:08:00,-1.93729,0.528614
2023-01-06 04:09:00,-1.93844,0.513805
2023-01-06 04:10:00,-1.9841,0.538868
2023-01-06 04:11:00,-2.03661,0.382789
2023-01-06 04:12:00,-2.09598,0.299625
2023-01-06 04:13:00,-2.15421,0.326968
2023-01-06 04:14:00,-2.15764,0.394186
2023-01-06 04:15:00,-2.15765,0.393048
2023-01-06 04:16:00,-2.15992,0.415831
2023-01-06 04:17:00,-2.15421,0.215321
2023-01-06 04:18:00,-2.21471,0.12304
2023-01-06 04:19:00,-2.22612,0.121901
2023-01-06 04:20:00,-2.24439,0.104812
2023-01-06 04:21:00,-2.31061,0.100255
2023-01-06 04:22:00,-2.36655,0.0808877
2023-01-06 04:23:00,-2.38367,0.190257
2023-01-06 04:24:00,-2.3711,0.232408
2023-01-06 04:25:00,-2.35741,0.263169
2023-01-06 04:26:00,-2.25124,0.313296
2023-01-06 04:27:00,-2.22613,0.27684
2023-01-06 04:28:00,-2.19189,0.342919
2023-01-06 04:29:00,-2.14736,0.3395
2023-01-06 04:30:00,-2.13252,0.393046
2023-01-06 04:31:00,-2.08571,0.440894
2023-01-06 04:32:00,-2.08684,0.426082
2023-01-06 04:33:00,-2.07999,0.396461
2023-01-06 04:34:00,-2.05032,0.331524
2023-01-06 04:35:00,-2.0195,0.296207
2023-01-06 04:36:00,-2.01607,0.247219
2023-01-06 04:37:00,-2.00124,0.235827
2023-01-06 04:38:00,-2.03662,0.23013
2023-01-06 04:39:00,-2.05717,0.136711
2023-01-06 04:40:00,-2.08913,0.119622
2023-01-06 04:41:00,-2.0937,0.152661
2023-01-06 04:42:00,-2.09028,0.0991156
2023-01-06 04:43:00,-2.08799,0.0979762
2023-01-06 04:44:00,-2.08,0.087723
2023-01-06 04:45:00,-2.07658,0.0968372
2023-01-06 04:46:00,-2.07658,0.102534
2023-01-06 04:47:00,-2.06859,0.105951
2023-01-06 04:48:00,-2.05945,0.119622
2023-01-06 04:49:00,-2.07886,0.159496
2023-01-06 04:50:00,-2.09142,0.168611
2023-01-06 04:51:00,-2.09256,0.170889
2023-01-06 04:52:00,-2.09142,0.207346
2023-01-06 04:53:00,-2.08344,0.168611
2023-01-06 04:54:00,-2.08686,0.132155
2023-01-06 04:55:00,-2.08572,0.103673
2023-01-06 04:56:00,-2.08914,0.131015
2023-01-06 04:57:00,-2.08572,0.117344
2023-01-06 04:58:00,-2.08229,0.158358
2023-01-06 04:59:00,-2.05375,0.234688
2023-01-06 05:00:00,-2.02521,0.288233
2023-01-06 05:01:00,-1.98525,0.266587
2023-01-06 05:02:00,-1.92817,0.341779
2023-01-06 05:03:00,-1.8631,0.305323
2023-01-06 05:04:00,-1.88937,0.215322
2023-01-06 05:05:00,-1.975,0.215323
2023-01-06 05:06:00,-1.97729,0.39419
2023-01-06 05:07:00,-1.91449,0.442038
2023-01-06 05:08:00,-1.84942,0.456848
2023-01-06 05:09:00,-1.80261,0.473935
2023-01-06 05:10:00,-1.77521,0.434062
2023-01-06 05:11:00,-1.82658,0.414693
2023-01-06 05:12:00,-1.90877,0.397604
2023-01-06 05:13:00,-1.93389,0.38849
2023-01-06 05:14:00,-1.93502,0.431781
2023-01-06 05:15:00,-1.96813,0.329247
2023-01-06 05:16:00,-1.93846,0.374819
2023-01-06 05:17:00,-1.92019,0.364566
2023-01-06 05:18:00,-2.06974,0.216461
2023-01-06 05:19:00,-2.11426,0.206207
2023-01-06 05:20:00,-2.15308,0.238107
2023-01-06 05:21:00,-2.13254,0.217601
2023-01-06 05:22:00,-2.13139,0.208486
2023-01-06 05:23:00,-2.09829,0.182284
2023-01-06 05:24:00,-2.06975,0.148105
2023-01-06 05:25:00,-2.05149,0.108231
2023-01-06 05:26:00,-2.05149,0.115067
2023-01-06 05:27:00,-2.05149,0.0945599
2023-01-06 05:28:00,-2.05492,0.0398748
2023-01-06 05:29:00,-2.08574,0.0239248
2023-01-06 05:30:00,-2.0846,0.0318998
2023-01-06 05:31:00,-2.09259,0.0364568
2023-01-06 05:32:00,-2.09258,0.0512671
2023-01-06 05:33:00,-2.12339,0.0740522
2023-01-06 05:34:00,-2.08686,0.0592418
2023-01-06 05:35:00,-2.12797,0.0239246
2023-01-06 05:36:00,-2.16451,0.0136713
2023-01-06 05:37:00,-2.18847,-0.0148105
2023-01-06 05:38:00,-2.20218,0.0193676
2023-01-06 05:39:00,-2.19647,-0.0159498
2023-01-06 05:40:00,-2.19532,0.0159497
2023-01-06 05:41:00,-2.2193,-0.0706351
2023-01-06 05:42:00,-2.24672,-0.115067
2023-01-06 05:43:00,-2.26156,-0.116206
2023-01-06 05:44:00,-2.25927,-0.123042
2023-01-06 05:45:00,-2.2467,-0.127599
2023-01-06 05:46:00,-2.23644,-0.0831672
2023-01-06 05:47:00,-2.20791,-0.0318999
2023-01-06 05:48:00,-2.16567,0.0250643
2023-01-06 05:49:00,-2.10973,0.0262036
2023-01-06 05:50:00,-2.08004,0.0911426
2023-01-06 05:51:00,-2.05379,0.11165
2023-01-06 05:52:00,-2.00812,0.102535
2023-01-06 05:53:00,-1.983,0.120763
2023-01-06 05:54:00,-1.92249,0.252919
2023-01-06 05:55:00,-1.84828,0.312161
2023-01-06 05:56:00,-1.83344,0.300769
2023-01-06 05:57:00,-1.82546,0.307606
2023-01-06 05:58:00,-1.85513,0.318998
2023-01-06 05:59:00,-1.89852,0.313302
2023-01-06 06:00:00,-1.91793,0.290516
2023-01-06 06:01:00,-1.9362,0.279124
2023-01-06 06:02:00,-1.9225,0.255199
2023-01-06 06:03:00,-1.9362,0.295074
2023-01-06 06:04:00,-1.94762,0.305328
2023-01-06 06:05:00,-1.94304,0.31444
2023-01-06 06:06:00,-1.90536,0.3452
2023-01-06 06:07:00,-1.89394,0.332667
2023-01-06 06:08:00,-1.86311,0.370263
2023-01-06 06:09:00,-1.83229,0.395326
2023-01-06 06:10:00,-1.838,0.385074
2023-01-06 06:11:00,-1.85742,0.324695
2023-01-06 06:12:00,-1.96246,0.148107
2023-01-06 06:13:00,-1.99899,0.197096
2023-01-06 06:14:00,-1.93392,0.167475
2023-01-06 06:15:00,-1.88255,0.2233
2023-01-06 06:16:00,-1.84829,0.202792
2023-01-06 06:17:00,-1.78322,0.301909
2023-01-06 06:18:00,-1.66449,0.439763
2023-01-06 06:19:00,-1.54576,0.54116
2023-01-06 06:20:00,-1.40534,0.546855
2023-01-06 06:21:00,-1.28547,0.658505
2023-01-06 06:22:00,-1.11423,0.743952
2023-01-06 06:23:00,-0.966962,0.78269
2023-01-06 06:24:00,-0.794573,0.861299
2023-01-06 06:25:00,-0.633603,0.878388
2023-01-06 06:26:00,-0.465784,0.853322
2023-01-06 06:27:00,-0.272849,0.902313
2023-01-06 06:28:00,-0.0616478,0.849904
2023-01-06 06:29:00,0.143845,0.861298
2023-01-06 06:30:00,0.398429,0.882946
2023-01-06 06:31:00,0.704386,0.954722
2023-01-06 06:32:00,1.04345,0.975226
2023-01-06 06:33:00,1.40306,0.988898
2023-01-06 06:34:00,1.79235,1.00599
2023-01-06 06:35:00,2.17023,0.987759
2023-01-06 06:36:00,2.62917,0.990038
2023-01-06 06:37:00,3.11891,1.08345
2023-01-06 06:38:00,3.63377,1.16434
2023-01-06 06:39:00,4.16119,1.20193
2023-01-06 06:40:00,4.70003,1.26004
2023-01-06 06:41:00,5.25373,1.30675
2023-01-06 06:42:00,5.82681,1.37055
2023-01-06 06:43:00,6.39421,1.44118
2023-01-06 06:44:00,6.99013,1.52435
2023-01-06 06:45:00,7.62261,1.54942
2023-01-06 06:46:00,8.27108,1.54828
2023-01-06 06:47:00,8.94919,1.57562
2023-01-06 06:48:00,9.6467,1.62917
2023-01-06 06:49:00,10.4196,1.73854
2023-01-06 06:50:00,11.2428,1.84678
2023-01-06 06:51:00,12.0841,1.97324
2023-01-06 06:52:00,12.9666,2.01198
2023-01-06 06:53:00,13.8948,2.11337
2023-01-06 06:54:00,15.1608,2.27059
2023-01-06 06:55:00,17.7238,2.59985
2023-01-06 06:56:00,21.2765,3.24239
2023-01-06 06:57:00,22.9215,4.22444
2023-01-06 06:58:00,22.7412,4.41927
2023-01-06 06:59:00,23.8532,3.86445
2023-01-06 07:00:00,23.8213,3.4828
2023-01-06 07:01:00,24.7402,3.37798
2023-01-06 07:02:00,26.39,3.42128
2023-01-06 07:03:00,26.2188,3.57851
2023-01-06 07:04:00,26.4401,4.25979
2023-01-06 07:05:00,29.6025,6.32987
2023-01-06 07:06:00,36.0048,9.43672
2023-01-06 07:07:00,45.7737,11.6606
2023-01-06 07:08:00,58.4619,12.6324
2023-01-06 07:09:00,72.3178,13.0323
2023-01-06 07:10:00,81.1139,13.2305
2023-01-06 07:11:00,87.393,13.5393
2023-01-06 07:12:00,90.6752,14.0702
2023-01-06 07:13:00,94.1845,15.0899
2023-01-06 07:14:00,97.7951,16.6871
2023-01-06 07:15:00,101.834,18.625
2023-01-06 07:16:00,105.917,20.4012
2023-01-06 07:17:00,109.741,21.8617
2023-01-06 07:18:00,113.647,22.9679
2023-01-06 07:19:00,117.465,23.9159
2023-01-06 07:20:00,121.158,24.89
2023-01-06 07:21:00,124.887,25.708
2023-01-06 07:22:00,128.614,26.7038
2023-01-06 07:23:00,132.233,27.4739
2023-01-06 07:24:00,135.955,28.2247
2023-01-06 07:25:00,139.678,29.0576
2023-01-06 07:26:00,143.295,29.8176
2023-01-06 07:27:00,147.094,30.4589
2023-01-06 07:28:00,151.011,31.1744
2023-01-06 07:29:00,154.975,31.8784
2023-01-06 07:30:00,159.202,32.5792
2023-01-06 07:31:00,163.067,33.1717
2023-01-06 07:32:00,166.954,33.7959
2023-01-06 07:33:00,170.761,34.3996
2023-01-06 07:34:00,174.659,34.9784
2023-01-06 07:35:00,178.751,35.5983
2023-01-06 07:36:00,182.612,36.135
2023-01-06 07:37:00,186.422,36.5441
2023-01-06 07:38:00,190.778,37.0452
2023-01-06 07:39:00,195.011,37.5841
2023-01-06 07:40:00,198.926,38.1755
2023-01-06 07:41:00,202.977,38.8044
2023-01-06 07:42:00,206.824,39.1918
2023-01-06 07:43:00,210.831,39.676
2023-01-06 07:44:00,214.814,40.2183
2023-01-06 07:45:00,218.406,40.5133
2023-01-06 07:46:00,222.117,40.9052
2023-01-06 07:47:00,225.923,41.4305
2023-01-06 07:48:00,229.717,41.8385
2023-01-06 07:49:00,233.639,42.1506
2023-01-06 07:50:00,237.642,42.5265
2023-01-06 07:51:00,241.583,43.1348
2023-01-06 07:52:00,245.584,43.8721
2023-01-06 07:53:00,249.205,44.3984
2023-01-06 07:54:00,252.792,44.6626
2023-01-06 07:55:00,256.511,44.8674
2023-01-06 07:56:00,260.051,45.4141
2023-01-06 07:57:00,264.071,46.002
2023-01-06 07:58:00,268.693,46.4977
2023-01-06 07:59:00,272.683,47.0137
2023-01-06 08:00:00,276.781,47.6255
2023-01-06 08:01:00,280.753,47.8921
2023-01-06 08:02:00,284.476,48.2932
2023-01-06 08:03:00,288.421,48.6339
2023-01-06 08:04:00,292.182,49.2388
2023-01-06 08:05:00,295.892,49.7494
2023-01-06 08:06:00,299.751,50.1197
2023-01-06 08:07:00,303.967,50.3348
2023-01-06 08:08:00,307.7,50.8634
2023-01-06 08:09:00,311.706,51.3053
2023-01-06 08:10:00,315.298,51.5661
2023-01-06 08:11:00,319.161,52.2758
2023-01-06 08:12:00,323.435,52.2041
2023-01-06 08:13:00,327.723,52.1609
2023-01-06 08:14:00,331.507,52.815
2023-01-06 08:15:00,335.105,53.0645
2023-01-06 08:16:00,338.765,53.7151
2023-01-06 08:17:00,342.368,54.1012
2023-01-06 08:18:00,346.152,54.5127
2023-01-06 08:19:00,350.393,55.1267
2023-01-06 08:20:00,354.428,55.4844
2023-01-06 08:21:00,358.3,56.0108
2023-01-06 08:22:00,362.728,56.4768
2023-01-06 08:23:00,366.558,57.2458
2023-01-06 08:24:00,369.965,57.8223
2023-01-06 08:25:00,373.493,58.3168
2023-01-06 08:26:00,376.861,58.8352
2023-01-06 08:27:00,381.022,59.0731
2023-01-06 08:28:00,384.839,59.3671
2023-01-06 08:29:00,388.756,60.0985
2023-01-06 08:30:00,392.276,60.0975
2023-01-06 08:31:00,395.994,59.9528
2023-01-06 08:32:00,399.572,60.1451
2023-01-06 08:33:00,403.438,60.5063
2023-01-06 08:34:00,407.005,60.7772
2023-01-06 08:35:00,410.625,61.333
2023-01-06 08:36:00,414.41,61.6256
2023-01-06 08:37:00,417.832,62.5449
2023-01-06 08:38:00,422.175,63.2283
2023-01-06 08:39:00,426.561,63.5198
2023-01-06 08:40:00,430.654,63.5631
2023-01-06 08:41:00,434.484,64.4141
2023-01-06 08:42:00,437.893,65.042
2023-01-06 08:43:00,441.42,65.0898
2023-01-06 08:44:00,445.232,65.2432
2023-01-06 08:45:00,448.963,66.2629
2023-01-06 08:46:00,453.254,66.4884
2023-01-06 08:47:00,457.156,66.5989
2023-01-06 08:48:00,461.143,66.9439
2023-01-06 08:49:00,465.031,67.1137
2023-01-06 08:50:00,468.609,67.6094
2023-01-06 08:51:00,472.431,67.868
2023-01-06 08:52:00,475.484,68.3397
2023-01-06 08:53:00,479.056,68.0427
2023-01-06 08:54:00,482.582,68.4416
2023-01-06 08:55:00,486.287,69.1765
2023-01-06 08:56:00,490.077,69.8609
2023-01-06 08:57:00,494.181,69.7823
2023-01-06 08:58:00,498.023,70.0556
2023-01-06 08:59:00,501.475,70.4039
2023-01-06 09:00:00,505.507,70.0688
2023-01-06 09:01:00,509.339,70.7649
2023-01-06 09:02:00,512.775,70.4447
2023-01-06 09:03:00,516.398,70.7272
2023-01-06 09:04:00,520.188,71.4576
2023-01-06 09:05:00,523.301,71.9568
2023-01-06 09:06:00,526.392,72.2622
2023-01-06 09:07:00,530.448,72.5061
2023-01-06 09:08:00,534.293,73.438
2023-01-06 09:09:00,537.738,73.2214
2023-01-06 09:10:00,541.196,73.6269
2023-01-06 09:11:00,544.435,74.5419
2023-01-06 09:12:00,547.958,74.9975
2023-01-06 09:13:00,550.78,74.831
2023-01-06 09:14:00,554.46,75.2219
2023-01-06 09:15:00,557.823,75.6911
2023-01-06 09:16:00,560.997,75.5997
2023-01-06 09:17:00,564.729,76.2536
2023-01-06 09:18:00,568.456,76.6366
2023-01-06 09:19:00,572.301,77.376
2023-01-06 09:20:00,575.544,77.288
2023-01-06 09:21:00,579.242,77.8347
2023-01-06 09:22:00,581.136,77.5612
2023-01-06 09:23:00,583.802,78.0122
2023-01-06 09:24:00,586.662,77.831
2023-01-06 09:25:00,589.966,77.9586
2023-01-06 09:26:00,593.284,78.3916
2023-01-06 09:27:00,597.037,78.6583
2023-01-06 09:28:00,600.366,80.0503
2023-01-06 09:29:00,603.62,81.365
2023-01-06 09:30:00,606.981,87.1457
2023-01-06 09:31:00,609.855,92.3213
2023-01-06 09:32:00,612.634,92.0524
2023-01-06 09:33:00,615.735,90.8188
2023-01-06 09:34:00,618.937,94.7869
2023-01-06 09:35:00,621.541,97.3468
2023-01-06 09:36:00,624.729,98.8884
2023-01-06 09:37:00,628.103,101.037
2023-01-06 09:38:00,631.321,100.703
2023-01-06 09:39:00,634.341,98.7651
2023-01-06 09:40:00,637.043,94.8079
2023-01-06 09:41:00,640.077,87.0804
2023-01-06 09:42:00,643.521,81.9697
2023-01-06 09:43:00,646.923,81.5824
2023-01-06 09:44:00,650.241,82.1884
2023-01-06 09:45:00,653.11,81.2713
2023-01-06 09:46:00,656.2,81.4181
2023-01-06 09:47:00,658.97,81.8532
2023-01-06 09:48:00,662.057,81.9387
2023-01-06 09:49:00,664.087,82.7701
2023-01-06 09:50:00,666.654,83.055
2023-01-06 09:51:00,669.608,83.3194
2023-01-06 09:52:00,672.447,83.3252
2023-01-06 09:53:00,674.745,82.8284
2023-01-06 09:54:00,677.783,83.3999
2023-01-06 09:55:00,680.419,83.3623
2023-01-06 09:56:00,682.382,83.8376
2023-01-06 09:57:00,685.211,83.7988
2023-01-06 09:58:00,688.936,84.3
2023-01-06 09:59:00,691.696,84.3161
2023-01-06 10:00:00,694.156,84.7092
2023-01-06 10:01:00,696.661,85.1593
2023-01-06 10:02:00,698.505,85.7586
2023-01-06 10:03:00,700.666,85.7723
2023-01-06 10:04:00,703.106,85.4511
2023-01-06 10:05:00,705.628,86.1928
2023-01-06 10:06:00,708.347,86.5458
2023-01-06 10:07:00,710.69,86.5753
2023-01-06 10:08:00,713.21,86.9943
2023-01-06 10:09:00,715.826,86.5057
2023-01-06 10:10:00,718.724,86.6639
2023-01-06 10:11:00,721.414,87.0205
2023-01-06 10:12:00,723.651,86.7754
2023-01-06 10:13:00,725.848,86.9635
2023-01-06 10:14:00,728.711,87.7017
2023-01-06 10:15:00,731.704,87.8885
2023-01-06 10:16:00,734.229,88.3679
2023-01-06 10:17:00,736.127,88.5978
2023-01-06 10:18:00,738.134,88.5726
2023-01-06 10:19:00,741.295,89.2924
2023-01-06 10:20:00,743.397,89.5566
2023-01-06 10:21:00,745.479,89.6659
2023-01-06 10:22:00,747.677,90.7595
2023-01-06 10:23:00,750.71,90.8313
2023-01-06 10:24:00,752.213,90.2187
2023-01-06 10:25:00,753.917,90.6674
2023-01-06 10:26:00,755.448,91.6129
2023-01-06 10:27:00,756.742,91.4456
2023-01-06 10:28:00,758.948,91.8911
2023-01-06 10:29:00,760.838,92.068
2023-01-06 10:30:00,762.816,92.1102
2023-01-06 10:31:00,765.03,92.2353
2023-01-06 10:32:00,767.37,92.8822
2023-01-06 10:33:00,770.087,92.5871
2023-01-06 10:34:00,772.735,93.156
2023-01-06 10:35:00,774.548,94.6563
2023-01-06 10:36:00,777.26,96.2399
2023-01-06 10:37:00,779.391,95.7996
2023-01-06 10:38:00,780.794,94.363
2023-01-06 10:39:00,782.056,94.7331
2023-01-06 10:40:00,784.592,94.7478
2023-01-06 10:41:00,786.879,95.0277
2023-01-06 10:42:00,788.193,94.4343
2023-01-06 10:43:00,789.728,95.88
2023-01-06 10:44:00,791.955,96.9649
2023-01-06 10:45:00,793.891,96.7769
2023-01-06 10:46:00,796.242,96.2038
2023-01-06 10:47:00,798.416,96.8235
2023-01-06 10:48:00,800.618,97.288
2023-01-06 10:49:00,802.657,98.1701
2023-01-06 10:50:00,803.698,98.1256
2023-01-06 10:51:00,804.867,99.7817
2023-01-06 10:52:00,806.058,105.632
2023-01-06 10:53:00,806.955,108.96
2023-01-06 10:54:00,809.038,108.702
2023-01-06 10:55:00,811.427,110.31
2023-01-06 10:56:00,813.535,114.527
2023-01-06 10:57:00,816.388,117.455
2023-01-06 10:58:00,818.362,117.251
2023-01-06 10:59:00,819.771,110.018
2023-01-06 11:00:00,820.854,106.267
2023-01-06 11:01:00,822.584,107.651
2023-01-06 11:02:00,823.653,113.281
2023-01-06 11:03:00,825.92,119.672
2023-01-06 11:04:00,826.962,122.055
2023-01-06 11:05:00,828.929,122.659
2023-01-06 11:06:00,831.22,120.053
2023-01-06 11:07:00,832.504,115.795
2023-01-06 11:08:00,833.378,116.049
2023-01-06 11:09:00,834.674,115.092
2023-01-06 11:10:00,835.762,112.277
2023-01-06 11:11:00,836.938,113.964
2023-01-06 11:12:00,838.574,113.243
2023-01-06 11:13:00,839.745,109.402
2023-01-06 11:14:00,841.081,111.724
2023-01-06 11:15:00,841.858,116.187
2023-01-06 11:16:00,843.133,115.433
2023-01-06 11:17:00,844.738,116.009
2023-01-06 11:18:00,845.653,112.733
2023-01-06 11:19:00,845.971,105.91
2023-01-06 11:20:00,845.76,102.824
2023-01-06 11:21:00,847.109,102.686
2023-01-06 11:22:00,848.738,102.269
2023-01-06 11:23:00,849.994,102.732
2023-01-06 11:24:00,850.863,102.888
2023-01-06 11:25:00,851.989,102.164
2023-01-06 11:26:00,853.146,101.425
2023-01-06 11:27:00,854.146,101.411
2023-01-06 11:28:00,855.253,101.502
2023-01-06 11:29:00,856.031,101.777
2023-01-06 11:30:00,857.56,101.737
2023-01-06 11:31:00,859.433,101.711
2023-01-06 11:32:00,860.319,101.502
2023-01-06 11:33:00,861.403,102.028
2023-01-06 11:34:00,863.007,102.449
2023-01-06 11:35:00,863.911,102.267
2023-01-06 11:36:00,864.387,102.156
2023-01-06 11:37:00,864.141,102.083
2023-01-06 11:38:00,864.461,102.039
2023-01-06 11:39:00,865.587,101.849
2023-01-06 11:40:00,866.072,101.648
2023-01-06 11:41:00,866.919,101.28
2023-01-06 11:42:00,868.062,101.045
2023-01-06 11:43:00,868.651,100.879
2023-01-06 11:44:00,869.16,101.324
2023-01-06 11:45:00,869.567,101.905
2023-01-06 11:46:00,870.127,102.138
2023-01-06 11:47:00,870.323,102.354
2023-01-06 11:48:00,869.883,101.586
2023-01-06 11:49:00,870.054,101.576
2023-01-06 11:50:00,870.842,101.91
2023-01-06 11:51:00,870.965,102.137
2023-01-06 11:52:00,870.846,101.596
2023-01-06 11:53:00,871.46,101.909
2023-01-06 11:54:00,872.135,101.933
2023-01-06 11:55:00,872.442,102.149
2023-01-06 11:56:00,872.933,102.382
2023-01-06 11:57:00,874.045,102.154
2023-01-06 11:58:00,874.592,102.47
2023-01-06 11:59:00,874.366,102.734
2023-01-06 12:00:00,874.841,102.518
2023-01-06 12:01:00,875.854,102.469
2023-01-06 12:02:00,876.093,103.029
2023-01-06 12:03:00,875.707,102.726
2023-01-06 12:04:00,875.075,102.195
2023-01-06 12:05:00,875.174,102.236
2023-01-06 12:06:00,875.527,102.62
2023-01-06 12:07:00,876.449,102.745
2023-01-06 12:08:00,875.945,103.086
2023-01-06 12:09:00,875.312,102.895
2023-01-06 12:10:00,874.317,102.209
2023-01-06 12:11:00,874.265,101.796
2023-01-06 12:12:00,874.81,102.23
2023-01-06 12:13:00,875.733,102.848
2023-01-06 12:14:00,876.318,103.037
2023-01-06 12:15:00,875.831,103.353
2023-01-06 12:16:00,875.285,103.334
2023-01-06 12:17:00,875.036,102.849
2023-01-06 12:18:00,874.247,103.036
2023-01-06 12:19:00,873.487,102.785
2023-01-06 12:20:00,873.431,102.706
2023-01-06 12:21:00,873.35,103.135
2023-01-06 12:22:00,872.769,103.203
2023-01-06 12:23:00,872.619,103.328
2023-01-06 12:24:00,872.568,102.837
2023-01-06 12:25:00,871.975,102.736
2023-01-06 12:26:00,871.654,102.938
2023-01-06 12:27:00,872.37,102.876
2023-01-06 12:28:00,872.512,103.512
2023-01-06 12:29:00,871.694,103.89
2023-01-06 12:30:00,870.596,103.913
2023-01-06 12:31:00,870.686,103.808
2023-01-06 12:32:00,870.475,103.568
2023-01-06 12:33:00,870.628,103.296
2023-01-06 12:34:00,871.135,103.462
2023-01-06 12:35:00,870.112,103.79
2023-01-06 12:36:00,869.718,103.828
2023-01-06 12:37:00,869.081,103.346
2023-01-06 12:38:00,868.463,102.73
2023-01-06 12:39:00,867.668,102.292
2023-01-06 12:40:00,866.933,102.237
2023-01-06 12:41:00,865.455,102.773
2023-01-06 12:42:00,864.901,102.743
2023-01-06 12:43:00,864.103,102.797
2023-01-06 12:44:00,863.062,102.479
2023-01-06 12:45:00,862.74,102.113
2023-01-06 12:46:00,862.369,101.531
2023-01-06 12:47:00,862.062,102.138
2023-01-06 12:48:00,861.537,103.418
2023-01-06 12:49:00,860.246,105.78
2023-01-06 12:50:00,858.791,108.844
2023-01-06 12:51:00,857.567,110.892
2023-01-06 12:52:00,856.97,112.486
2023-01-06 12:53:00,856.414,112.356
2023-01-06 12:54:00,855.594,110.446
2023-01-06 12:55:00,854.245,111.48
2023-01-06 12:56:00,854.066,114.997
2023-01-06 12:57:00,853.198,114.997
2023-01-06 12:58:00,852.458,115.606
2023-01-06 12:59:00,851.099,116.428
2023-01-06 13:00:00,849.991,120.038
2023-01-06 13:01:00,848.757,120.446
2023-01-06 13:02:00,847.914,118.207
2023-01-06 13:03:00,847.136,118.211
2023-01-06 13:04:00,846.112,115.766
2023-01-06 13:05:00,845.299,114.922
2023-01-06 13:06:00,844.162,112.695
2023-01-06 13:07:00,842.807,111.825
2023-01-06 13:08:00,841.921,115.821
2023-01-06 13:09:00,840.912,119.498
2023-01-06 13:10:00,839.993,116.478
2023-01-06 13:11:00,838.406,116.26
2023-01-06 13:12:00,836.855,119.601
2023-01-06 13:13:00,835.562,120.865
2023-01-06 13:14:00,834.343,119.377
2023-01-06 13:15:00,833.207,118.456
2023-01-06 13:16:00,831.704,118.938
2023-01-06 13:17:00,830.151,117.519
2023-01-06 13:18:00,828.118,115.201
2023-01-06 13:19:00,826.567,116.284
2023-01-06 13:20:00,825.904,116.439
2023-01-06 13:21:00,824.357,116.353
2023-01-06 13:22:00,822.94,118.476
2023-01-06 13:23:00,821.797,116.838
2023-01-06 13:24:00,820.487,114.625
2023-01-06 13:25:00,818.907,115.075
2023-01-06 13:26:00,817.338,112.565
2023-01-06 13:27:00,815.687,109.392
2023-01-06 13:28:00,813.695,106.75
2023-01-06 13:29:00,812.606,103.79
2023-01-06 13:30:00,810.915,101.284
2023-01-06 13:31:00,809.182,100.427
2023-01-06 13:32:00,807.247,99.082
2023-01-06 13:33:00,805.933,98.0338
2023-01-06 13:34:00,803.963,97.5439
2023-01-06 13:35:00,801.9,97.0092
2023-01-06 13:36:00,800.461,96.8884
2023-01-06 13:37:00,798.513,96.6538
2023-01-06 13:38:00,796.55,96.7404
2023-01-06 13:39:00,793.99,96.5115
2023-01-06 13:40:00,792.953,96.6607
2023-01-06 13:41:00,791.022,96.5867
2023-01-06 13:42:00,789.142,95.8688
2023-01-06 13:43:00,787.972,95.9134
2023-01-06 13:44:00,787.128,95.6093
2023-01-06 13:45:00,785.772,95.4417
2023-01-06 13:46:00,784.275,95.7092
2023-01-06 13:47:00,782.299,95.7469
2023-01-06 13:48:00,780.805,95.9862
2023-01-06 13:49:00,779.707,96.108
2023-01-06 13:50:00,779.795,95.954
2023-01-06 13:51:00,778.389,96.5465
2023-01-06 13:52:00,778.109,96.7015
2023-01-06 13:53:00,776.118,96.3257
2023-01-06 13:54:00,771.572,96.1844
2023-01-06 13:55:00,766.18,96.6424
2023-01-06 13:56:00,763.294,96.6242
2023-01-06 13:57:00,761.599,96.7326
2023-01-06 13:58:00,760.343,96.2006
2023-01-06 13:59:00,757.911,96.5889
2023-01-06 14:00:00,755.402,96.1218
2023-01-06 14:01:00,752.879,95.9386
2023-01-06 14:02:00,751.795,96.3487
2023-01-06 14:03:00,751.257,96.5353
2023-01-06 14:04:00,750.673,96.7157
2023-01-06 14:05:00,749.065,97.2043
2023-01-06 14:06:00,747.714,97.3897
2023-01-06 14:07:00,748.669,97.7141
2023-01-06 14:08:00,746.992,97.9089
2023-01-06 14:09:00,741.63,97.3542
2023-01-06 14:10:00,735.162,99.0219
2023-01-06 14:11:00,732.488,100.789
2023-01-06 14:12:00,729.817,102.816
2023-01-06 14:13:00,726.278,108.836
2023-01-06 14:14:00,723.125,114.716
2023-01-06 14:15:00,720.114,114.854
2023-01-06 14:16:00,717.614,113.598
2023-01-06 14:17:00,714.08,113.34
2023-01-06 14:18:00,711.539,112.354
2023-01-06 14:19:00,709.421,110.792
2023-01-06 14:20:00,707.627,112.449
2023-01-06 14:21:00,705.483,114.669
2023-01-06 14:22:00,701.646,109.871
2023-01-06 14:23:00,699.076,107.337
2023-01-06 14:24:00,696.242,103.784
2023-01-06 14:25:00,694.086,98.7775
2023-01-06 14:26:00,690.899,95.2437
2023-01-06 14:27:00,687.393,92.3877
2023-01-06 14:28:00,684.644,91.2359
2023-01-06 14:29:00,682.492,90.674
2023-01-06 14:30:00,679.382,89.8344
2023-01-06 14:31:00,676.472,89.5565
2023-01-06 14:32:00,672.663,88.9326
2023-01-06 14:33:00,670.51,88.4576
2023-01-06 14:34:00,676.779,89.4145
2023-01-06 14:35:00,680.32,86.1917
2023-01-06 14:36:00,663.99,87.9392
2023-01-06 14:37:00,661.96,87.6065
2023-01-06 14:38:00,660.123,86.899
2023-01-06 14:39:00,657.473,86.6151
2023-01-06 14:40:00,655.006,86.5992
2023-01-06 14:41:00,651.319,85.7429
2023-01-06 14:42:00,648.346,85.1666
2023-01-06 14:43:00,646.063,84.7246
2023-01-06 14:44:00,643.328,84.7735
2023-01-06 14:45:00,637.57,83.8872
2023-01-06 14:46:00,634.586,83.7242
2023-01-06 14:47:00,632.29,83.4369
2023-01-06 14:48:00,630.672,82.9903
2023-01-06 14:49:00,626.58,82.5166
2023-01-06 14:50:00,622.701,82.4184
2023-01-06 14:51:00,619.711,82.3683
2023-01-06 14:52:00,616.478,82.0793
2023-01-06 14:53:00,613.102,81.8792
2023-01-06 14:54:00,609.924,81.8291
2023-01-06 14:55:00,608.047,81.762
2023-01-06 14:56:00,606.837,81.4041
2023-01-06 14:57:00,604.029,80.7543
2023-01-06 14:58:00,600.615,80.8785
2023-01-06 14:59:00,598.562,80.9479
2023-01-06 15:00:00,593.695,80.3658
2023-01-06 15:01:00,589.628,79.9317
2023-01-06 15:02:00,588.013,79.5366
2023-01-06 15:03:00,586.745,80.0063
2023-01-06 15:04:00,586.034,80.0111
2023-01-06 15:05:00,583.928,80.2014
2023-01-06 15:06:00,579.035,79.4368
2023-01-06 15:07:00,574.574,79.3877
2023-01-06 15:08:00,570.214,78.8399
2023-01-06 15:09:00,563.847,78.3728
2023-01-06 15:10:00,559.047,77.9515
2023-01-06 15:11:00,557.062,77.1198
2023-01-06 15:12:00,553.937,76.5172
2023-01-06 15:13:00,550.237,77.0821
2023-01-06 15:14:00,546.955,76.887
2023-01-06 15:15:00,543.876,76.6507
2023-01-06 15:16:00,540.854,75.5981
2023-01-06 15:17:00,537.989,75.5711
2023-01-06 15:18:00,534.799,75.6236
2023-01-06 15:19:00,530.83,75.5828
2023-01-06 15:20:00,528.089,75.544
2023-01-06 15:21:00,524.401,74.506
2023-01-06 15:22:00,521.608,74.4366
2023-01-06 15:23:00,518.861,73.5688
2023-01-06 15:24:00,514.949,73.7775
2023-01-06 15:25:00,510.995,73.0211
2023-01-06 15:26:00,507.382,72.7887
2023-01-06 15:27:00,503.285,72.5664
2023-01-06 15:28:00,499.712,71.9263
2023-01-06 15:29:00,496.407,72.4766
2023-01-06 15:30:00,493.757,72.1131
2023-01-06 15:31:00,490.218,71.4056
2023-01-06 15:32:00,486.555,71.0391
2023-01-06 15:33:00,482.707,70.8786
2023-01-06 15:34:00,479.575,70.8274
2023-01-06 15:35:00,476.111,70.4695
2023-01-06 15:36:00,472.896,69.9113
2023-01-06 15:37:00,469.888,70.0958
2023-01-06 15:38:00,466.516,69.8711
2023-01-06 15:39:00,462.929,69.6355
2023-01-06 15:40:00,459.72,68.9328
2023-01-06 15:41:00,455.703,68.7642
2023-01-06 15:42:00,452.158,68.3847
2023-01-06 15:43:00,448.688,67.7584
2023-01-06 15:44:00,445.361,67.5033
2023-01-06 15:45:00,441.545,67.1309
2023-01-06 15:46:00,437.676,66.8451
2023-01-06 15:47:00,433.469,66.4385
2023-01-06 15:48:00,429.175,66.2667
2023-01-06 15:49:00,425.645,65.7436
2023-01-06 15:50:00,422.136,65.7627
2023-01-06 15:51:00,418.208,65.2443
2023-01-06 15:52:00,414.151,64.9997
2023-01-06 15:53:00,409.952,64.2012
2023-01-06 15:54:00,405.174,63.9379
2023-01-06 15:55:00,401.446,63.695
2023-01-06 15:56:00,398.419,63.4912
2023-01-06 15:57:00,394.587,62.9021
2023-01-06 15:58:00,391.771,63.3523
2023-01-06 15:59:00,388.689,62.9514
2023-01-06 16:00:00,384.706,62.8806
2023-01-06 16:01:00,380.761,63.0945
2023-01-06 16:02:00,377.126,62.7744
2023-01-06 16:03:00,373.362,61.6422
2023-01-06 16:04:00,369.846,60.5691
2023-01-06 16:05:00,365.787,60.6034
2023-01-06 16:06:00,361.48,59.8744
2023-01-06 16:07:00,357.238,59.7707
2023-01-06 16:08:00,353.491,59.1233
2023-01-06 16:09:00,350.007,58.6435
2023-01-06 16:10:00,345.494,58.0457
2023-01-06 16:11:00,341.125,57.9172
2023-01-06 16:12:00,338.081,57.178
2023-01-06 16:13:00,334.58,57.3372
2023-01-06 16:14:00,331.03,57.1319
2023-01-06 16:15:00,327.845,56.6981
2023-01-06 16:16:00,324.132,56.2449
2023-01-06 16:17:00,319.142,56.7983
2023-01-06 16:18:00,315.268,57.6719
2023-01-06 16:19:00,311.979,59.152
2023-01-06 16:20:00,308.069,58.9857
2023-01-06 16:21:00,304.639,57.0902
2023-01-06 16:22:00,301.077,54.5817
2023-01-06 16:23:00,297.412,53.4493
2023-01-06 16:24:00,294.423,53.5256
2023-01-06 16:25:00,291.546,54.132
2023-01-06 16:26:00,288.093,55.0833
2023-01-06 16:27:00,283.99,54.9613
2023-01-06 16:28:00,280.091,52.447
2023-01-06 16:29:00,276.823,51.2862
2023-01-06 16:30:00,273.301,50.3928
2023-01-06 16:31:00,270.764,50.0727
2023-01-06 16:32:00,268.957,50.3828
2023-01-06 16:33:00,266.962,51.794
2023-01-06 16:34:00,263.694,53.0656
2023-01-06 16:35:00,260.043,52.081
2023-01-06 16:36:00,256.011,50.1911
2023-01-06 16:37:00,251.919,48.9312
2023-01-06 16:38:00,248.008,48.1134
2023-01-06 16:39:00,243.481,46.9491
2023-01-06 16:40:00,238.641,46.2224
2023-01-06 16:41:00,233.566,45.0797
2023-01-06 16:42:00,228.9,44.3755
2023-01-06 16:43:00,224.547,44.0737
2023-01-06 16:44:00,220.426,43.4243
2023-01-06 16:45:00,216.34,43.0925
2023-01-06 16:46:00,212.541,42.7769
2023-01-06 16:47:00,208.808,42.3974
2023-01-06 16:48:00,205.842,42.09
2023-01-06 16:49:00,203.258,41.656
2023-01-06 16:50:00,200.34,40.8358
2023-01-06 16:51:00,196.884,40.4963
2023-01-06 16:52:00,192.858,39.8994
2023-01-06 16:53:00,188.979,39.4484
2023-01-06 16:54:00,184.241,38.9973
2023-01-06 16:55:00,178.573,37.9504
2023-01-06 16:56:00,168.173,35.6698
2023-01-06 16:57:00,149.277,31.9092
2023-01-06 16:58:00,156.292,33.7048
2023-01-06 16:59:00,140.176,29.0634
2023-01-06 17:00:00,139.143,30.3211
2023-01-06 17:01:00,142.896,32.8115
2023-01-06 17:02:00,135.31,33.3377
2023-01-06 17:03:00,118.117,31.2346
2023-01-06 17:04:00,116.019,30.9817
2023-01-06 17:05:00,103.608,24.9084
2023-01-06 17:06:00,103.258,23.4114
2023-01-06 17:07:00,111.75,25.2935
2023-01-06 17:08:00,88.9285,17.4304
2023-01-06 17:09:00,70.9177,12.7083
2023-01-06 17:10:00,72.8789,14.0503
2023-01-06 17:11:00,79.267,15.9243
2023-01-06 17:12:00,68.1616,12.535
2023-01-06 17:13:00,57.2959,9.8954
2023-01-06 17:14:00,57.1978,10.2953
2023-01-06 17:15:00,43.6015,6.29656
2023-01-06 17:16:00,44.5273,7.22617
2023-01-06 17:17:00,42.3493,6.51645
2023-01-06 17:18:00,38.0731,5.25647
2023-01-06 17:19:00,33.6883,4.14457
2023-01-06 17:20:00,35.0262,5.06508
2023-01-06 17:21:00,41.5471,8.00777
2023-01-06 17:22:00,51.253,11.9063
2023-01-06 17:23:00,55.6573,13.7656
2023-01-06 17:24:00,56.7997,14.4661
2023-01-06 17:25:00,54.6329,14.0993
2023-01-06 17:26:00,51.7927,13.5559
2023-01-06 17:27:00,48.006,12.8176
2023-01-06 17:28:00,43.6715,12.1421
2023-01-06 17:29:00,39.4454,11.6921
2023-01-06 17:30:00,34.9041,11.0439
2023-01-06 17:31:00,28.8869,10.202
2023-01-06 17:32:00,23.2291,9.46146
2023-01-06 17:33:00,20.2267,8.17524
2023-01-06 17:34:00,18.705,8.1422
2023-01-06 17:35:00,17.4309,8.40308
2023-01-06 17:36:00,16.3316,7.977
2023-01-06 17:37:00,15.3613,6.85486
2023-01-06 17:38:00,14.3863,5.07193
2023-01-06 17:39:00,13.3292,2.71824
2023-01-06 17:40:00,12.2516,2.38673
2023-01-06 17:41:00,11.2264,1.93558
2023-01-06 17:42:00,10.2138,1.03672
2023-01-06 17:43:00,9.22519,0.919372
2023-01-06 17:44:00,8.29596,0.766715
2023-01-06 17:45:00,7.3256,0.599245
2023-01-06 17:46:00,6.46141,0.455699
2023-01-06 17:47:00,5.684,0.369117
2023-01-06 17:48:00,4.88031,0.240382
2023-01-06 17:49:00,4.16567,0.143545
2023-01-06 17:50:00,3.52981,0.1219
2023-01-06 17:51:00,2.92705,0.104811
2023-01-06 17:52:00,2.28775,0.00341775
2023-01-06 17:53:00,1.71468,-0.041013
2023-01-06 17:54:00,1.20324,-0.00911399
2023-01-06 17:55:00,0.74432,-0.0467093
2023-01-06 17:56:00,0.301383,-0.0683556
2023-01-06 17:57:00,-0.0936114,-0.0296207
2023-01-06 17:58:00,-0.431526,-0.0501274
2023-01-06 17:59:00,-0.712361,-0.021646
2023-01-06 18:00:00,-1.03315,-0.146965
2023-01-06 18:01:00,-1.26376,-0.194814
2023-01-06 18:02:00,-1.5309,-0.210764
2023-01-06 18:03:00,-1.7147,-0.303044
2023-01-06 18:04:00,-1.91561,-0.346335
2023-01-06 18:05:00,-2.02178,-0.151522
2023-01-06 18:06:00,-2.11995,-0.202788
2023-01-06 18:07:00,-2.22041,-0.263168
2023-01-06 18:08:00,-2.30146,-0.233546
2023-01-06 18:09:00,-2.39164,-0.18228
2023-01-06 18:10:00,-2.46586,-0.248358
2023-01-06 18:11:00,-2.58458,-0.323549
2023-01-06 18:12:00,-2.65307,-0.284813
2023-01-06 18:13:00,-2.71244,-0.393044
2023-01-06 18:14:00,-2.7935,-0.471653
2023-01-06 18:15:00,-2.84373,-0.547983
2023-01-06 18:16:00,-2.8814,-0.577602
2023-01-06 18:17:00,-2.8677,-0.537729
2023-01-06 18:18:00,-2.83346,-0.480767
2023-01-06 18:19:00,-2.81405,-0.453425
2023-01-06 18:20:00,-2.84031,-0.436336
2023-01-06 18:21:00,-2.85514,-0.396461
2023-01-06 18:22:00,-2.80491,-0.379372
2023-01-06 18:23:00,-2.81177,-0.413552
2023-01-06 18:24:00,-2.81748,-0.355449
2023-01-06 18:25:00,-2.81062,-0.32127
2023-01-06 18:26:00,-2.81633,-0.401019
2023-01-06 18:27:00,-2.82547,-0.419248
2023-01-06 18:28:00,-2.83233,-0.404438
2023-01-06 18:29:00,-2.81749,-0.398743
2023-01-06 18:30:00,-2.81178,-0.363425
2023-01-06 18:31:00,-2.80493,-0.323551
2023-01-06 18:32:00,-2.80606,-0.360006
2023-01-06 18:33:00,-2.78551,-0.309878
2023-01-06 18:34:00,-2.7467,-0.272283
2023-01-06 18:35:00,-2.70332,-0.183421
2023-01-06 18:36:00,-2.68049,-0.209624
2023-01-06 18:37:00,-2.68733,-0.227852
2023-01-06 18:38:00,-2.69874,-0.19823
2023-01-06 18:39:00,-2.65536,-0.169749
2023-01-06 18:40:00,-2.65193,-0.296206
2023-01-06 18:41:00,-2.64966,-0.280257
2023-01-06 18:42:00,-2.66108,-0.280258
2023-01-06 18:43:00,-2.63139,-0.210763
2023-01-06 18:44:00,-2.6017,-0.246079
2023-01-06 18:45:00,-2.59371,-0.164053
2023-01-06 18:46:00,-2.58458,-0.157217
2023-01-06 18:47:00,-2.54805,-0.110508
2023-01-06 18:48:00,-2.50809,-0.131014
2023-01-06 18:49:00,-2.49895,-0.209622
2023-01-06 18:50:00,-2.46584,-0.2119
2023-01-06 18:51:00,-2.4316,-0.134431
2023-01-06 18:52:00,-2.40763,-0.172027
2023-01-06 18:53:00,-2.3711,-0.128736
2023-01-06 18:54:00,-2.33685,-0.120761
2023-01-06 18:55:00,-2.30147,-0.00455701
2023-01-06 18:56:00,-2.23869,-0.0546845
2023-01-06 18:57:00,-2.17933,-0.0410135
2023-01-06 18:58:00,-2.17248,-0.128737
2023-01-06 18:59:00,-2.17134,-0.129876
2023-01-06 19:00:00,-2.15764,0.0569633
2023-01-06 19:01:00,-2.15763,-0.0136711
2023-01-06 19:02:00,-2.1679,-0.0729126
2023-01-06 19:03:00,-2.22042,-0.125319
2023-01-06 19:04:00,-2.19074,0.0159497
2023-01-06 19:05:00,-2.24211,-0.0831659
2023-01-06 19:06:00,-2.30376,-0.12304
2023-01-06 19:07:00,-2.33002,-0.190257
2023-01-06 19:08:00,-2.32545,-0.0717736
2023-01-06 19:09:00,-2.38596,-0.0888624
2023-01-06 19:10:00,-2.41564,-0.197092
2023-01-06 19:11:00,-2.41792,-0.135572
2023-01-06 19:12:00,-2.46131,-0.207346
2023-01-06 19:13:00,-2.47729,-0.224435
2023-01-06 19:14:00,-2.52408,-0.219877
2023-01-06 19:15:00,-2.57774,-0.279118
2023-01-06 19:16:00,-2.57546,-0.356589
2023-01-06 19:17:00,-2.67364,-0.394185
2023-01-06 19:18:00,-2.78666,-0.5252
2023-01-06 19:19:00,-2.85174,-0.527479
2023-01-06 19:20:00,-2.90311,-0.673306
2023-01-06 19:21:00,-2.8837,-0.541151
2023-01-06 19:22:00,-2.76041,-0.369121
2023-01-06 19:23:00,-2.71702,-0.404438
2023-01-06 19:24:00,-2.6862,-0.382792
2023-01-06 19:25:00,-2.70218,-0.355449
2023-01-06 19:26:00,-2.70674,-0.241523
2023-01-06 19:27:00,-2.71702,-0.318992
2023-01-06 19:28:00,-2.72387,-0.352032
2023-01-06 19:29:00,-2.7216,-0.386211
2023-01-06 19:30:00,-2.73758,-0.338362
2023-01-06 19:31:00,-2.76954,-0.419249
2023-01-06 19:32:00,-2.79922,-0.322411
2023-01-06 19:33:00,-2.78781,-0.244942
2023-01-06 19:34:00,-2.87344,-0.443175
2023-01-06 19:35:00,-2.83691,-0.478493
2023-01-06 19:36:00,-2.80951,-0.533178
2023-01-06 19:37:00,-2.78553,-0.565076
2023-01-06 19:38:00,-2.92138,-0.565075
2023-01-06 19:39:00,-2.96703,-0.652797
2023-01-06 19:40:00,-2.85516,-0.567352
2023-01-06 19:41:00,-2.8997,-0.618623
2023-01-06 19:42:00,-2.93509,-0.676727
2023-01-06 19:43:00,-3.0561,-0.723437
2023-01-06 19:44:00,-3.01272,-0.821413
2023-01-06 19:45:00,-3.04581,-0.816853
2023-01-06 19:46:00,-2.97389,-0.847611
2023-01-06 19:47:00,-2.95561,-0.794063
2023-01-06 19:48:00,-3.00584,-0.886343
2023-01-06 19:49:00,-2.78436,-0.885202
2023-01-06 19:50:00,-2.66907,-0.715455
2023-01-06 19:51:00,-2.71131,-0.74052
2023-01-06 19:52:00,-2.75469,-0.561654
2023-01-06 19:53:00,-2.7079,-0.383932
2023-01-06 19:54:00,-2.68619,-0.410133
2023-01-06 19:55:00,-2.72272,-0.46026
2023-01-06 19:56:00,-2.74214,-0.498996
2023-01-06 19:57:00,-2.79125,-0.574192
2023-01-06 19:58:00,-2.70105,-0.51381
2023-01-06 19:59:00,-2.5652,-0.358868
2023-01-06 20:00:00,-2.63711,-0.275701
2023-01-06 20:01:00,-2.71131,-0.288233
2023-01-06 20:02:00,-2.59373,-0.216459
2023-01-06 20:03:00,-2.57089,-0.240384
2023-01-06 20:04:00,-2.40537,-0.0444313
2023-01-06 20:05:00,-2.37456,-0.0956988
2023-01-06 20:06:00,-2.3757,-0.162916
2023-01-06 20:07:00,-2.47729,-0.336084
2023-01-06 20:08:00,-2.47272,-0.0318994
2023-01-06 20:09:00,-2.38368,-0.0831664
2023-01-06 20:10:00,-2.23756,-0.190257
2023-01-06 20:11:00,-2.45217,-0.357728
2023-01-06 20:12:00,-2.5298,-0.182282
2023-01-06 20:13:00,-2.46473,-0.00911421
2023-01-06 20:14:00,-2.4339,0.100255
2023-01-06 20:15:00,-2.47954,-0.153799
2023-01-06 20:16:00,-2.51494,-0.221015
2023-01-06 20:17:00,-2.56289,-0.221016
2023-01-06 20:18:00,-2.51609,-0.0843049
2023-01-06 20:19:00,-2.38139,-0.144686
2023-01-06 20:20:00,-2.44304,-0.135572
2023-01-06 20:21:00,-2.51838,0.0888622
2023-01-06 20:22:00,-2.40765,-0.0022789
2023-01-06 20:23:00,-2.44075,0.0922802
2023-01-06 20:24:00,-2.4967,-0.0569632
2023-01-06 20:25:00,-2.52981,-0.226714
2023-01-06 20:26:00,-2.47387,-0.203929
2023-01-06 20:27:00,-2.36085,-0.0205068
2023-01-06 20:28:00,-2.40195,-0.164054
2023-01-06 20:29:00,-2.36999,-0.307602
2023-01-06 20:30:00,-2.35856,-0.183422
2023-01-06 20:31:00,-2.55148,-0.250637
2023-01-06 20:32:00,-2.63482,-0.298486
2023-01-06 20:33:00,-2.76154,-0.369121
2023-01-06 20:34:00,-2.72159,-0.349754
2023-01-06 20:35:00,-2.8974,-0.410135
2023-01-06 20:36:00,-2.99672,-0.463681
2023-01-06 20:37:00,-3.03209,-0.545704
2023-01-06 20:38:00,-3.05948,-0.661906
2023-01-06 20:39:00,-3.04123,-0.680139
2023-01-06 20:40:00,-3.00586,-0.769006
2023-01-06 20:41:00,-2.93165,-0.72799
2023-01-06 20:42:00,-2.84944,-0.717732
2023-01-06 20:43:00,-2.8072,-0.593553
2023-01-06 20:44:00,-2.82889,-0.659631
2023-01-06 20:45:00,-2.71702,-0.541149
2023-01-06 20:46:00,-2.6508,-0.360006
2023-01-06 20:47:00,-2.46358,-0.406716
2023-01-06 20:48:00,-2.53778,-0.424943
2023-01-06 20:49:00,-2.56861,-0.406716
2023-01-06 20:50:00,-2.55947,-0.423804
2023-01-06 20:51:00,-2.53093,-0.408994
2023-01-06 20:52:00,-2.5081,-0.304181
2023-01-06 20:53:00,-2.43047,-0.266586
2023-01-06 20:54:00,-2.43275,-0.243801
2023-01-06 20:55:00,-2.40078,-0.140128
2023-01-06 20:56:00,-2.36083,-0.161775
2023-01-06 20:57:00,-2.30262,-0.164054
2023-01-06 20:58:00,-2.41793,-0.260892
2023-01-06 20:59:00,-2.09485,0.31102
2023-01-06 21:00:00,-1.74551,0.970651
2023-01-06 21:01:00,-1.70213,0.582161
2023-01-06 21:02:00,-1.71583,0.799763
2023-01-06 21:03:00,-1.68387,1.08344
2023-01-06 21:04:00,-1.86425,0.814575
2023-01-06 21:05:00,-1.91904,0.66419
2023-01-06 21:06:00,-2.04348,0.518365
2023-01-06 21:07:00,-2.1622,0.33836
2023-01-06 21:08:00,-2.24896,0.219877
2023-01-06 21:09:00,-2.37455,0.160637
2023-01-06 21:10:00,-2.42022,0.0706348
2023-01-06 21:11:00,-2.3266,0.0900021
2023-01-06 21:12:00,-2.34372,-0.0193675
2023-01-06 21:13:00,-2.47958,-0.0740523
2023-01-06 21:14:00,-2.42021,-0.145826
2023-01-06 21:15:00,-2.41565,-0.205068
2023-01-06 21:16:00,-2.43962,-0.178865
2023-01-06 21:17:00,-2.33687,-0.195953
2023-01-06 21:18:00,-2.32888,-0.219878
2023-01-06 21:19:00,-2.38026,-0.175447
2023-01-06 21:20:00,-2.31517,-0.0467097
2023-01-06 21:21:00,-2.33231,0.0683561
2023-01-06 21:22:00,-2.36429,0.0956989
2023-01-06 21:23:00,-2.46246,-0.0786095
2023-01-06 21:24:00,-2.49898,-0.141269
2023-01-06 21:25:00,-2.48414,-0.249499
2023-01-06 21:26:00,-2.38938,-0.167472
2023-01-06 21:27:00,-2.2364,0.0831661
2023-01-06 21:28:00,-2.23297,-0.127596
2023-01-06 21:29:00,-2.31745,-0.101394
2023-01-06 21:30:00,-2.22269,-0.185698
2023-01-06 21:31:00,-2.26151,-0.0410133
2023-01-06 21:32:00,-2.21814,-0.165193
2023-01-06 21:33:00,-2.04347,-0.026203
2023-01-06 21:34:00,-2.02179,0.12418
2023-01-06 21:35:00,-2.11654,0.168611
2023-01-06 21:36:00,-2.12111,0.173168
2023-01-06 21:37:00,-2.1622,0.137851
2023-01-06 21:38:00,-2.21586,0.113926
2023-01-06 21:39:00,-2.24897,-0.0284816
2023-01-06 21:40:00,-2.36883,-0.129876
2023-01-06 21:41:00,-2.3186,-0.0125318
2023-01-06 21:42:00,-2.27636,-0.074052
2023-01-06 21:43:00,-2.33801,-0.16975
2023-01-06 21:44:00,-2.33457,-0.112786
2023-01-06 21:45:00,-2.28549,-0.13785
2023-01-06 21:46:00,-2.38253,-0.186839
2023-01-06 21:47:00,-2.39052,-0.175446
2023-01-06 21:48:00,-2.48755,-0.134432
2023-01-06 21:49:00,-2.5355,-0.238105
2023-01-06 21:50:00,-2.39509,-0.276841
2023-01-06 21:51:00,-2.32659,-0.175446
2023-01-06 21:52:00,-2.42818,-0.178863
2023-01-06 21:53:00,-2.43048,-0.0900017
2023-01-06 21:54:00,-2.46587,-0.133294
2023-01-06 21:55:00,-2.50925,-0.232409
2023-01-06 21:56:00,-2.38252,-0.166331
2023-01-06 21:57:00,-2.35627,-0.198231
2023-01-06 21:58:00,-2.35626,-0.178863
2023-01-06 21:59:00,-2.38138,-0.170889
2023-01-06 22:00:00,-2.37795,-0.180003
2023-01-06 22:01:00,-2.46472,-0.234687
2023-01-06 22:02:00,-2.50924,-0.198231
2023-01-06 22:03:00,-2.42134,-0.151522
2023-01-06 22:04:00,-2.16106,0.0296208
2023-01-06 22:05:00,-2.12795,0.141269
2023-01-06 22:06:00,-2.14622,0.125319
2023-01-06 22:07:00,-2.13823,0.0615203
2023-01-06 22:08:00,-2.15992,-0.0501275
2023-01-06 22:09:00,-2.17248,0.338361
2023-01-06 22:10:00,-2.25924,0.0501276
2023-01-06 22:11:00,-2.17132,0.233547
2023-01-06 22:12:00,-1.87564,0.271142
2023-01-06 22:13:00,-1.6028,0.480763
2023-01-06 22:14:00,-1.57312,0.571904
2023-01-06 22:15:00,-1.90989,0.279117
2023-01-06 22:16:00,-2.0469,0.363425
2023-01-06 22:17:00,-2.02065,0.303044
2023-01-06 22:18:00,-2.14509,0.20279
2023-01-06 22:19:00,-2.28437,0.134434
2023-01-06 22:20:00,-2.28893,0.0626597
2023-01-06 22:21:00,-2.42478,-0.0341779
2023-01-06 22:22:00,-2.49213,-0.236967
2023-01-06 22:23:00,-2.52068,-0.285956
2023-01-06 22:24:00,-2.55835,-0.354312
2023-01-06 22:25:00,-2.58117,-0.303043
2023-01-06 22:26:00,-2.49897,-0.208485
2023-01-06 22:27:00,-2.41336,-0.170889
2023-01-06 22:28:00,-2.38595,-0.136711
2023-01-06 22:29:00,-2.27407,-0.0307599
2023-01-06 22:30:00,-2.19301,0.00911405
2023-01-06 22:31:00,-2.19872,0.0478488
2023-01-06 22:32:00,-2.21815,0.0455706
2023-01-06 22:33:00,-2.19531,0.0615203
2023-01-06 22:34:00,-2.20787,0.134433
2023-01-06 22:35:00,-2.18619,0.0307603
2023-01-06 22:36:00,-2.15651,0.0444316
2023-01-06 22:37:00,-2.12567,0.0854448
2023-01-06 22:38:00,-2.09485,0.219877
2023-01-06 22:39:00,-2.11882,0.254055
2023-01-06 22:40:00,-2.1462,0.260889
2023-01-06 22:41:00,-2.16333,0.236965
2023-01-06 22:42:00,-2.16905,0.201649
2023-01-06 22:43:00,-2.17703,0.176585
2023-01-06 22:44:00,-2.24552,0.145825
2023-01-06 22:45:00,-2.21584,0.110508
2023-01-06 22:46:00,-2.13593,0.157217
2023-01-06 22:47:00,-2.12908,0.226712
2023-01-06 22:48:00,-2.15762,0.231268
2023-01-06 22:49:00,-2.14278,0.258611
2023-01-06 22:50:00,-2.13708,0.167471
2023-01-06 22:51:00,-2.17817,0.099115
2023-01-06 22:52:00,-2.13593,0.182281
2023-01-06 22:53:00,-2.17817,0.0729123
2023-01-06 22:54:00,-2.19415,0.0353168
2023-01-06 22:55:00,-2.22154,-0.0375953
2023-01-06 22:56:00,-2.22382,-0.0603803
2023-01-06 22:57:00,-2.13593,-0.00569625
2023-01-06 22:58:00,-2.12452,0.104811
2023-01-06 22:59:00,-2.07201,0.219877
2023-01-06 23:00:00,-2.04004,0.227851
2023-01-06 23:01:00,-2.08797,0.208483
2023-01-06 23:02:00,-2.12337,0.250635
2023-01-06 23:03:00,-2.10967,0.199369
2023-01-06 23:04:00,-2.1268,0.144685
2023-01-06 23:05:00,-2.13707,0.10709
2023-01-06 23:06:00,-2.13137,0.0831659
2023-01-06 23:07:00,-2.12338,0.0911407
2023-01-06 23:08:00,-2.1565,0.0592417
2023-01-06 23:09:00,-2.1953,0.0763303
2023-01-06 23:10:00,-2.15421,0.236967
2023-01-06 23:11:00,-2.12224,0.190257
2023-01-06 23:12:00,-2.15535,0.0786089
2023-01-06 23:13:00,-2.15534,-0.00911403
2023-01-06 23:14:00,-2.12451,0.168609
2023-01-06 23:15:00,-2.10624,0.225572
2023-01-06 23:16:00,-2.13936,0.0831656
2023-01-06 23:17:00,-2.15193,0.0649379
2023-01-06 23:18:00,-2.21586,-4.34617e-09
2023-01-06 23:19:00,-2.20558,-0.0467097
2023-01-06 23:20:00,-2.23526,-0.0444311
2023-01-06 23:21:00,-2.18844,-0.0558233
2023-01-06 23:22:00,-2.1268,0.00227854
2023-01-06 23:23:00,-2.09712,0.0262029
2023-01-06 23:24:00,-2.04574,0.0273421
2023-01-06 23:25:00,-2.10968,0.0125318
2023-01-06 23:26:00,-2.14622,-0.00455703
2023-01-06 23:27:00,-2.10171,0.0330388
2023-01-06 23:28:00,-2.10284,-0.0182282
2023-01-06 23:29:00,-2.04348,0.0444313
2023-01-06 23:30:00,-2.06516,0.0170888
2023-01-06 23:31:00,-1.8688,0.347473
2023-01-06 23:32:00,-1.78431,0.395321
2023-01-06 23:33:00,-1.92016,0.134431
2023-01-06 23:34:00,-1.99892,0.0592407
2023-01-06 23:35:00,-1.94413,0.153799
2023-01-06 23:36:00,-1.93386,0.328104
2023-01-06 23:37:00,-1.95555,0.270003
2023-01-06 23:38:00,-1.99095,0.236965
2023-01-06 23:39:00,-2.0309,0.161774
2023-01-06 23:40:00,-2.08569,0.0843045
2023-01-06 23:41:00,-2.09369,0.181141
2023-01-06 23:42:00,-2.03091,0.374816
2023-01-06 23:43:00,-1.90762,0.519502
2023-01-06 23:44:00,-1.94301,0.55596
2023-01-06 23:45:00,-2.00124,0.440896
2023-01-06 23:46:00,-1.93274,0.508112
2023-01-06 23:47:00,-1.7946,0.56849
2023-01-06 23:48:00,-1.81286,0.502412
2023-01-06 23:49:00,-1.88935,0.428361
2023-01-06 23:50:00,-1.92932,0.391906
2023-01-06 23:51:00,-1.89165,0.406718
2023-01-06 23:52:00,-1.92018,0.29279
2023-01-06 23:53:00,-1.89962,0.298485
2023-01-06 23:54:00,-1.86538,0.412411
2023-01-06 23:55:00,-1.82655,0.418105
2023-01-06 23:56:00,-1.86194,0.383927
2023-01-06 23:57:00,-1.88477,0.497853
2023-01-06 23:58:00,-1.82998,0.653929
2023-01-06 23:59:00,-1.80715,0.681275
2023-01-07 00:00:00,-1.86995,0.320133
2023-01-07 00:01:00,-1.88708,0.315576
2023-01-07 00:02:00,-1.82429,0.345197
2023-01-07 00:03:00,-1.8357,0.369121
2023-01-07 00:04:00,-1.82543,0.537732
2023-01-07 00:05:00,-1.83114,0.590138
2023-01-07 00:06:00,-1.86652,0.562793
2023-01-07 00:07:00,-1.85739,0.511527
2023-01-07 00:08:00,-1.90305,0.397601
2023-01-07 00:09:00,-2.01606,0.279117
2023-01-07 00:10:00,-2.08,0.227851
2023-01-07 00:11:00,-2.09712,0.169749
2023-01-07 00:12:00,-2.12109,0.102533
2023-01-07 00:13:00,-2.14964,0.0159496
2023-01-07 00:14:00,-2.12909,0.0603808
2023-01-07 00:15:00,-2.00124,0.141269
2023-01-07 00:16:00,-1.96128,0.173168
2023-01-07 00:17:00,-1.951,0.198231
2023-01-07 00:18:00,-1.90876,0.332664
2023-01-07 00:19:00,-1.86653,0.536593
2023-01-07 00:20:00,-1.83113,0.617479
2023-01-07 00:21:00,-1.80373,0.651657
2023-01-07 00:22:00,-1.78889,0.584438
2023-01-07 00:23:00,-1.81172,0.486463
2023-01-07 00:24:00,-1.84939,0.435195
2023-01-07 00:25:00,-1.89962,0.408991
2023-01-07 00:26:00,-1.943,0.399877
2023-01-07 00:27:00,-1.8882,0.403295
2023-01-07 00:28:00,-1.86309,0.434056
2023-01-07 00:29:00,-1.89163,0.497855
2023-01-07 00:30:00,-1.89848,0.57874
2023-01-07 00:31:00,-1.9156,0.463677
2023-01-07 00:32:00,-1.93843,0.403295
2023-01-07 00:33:00,-1.9544,0.366838
2023-01-07 00:34:00,-1.94185,0.428358
2023-01-07 00:35:00,-1.91673,0.401015
2023-01-07 00:36:00,-1.88706,0.330383
2023-01-07 00:37:00,-1.88593,0.361145
2023-01-07 00:38:00,-1.90076,0.332662
2023-01-07 00:39:00,-1.95213,0.274561
2023-01-07 00:40:00,-1.99895,0.210763
2023-01-07 00:41:00,-2.02977,0.224434
2023-01-07 00:42:00,-1.99437,0.317852
2023-01-07 00:43:00,-1.96925,0.41127
2023-01-07 00:44:00,-2.07428,0.298484
2023-01-07 00:45:00,-2.06058,0.255193
2023-01-07 00:46:00,-2.02747,0.231268
2023-01-07 00:47:00,-2.00692,0.256331
2023-01-07 00:48:00,-1.99779,0.273419
2023-01-07 00:49:00,-2.04574,0.228989
2023-01-07 00:50:00,-2.05601,0.284812
2023-01-07 00:51:00,-2.08227,0.32013
2023-01-07 00:52:00,-2.07885,0.352029
2023-01-07 00:53:00,-2.02291,0.364561
2023-01-07 00:54:00,-2.04231,0.38051
2023-01-07 00:55:00,-2.04573,0.352028
2023-01-07 00:56:00,-2.04802,0.322408
2023-01-07 00:57:00,-2.10511,0.218737
2023-01-07 00:58:00,-2.1211,0.270004
2023-01-07 00:59:00,-2.04118,0.364562
2023-01-07 01:00:00,-1.99324,0.340638
2023-01-07 01:01:00,-1.96927,0.340639
2023-01-07 01:02:00,-1.97726,0.305322
2023-01-07 01:03:00,-2.03548,0.241523
2023-01-07 01:04:00,-2.09941,0.0979763
2023-01-07 01:05:00,-2.17589,0.0683554
2023-01-07 01:06:00,-2.19986,0.0672159
2023-01-07 01:07:00,-2.19072,0.0706335
2023-01-07 01:08:00,-2.13706,0.116203
2023-01-07 01:09:00,-2.11995,0.108229
2023-01-07 01:10:00,-2.12451,0.0683552
2023-01-07 01:11:00,-2.1736,0.0250636
2023-01-07 01:12:00,-2.201,-0.00569627
2023-01-07 01:13:00,-2.18845,0.0125318
2023-01-07 01:14:00,-2.16562,0.0672161
2023-01-07 01:15:00,-2.14506,0.07633
2023-01-07 01:16:00,-2.12679,0.0797476
2023-01-07 01:17:00,-2.14849,0.0205066
2023-01-07 01:18:00,-2.16104,-0.0467093
2023-01-07 01:19:00,-2.12337,-0.00113924
2023-01-07 01:20:00,-2.09027,0.0216458
2023-01-07 01:21:00,-2.07657,0.053545
2023-01-07 01:22:00,-2.06401,0.0706338
2023-01-07 01:23:00,-2.0583,0.0694944
2023-01-07 01:24:00,-2.06744,0.0694948
2023-01-07 01:25:00,-2.08342,0.0307599
2023-01-07 01:26:00,-2.0937,-0.0626592
2023-01-07 01:27:00,-2.11197,-0.069495
2023-01-07 01:28:00,-2.21015,-0.0956982
2023-01-07 01:29:00,-2.27409,-0.117345
2023-01-07 01:30:00,-2.33232,-0.146966
2023-01-07 01:31:00,-2.32204,-0.131016
2023-01-07 01:32:00,-2.26268,-0.15608
2023-01-07 01:33:00,-2.233,-0.169752
2023-01-07 01:34:00,-2.24785,-0.150385
2023-01-07 01:35:00,-2.23757,-0.0774706
2023-01-07 01:36:00,-2.22614,-0.0398743
2023-01-07 01:37:00,-2.22157,-0.0353172
2023-01-07 01:38:00,-2.21699,-0.0865837
2023-01-07 01:39:00,-2.22269,-0.102533
2023-01-07 01:40:00,-2.2227,-0.084305
2023-01-07 01:41:00,-2.26379,-0.0569628
2023-01-07 01:42:00,-2.22841,-0.00455703
2023-01-07 01:43:00,-2.13138,0.00341779
2023-01-07 01:44:00,-2.08686,0.0501277
2023-01-07 01:45:00,-2.03777,0.0467099
2023-01-07 01:46:00,-1.98753,0.0592415
2023-01-07 01:47:00,-1.97268,0.0991152
2023-01-07 01:48:00,-1.99779,0.124178
2023-01-07 01:49:00,-1.98523,0.177723
2023-01-07 01:50:00,-1.88819,0.209622
2023-01-07 01:51:00,-1.85166,0.228989
2023-01-07 01:52:00,-1.89391,0.284813
2023-01-07 01:53:00,-1.92245,0.287091
2023-01-07 01:54:00,-1.88478,0.295066
2023-01-07 01:55:00,-1.85053,0.32013
2023-01-07 01:56:00,-1.84711,0.364562
2023-01-07 01:57:00,-1.8414,0.386207
2023-01-07 01:58:00,-1.86879,0.344054
2023-01-07 01:59:00,-1.92473,0.44203
2023-01-07 02:00:00,-1.88477,0.45684
2023-01-07 02:01:00,-2.00807,0.321269
2023-01-07 02:02:00,-2.06971,0.241521
2023-01-07 02:03:00,-2.10397,0.148103
2023-01-07 02:04:00,-2.18502,0.090001
2023-01-07 02:05:00,-2.15306,0.0991154
2023-01-07 02:06:00,-2.07887,0.0934195
2023-01-07 02:07:00,-2.0606,0.102534
2023-01-07 02:08:00,-2.09028,0.0865838
2023-01-07 02:09:00,-2.08457,0.0672163
2023-01-07 02:10:00,-2.07087,0.0843051
2023-01-07 02:11:00,-2.04461,0.039874
2023-01-07 02:12:00,-2.06402,0.0432918
2023-01-07 02:13:00,-2.06859,0.0455704
2023-01-07 02:14:00,-2.08571,0.00683558
2023-01-07 02:15:00,-2.09142,0.0113926
2023-01-07 02:16:00,-2.08799,0.0410132
2023-01-07 02:17:00,-2.0115,0.136711
2023-01-07 02:18:00,-1.83456,0.20165
2023-01-07 02:19:00,-1.80373,0.146964
2023-01-07 02:20:00,-1.85625,0.162914
2023-01-07 02:21:00,-1.85282,0.235827
2023-01-07 02:22:00,-1.84026,0.292789
2023-01-07 02:23:00,-1.79916,0.308738
2023-01-07 02:24:00,-1.78662,0.323551
2023-01-07 02:25:00,-1.78891,0.350895
2023-01-07 02:26:00,-1.77521,0.38963
2023-01-07 02:27:00,-1.75694,0.426085
2023-01-07 02:28:00,-1.72497,0.478491
2023-01-07 02:29:00,-1.67816,0.475071
2023-01-07 02:30:00,-1.65875,0.489883
2023-01-07 02:31:00,-1.64391,0.536593
2023-01-07 02:32:00,-1.59825,0.620899
2023-01-07 02:33:00,-1.56743,0.645963
2023-01-07 02:34:00,-1.49323,0.656218
2023-01-07 02:35:00,-1.44186,0.666475
2023-01-07 02:36:00,-1.38934,0.714321
2023-01-07 02:37:00,-1.3254,0.813433
2023-01-07 02:38:00,-1.30599,0.775834
2023-01-07 02:39:00,-1.29458,0.741657
2023-01-07 02:40:00,-1.27175,0.706341
2023-01-07 02:41:00,-1.26033,0.639122
2023-01-07 02:42:00,-1.26832,0.609502
2023-01-07 02:43:00,-1.2843,0.622033
2023-01-07 02:44:00,-1.28658,0.690389
2023-01-07 02:45:00,-1.22722,0.771274
2023-01-07 02:46:00,-1.16101,0.76216
2023-01-07 02:47:00,-1.0731,0.798619
2023-01-07 02:48:00,-1.04114,0.700644
2023-01-07 02:49:00,-0.988632,0.746217
2023-01-07 02:50:00,-0.908722,0.82255
2023-01-07 02:51:00,-0.805977,0.831665
2023-01-07 02:52:00,-0.754605,0.735966
2023-01-07 02:53:00,-0.755746,0.796347
2023-01-07 02:54:00,-0.761454,0.71432
2023-01-07 02:55:00,-0.792278,0.788373
2023-01-07 02:56:00,-0.844792,0.771284
2023-01-07 02:57:00,-0.892741,0.743942
2023-01-07 02:58:00,-0.939549,0.677866
2023-01-07 02:59:00,-0.936126,0.648247
2023-01-07 03:00:00,-0.938413,0.726859
2023-01-07 03:01:00,-0.919003,0.751921
2023-01-07 03:02:00,-0.922424,0.824832
2023-01-07 03:03:00,-0.915573,0.830526
2023-01-07 03:04:00,-0.89959,0.903439
2023-01-07 03:05:00,-0.892741,0.905719
2023-01-07 03:06:00,-0.889318,0.794072
2023-01-07 03:07:00,-0.890462,0.715464
2023-01-07 03:08:00,-0.899594,0.6266
2023-01-07 03:09:00,-0.936125,0.508115
2023-01-07 03:10:00,-0.960098,0.504697
2023-01-07 03:11:00,-0.962381,0.506975
2023-01-07 03:12:00,-0.976079,0.471657
2023-01-07 03:13:00,-1.01375,0.481908
2023-01-07 03:14:00,-1.02288,0.477351
2023-01-07 03:15:00,-1.02973,0.461403
2023-01-07 03:16:00,-1.06284,0.436339
2023-01-07 03:17:00,-1.10736,0.459124
2023-01-07 03:18:00,-1.16901,0.477353
2023-01-07 03:19:00,-1.23751,0.486468
2023-01-07 03:20:00,-1.2946,0.373683
2023-01-07 03:21:00,-1.3494,0.328113
2023-01-07 03:22:00,-1.41333,0.34748
2023-01-07 03:23:00,-1.44188,0.354318
2023-01-07 03:24:00,-1.49783,0.313306
2023-01-07 03:25:00,-1.50582,0.320141
2023-01-07 03:26:00,-1.51266,0.314442
2023-01-07 03:27:00,-1.5332,0.34634
2023-01-07 03:28:00,-1.55375,0.33153
2023-01-07 03:29:00,-1.5663,0.307604
2023-01-07 03:30:00,-1.57543,0.308743
2023-01-07 03:31:00,-1.5777,0.30988
2023-01-07 03:32:00,-1.5994,0.270007
2023-01-07 03:33:00,-1.63478,0.249499
2023-01-07 03:34:00,-1.64392,0.236968
2023-01-07 03:35:00,-1.66904,0.249501
2023-01-07 03:36:00,-1.69873,0.239248
2023-01-07 03:37:00,-1.73527,0.22216
2023-01-07 03:38:00,-1.7798,0.219882
2023-01-07 03:39:00,-1.80377,0.193678
2023-01-07 03:40:00,-1.82888,0.223299
2023-01-07 03:41:00,-1.84943,0.249502
2023-01-07 03:42:00,-1.84942,0.257476
2023-01-07 03:43:00,-1.84943,0.213045
2023-01-07 03:44:00,-1.846,0.233552
2023-01-07 03:45:00,-1.86426,0.230134
2023-01-07 03:46:00,-1.89624,0.29963
2023-01-07 03:47:00,-1.91907,0.305326
2023-01-07 03:48:00,-1.96017,0.279124
2023-01-07 03:49:00,-1.98757,0.262034
2023-01-07 03:50:00,-1.98072,0.277984
2023-01-07 03:51:00,-1.95332,0.270009
2023-01-07 03:52:00,-1.97501,0.249503
2023-01-07 03:53:00,-2.0241,0.292796
2023-01-07 03:54:00,-2.04922,0.258617
2023-01-07 03:55:00,-2.06978,0.221022
2023-01-07 03:56:00,-2.09261,0.136715
2023-01-07 03:57:00,-2.09489,0.105954
2023-01-07 03:58:00,-2.08691,0.136715
2023-01-07 03:59:00,-2.07322,0.164059
2023-01-07 04:00:00,-2.08349,0.16178
2023-01-07 04:01:00,-2.08919,0.116207
2023-01-07 04:02:00,-2.06407,0.109372
2023-01-07 04:03:00,-2.06066,0.0888648
2023-01-07 04:04:00,-2.0618,0.0717754
2023-01-07 04:05:00,-2.05037,0.0888643
2023-01-07 04:06:00,-2.05493,0.01595
2023-01-07 04:07:00,-2.07777,-0.0410143
2023-01-07 04:08:00,-2.05151,-0.0375965
2023-01-07 04:09:00,-2.04351,0.0353178
2023-01-07 04:10:00,-2.06749,0.0968392
2023-01-07 04:11:00,-2.07319,0.068357
2023-01-07 04:12:00,-2.0652,0.0649389
2023-01-07 04:13:00,-2.02067,0.0353176
2023-01-07 04:14:00,-2.02523,0.058103
2023-01-07 04:15:00,-2.06063,0.028482
2023-01-07 04:16:00,-2.00813,0.0626608
2023-01-07 04:17:00,-1.99557,0.0615216
2023-01-07 04:18:00,-1.95104,0.0262035
2023-01-07 04:19:00,-1.97615,0.0102535
2023-01-07 04:20:00,-2.01383,0.0
2023-01-07 04:21:00,-2.0538,-0.0467108
2023-01-07 04:22:00,-2.0869,-0.0820287
2023-01-07 04:23:00,-2.08918,-0.0979787
2023-01-07 04:24:00,-2.11658,-0.132157
2023-01-07 04:25:00,-2.15767,-0.214185
2023-01-07 04:26:00,-2.17594,-0.226717
2023-01-07 04:27:00,-2.23073,-0.228995
2023-01-07 04:28:00,-2.2353,-0.25292
2023-01-07 04:29:00,-2.25471,-0.273427
2023-01-07 04:30:00,-2.23758,-0.279123
2023-01-07 04:31:00,-2.22731,-0.242667
2023-01-07 04:32:00,-2.22616,-0.223298
2023-01-07 04:33:00,-2.21018,-0.202791
2023-01-07 04:34:00,-2.1588,-0.168612
2023-01-07 04:35:00,-2.08916,-0.105953
2023-01-07 04:36:00,-2.04808,-0.0626606
2023-01-07 04:37:00,-1.96017,-0.0216463
2023-01-07 04:38:00,-1.91108,0.0
2023-01-07 04:39:00,-1.85742,-0.00227855
2023-01-07 04:40:00,-1.84942,0.00341783
2023-01-07 04:41:00,-1.8403,0.0068357
2023-01-07 04:42:00,-1.83346,0.0102536
2023-01-07 04:43:00,-1.83917,0.0193679
2023-01-07 04:44:00,-1.82662,0.035318
2023-01-07 04:45:00,-1.83004,0.0512681
2023-01-07 04:46:00,-1.78209,0.0717753
2023-01-07 04:47:00,-1.70903,0.0945611
2023-01-07 04:48:00,-1.63825,0.0991183
2023-01-07 04:49:00,-1.5823,0.100257
2023-01-07 04:50:00,-1.52065,0.0888643
2023-01-07 04:51:00,-1.51152,0.0877248
2023-01-07 04:52:00,-1.50694,0.0922816
2023-01-07 04:53:00,-1.47954,0.0991172
2023-01-07 04:54:00,-1.44301,0.102535
2023-01-07 04:55:00,-1.40077,0.121903
2023-01-07 04:56:00,-1.35625,0.15836
2023-01-07 04:57:00,-1.30031,0.199375
2023-01-07 04:58:00,-1.22269,0.227858
2023-01-07 04:59:00,-1.13593,0.287101
2023-01-07 05:00:00,-1.07542,0.331533
2023-01-07 05:01:00,-1.07427,0.34976
2023-01-07 05:02:00,-1.08683,0.370267
2023-01-07 05:03:00,-1.05258,0.377103
2023-01-07 05:04:00,-1.05258,0.423815
2023-01-07 05:05:00,-1.02404,0.440904
2023-01-07 05:06:00,-1.01719,0.443179
2023-01-07 05:07:00,-1.02518,0.451155
2023-01-07 05:08:00,-1.02062,0.44888
2023-01-07 05:09:00,-0.981805,0.447741
2023-01-07 05:10:00,-0.936138,0.450018
2023-01-07 05:11:00,-0.896183,0.454577
2023-01-07 05:12:00,-0.919012,0.435207
2023-01-07 05:13:00,-0.929286,0.426093
2023-01-07 05:14:00,-0.969247,0.438626
2023-01-07 05:15:00,-1.02062,0.445462
2023-01-07 05:16:00,-1.03203,0.442041
2023-01-07 05:17:00,-1.03202,0.444318
2023-01-07 05:18:00,-1.04344,0.446597
2023-01-07 05:19:00,-1.07655,0.460269
2023-01-07 05:20:00,-1.07313,0.481914
2023-01-07 05:21:00,-1.07997,0.504699
2023-01-07 05:22:00,-1.09481,0.508116
2023-01-07 05:23:00,-1.07312,0.522928
2023-01-07 05:24:00,-1.03773,0.55027
2023-01-07 05:25:00,-1.02746,0.546853
2023-01-07 05:26:00,-0.989786,0.545714
2023-01-07 05:27:00,-0.930421,0.550271
2023-01-07 05:28:00,-0.890466,0.574197
2023-01-07 05:29:00,-0.899601,0.576477
2023-01-07 05:30:00,-0.955543,0.530906
2023-01-07 05:31:00,-0.932711,0.545718
2023-01-07 05:32:00,-0.893893,0.499005
2023-01-07 05:33:00,-0.885897,0.48761
2023-01-07 05:34:00,-0.892749,0.435205
2023-01-07 05:35:00,-0.963532,0.41242
2023-01-07 05:36:00,-0.944126,0.442042
2023-01-07 05:37:00,-0.9133,0.438623
2023-01-07 05:38:00,-0.937274,0.409002
2023-01-07 05:39:00,-0.957827,0.377103
2023-01-07 05:40:00,-0.97267,0.374826
2023-01-07 05:41:00,-0.97153,0.405587
2023-01-07 05:42:00,-0.935003,0.432932
2023-01-07 05:43:00,-0.908743,0.431792
2023-01-07 05:44:00,-0.900754,0.50129
2023-01-07 05:45:00,-0.909886,0.467111
2023-01-07 05:46:00,-0.931574,0.444324
2023-01-07 05:47:00,-0.936136,0.4466
2023-01-07 05:48:00,-0.97609,0.44318
2023-01-07 05:49:00,-0.988651,0.437485
2023-01-07 05:50:00,-1.00464,0.444323
2023-01-07 05:51:00,-1.06058,0.445462
2023-01-07 05:52:00,-1.12907,0.438625
2023-01-07 05:53:00,-1.17931,0.414702
2023-01-07 05:54:00,-1.23296,0.380522
2023-01-07 05:55:00,-1.29348,0.390778
2023-01-07 05:56:00,-1.35969,0.381664
2023-01-07 05:57:00,-1.42362,0.373688
2023-01-07 05:58:00,-1.4476,0.381664
2023-01-07 05:59:00,-1.48299,0.382804
2023-01-07 06:00:00,-1.54464,0.393057
2023-01-07 06:01:00,-1.58002,0.38394
2023-01-07 06:02:00,-1.62911,0.370269
2023-01-07 06:03:00,-1.67478,0.371409
2023-01-07 06:04:00,-1.71587,0.369129
2023-01-07 06:05:00,-1.75698,0.355459
2023-01-07 06:06:00,-1.78666,0.323559
2023-01-07 06:07:00,-1.79808,0.307609
2023-01-07 06:08:00,-1.83689,0.285962
2023-01-07 06:09:00,-1.8563,0.280265
2023-01-07 06:10:00,-1.86087,0.272291
2023-01-07 06:11:00,-1.88714,0.247228
2023-01-07 06:12:00,-1.90882,0.238112
2023-01-07 06:13:00,-1.89512,0.258619
2023-01-07 06:14:00,-1.85972,0.345205
2023-01-07 06:15:00,-1.84031,0.438626
2023-01-07 06:16:00,-1.79808,0.424956
2023-01-07 06:17:00,-1.78209,0.390777
2023-01-07 06:18:00,-1.75241,0.38508
2023-01-07 06:19:00,-1.69875,0.396472
2023-01-07 06:20:00,-1.64509,0.401029
2023-01-07 06:21:00,-1.60628,0.443183
2023-01-07 06:22:00,-1.50696,0.439766
2023-01-07 06:23:00,-1.41562,0.442043
2023-01-07 06:24:00,-1.2946,0.442041
2023-01-07 06:25:00,-1.14505,0.437486
2023-01-07 06:26:00,-0.986372,0.442044
2023-01-07 06:27:00,-0.81056,0.485337
2023-01-07 06:28:00,-0.584517,0.49787
2023-01-07 06:29:00,-0.343632,0.477363
2023-01-07 06:30:00,-0.0981812,0.481924
2023-01-07 06:31:00,0.124439,0.508127
2023-01-07 06:32:00,0.42355,0.561675
2023-01-07 06:33:00,0.754626,0.608386
2023-01-07 06:34:00,1.10168,0.606106
2023-01-07 06:35:00,1.4419,0.617501
2023-01-07 06:36:00,1.84603,0.632309
2023-01-07 06:37:00,2.24559,0.686991
2023-01-07 06:38:00,2.68055,0.75079
2023-01-07 06:39:00,3.12694,0.761046
2023-01-07 06:40:00,3.65438,0.808897
2023-01-07 06:41:00,4.143,0.862445
2023-01-07 06:42:00,4.64419,0.944476
2023-01-07 06:43:00,5.19902,0.990047
2023-01-07 06:44:00,5.78354,1.01055
2023-01-07 06:45:00,6.37493,1.06183
2023-01-07 06:46:00,6.95603,1.17917
2023-01-07 06:47:00,7.56341,1.20766
2023-01-07 06:48:00,8.15819,1.27374
2023-01-07 06:49:00,8.7952,1.32386
2023-01-07 06:50:00,9.55095,1.38994
2023-01-07 06:51:00,10.4266,1.51298
2023-01-07 06:52:00,11.4209,1.63146
2023-01-07 06:53:00,12.3674,1.75224
2023-01-07 06:54:00,13.3149,1.8787
2023-01-07 06:55:00,14.2556,1.99946
2023-01-07 06:56:00,15.1324,2.08377
2023-01-07 06:57:00,15.9613,2.19998
2023-01-07 06:58:00,16.8449,2.33213
2023-01-07 06:59:00,17.8781,2.49961
2023-01-07 07:00:00,19.2,2.70239
2023-01-07 07:01:00,20.844,2.89038
2023-01-07 07:02:00,22.7517,3.11255
2023-01-07 07:03:00,24.9414,3.41789
2023-01-07 07:04:00,27.2008,3.74375
2023-01-07 07:05:00,29.2251,4.03542
2023-01-07 07:06:00,30.6842,4.20176
2023-01-07 07:07:00,32.0336,4.37267
2023-01-07 07:08:00,33.5178,4.57205
2023-01-07 07:09:00,35.5029,4.86482
2023-01-07 07:10:00,37.93,5.20318
2023-01-07 07:11:00,40.4519,5.55751
2023-01-07 07:12:00,42.8356,5.87536
2023-01-07 07:13:00,45.0505,6.13514
2023-01-07 07:14:00,46.8088,6.33795
2023-01-07 07:15:00,48.0611,6.48378
2023-01-07 07:16:00,48.9722,6.59658
2023-01-07 07:17:00,49.8022,6.66836
2023-01-07 07:18:00,50.7051,6.7834
2023-01-07 07:19:00,51.9244,6.94519
2023-01-07 07:20:00,53.5961,7.17878
2023-01-07 07:21:00,55.3459,7.43737
2023-01-07 07:22:00,56.5743,7.5832
2023-01-07 07:23:00,56.8835,7.63103
2023-01-07 07:24:00,56.3926,7.52506
2023-01-07 07:25:00,55.7545,7.4533
2023-01-07 07:26:00,55.1666,7.40659
2023-01-07 07:27:00,55.0527,7.48981
2023-01-07 07:28:00,55.214,7.45225
2023-01-07 07:29:00,57.9158,7.97057
2023-01-07 07:30:00,59.8142,8.67122
2023-01-07 07:31:00,59.662,8.3328
2023-01-07 07:32:00,80.918,11.974
2023-01-07 07:33:00,121.546,21.348
2023-01-07 07:34:00,143.131,26.6675
2023-01-07 07:35:00,160.097,30.3702
2023-01-07 07:36:00,159.025,31.742
2023-01-07 07:37:00,122.114,25.4702
2023-01-07 07:38:00,91.3429,16.9813
2023-01-07 07:39:00,75.916,12.047
2023-01-07 07:40:00,160.717,30.0047
2023-01-07 07:41:00,203.754,40.6207
2023-01-07 07:42:00,206.643,40.8589
2023-01-07 07:43:00,208.991,40.9262
2023-01-07 07:44:00,212.005,41.0823
2023-01-07 07:45:00,214.271,41.1221
2023-01-07 07:46:00,217.456,41.4046
2023-01-07 07:47:00,221.353,41.7292
2023-01-07 07:48:00,225.352,42.1748
2023-01-07 07:49:00,229.045,42.6212
2023-01-07 07:50:00,232.894,43.0245
2023-01-07 07:51:00,236.675,43.478
2023-01-07 07:52:00,239.695,43.8596
2023-01-07 07:53:00,243.059,44.3881
2023-01-07 07:54:00,246.835,44.7585
2023-01-07 07:55:00,250.341,45.0785
2023-01-07 07:56:00,254.249,45.4247
2023-01-07 07:57:00,258.175,45.778
2023-01-07 07:58:00,262.373,46.3283
2023-01-07 07:59:00,266.459,46.8616
2023-01-07 08:00:00,269.37,47.0826
2023-01-07 08:01:00,272.724,47.3148
2023-01-07 08:02:00,276.779,47.9904
2023-01-07 08:03:00,280.345,48.5712
2023-01-07 08:04:00,284.941,49.0739
2023-01-07 08:05:00,289.303,49.4033
2023-01-07 08:06:00,292.303,49.5627
2023-01-07 08:07:00,296.526,49.9468
2023-01-07 08:08:00,300.682,50.4317
2023-01-07 08:09:00,304.049,50.8682
2023-01-07 08:10:00,308.052,51.1259
2023-01-07 08:11:00,311.74,51.6295
2023-01-07 08:12:00,316.349,52.1877
2023-01-07 08:13:00,319.829,52.4827
2023-01-07 08:14:00,323.102,53.0604
2023-01-07 08:15:00,327.479,53.4229
2023-01-07 08:16:00,332.124,53.9389
2023-01-07 08:17:00,336.282,54.5391
2023-01-07 08:18:00,340.26,54.5561
2023-01-07 08:19:00,343.864,55.1347
2023-01-07 08:20:00,347.964,55.7383
2023-01-07 08:21:00,351.765,55.9865
2023-01-07 08:22:00,355.677,56.3569
2023-01-07 08:23:00,359.445,56.5083
2023-01-07 08:24:00,362.825,56.8798
2023-01-07 08:25:00,366.199,57.2898
2023-01-07 08:26:00,369.948,57.34
2023-01-07 08:27:00,374.157,57.921
2023-01-07 08:28:00,378.233,58.519
2023-01-07 08:29:00,381.948,59.0464
2023-01-07 08:30:00,385.581,59.4281
2023-01-07 08:31:00,389.288,59.8201
2023-01-07 08:32:00,392.977,60.114
2023-01-07 08:33:00,396.511,60.3748
2023-01-07 08:34:00,400.162,60.9354
2023-01-07 08:35:00,404.673,61.4924
2023-01-07 08:36:00,408.762,61.93
2023-01-07 08:37:00,412.461,62.1773
2023-01-07 08:38:00,415.693,62.275
2023-01-07 08:39:00,419.09,62.5824
2023-01-07 08:40:00,422.493,62.8244
2023-01-07 08:41:00,426.01,62.7814
2023-01-07 08:42:00,429.711,62.9762
2023-01-07 08:43:00,433.371,63.4056
2023-01-07 08:44:00,436.212,63.9371
2023-01-07 08:45:00,439.791,63.8231
2023-01-07 08:46:00,442.979,64.281
2023-01-07 08:47:00,446.914,64.8449
2023-01-07 08:48:00,450.701,65.4639
2023-01-07 08:49:00,454.483,65.8356
2023-01-07 08:50:00,458.19,66.3618
2023-01-07 08:51:00,462.328,66.4332
2023-01-07 08:52:00,466.283,66.5857
2023-01-07 08:53:00,470.161,66.5902
2023-01-07 08:54:00,473.99,66.9204
2023-01-07 08:55:00,477.181,67.4422
2023-01-07 08:56:00,480.985,67.5129
2023-01-07 08:57:00,484.685,67.4104
2023-01-07 08:58:00,488.303,67.7556
2023-01-07 08:59:00,492.085,68.3478
2023-01-07 09:00:00,496.486,68.4685
2023-01-07 09:01:00,499.953,68.6461
2023-01-07 09:02:00,502.58,68.8045
2023-01-07 09:03:00,505.586,69.2601
2023-01-07 09:04:00,509.332,69.5435
2023-01-07 09:05:00,513.91,69.5298
2023-01-07 09:06:00,517.966,69.6166
2023-01-07 09:07:00,521.85,69.9902
2023-01-07 09:08:00,525.209,70.5234
2023-01-07 09:09:00,528.519,70.9563
2023-01-07 09:10:00,531.775,71.216
2023-01-07 09:11:00,536.393,71.3564
2023-01-07 09:12:00,540.156,71.6046
2023-01-07 09:13:00,543.774,72.1774
2023-01-07 09:14:00,546.969,72.5762
2023-01-07 09:15:00,550.114,72.706
2023-01-07 09:16:00,553.354,73.0947
2023-01-07 09:17:00,557.183,73.2304
2023-01-07 09:18:00,559.932,73.0811
2023-01-07 09:19:00,563.046,73.054
2023-01-07 09:20:00,566.037,73.1407
2023-01-07 09:21:00,569.431,73.8118
2023-01-07 09:22:00,573.085,74.4519
2023-01-07 09:23:00,575.492,74.7966
2023-01-07 09:24:00,579.094,75.7203
2023-01-07 09:25:00,582.78,75.6677
2023-01-07 09:26:00,585.763,76.2305
2023-01-07 09:27:00,588.609,77.1053
2023-01-07 09:28:00,591.738,77.5439
2023-01-07 09:29:00,594.399,79.0477
2023-01-07 09:30:00,597.552,85.8489
2023-01-07 09:31:00,600.166,90.2521
2023-01-07 09:32:00,604.007,89.6551
2023-01-07 09:33:00,606.805,89.3678
2023-01-07 09:34:00,609.889,93.6751
2023-01-07 09:35:00,613.111,98.7733
2023-01-07 09:36:00,616.32,97.5293
2023-01-07 09:37:00,620.66,98.5101
2023-01-07 09:38:00,624.202,98.7947
2023-01-07 09:39:00,627.269,95.3543
2023-01-07 09:40:00,630.384,88.3697
2023-01-07 09:41:00,633.049,82.9823
2023-01-07 09:42:00,636.337,80.5501
2023-01-07 09:43:00,638.665,78.954
2023-01-07 09:44:00,640.8,79.0395
2023-01-07 09:45:00,641.948,78.7786
2023-01-07 09:46:00,643.235,79.4098
2023-01-07 09:47:00,647.079,79.4964
2023-01-07 09:48:00,649.754,79.1238
2023-01-07 09:49:00,652.272,79.3403
2023-01-07 09:50:00,655.445,79.9942
2023-01-07 09:51:00,658.668,80.5923
2023-01-07 09:52:00,661.365,80.5057
2023-01-07 09:53:00,664.427,80.7185
2023-01-07 09:54:00,667.421,81.9273
2023-01-07 09:55:00,670.635,82.1951
2023-01-07 09:56:00,674.124,82.0026
2023-01-07 09:57:00,677.299,81.9251
2023-01-07 09:58:00,680.049,82.5208
2023-01-07 09:59:00,681.446,82.9935
2023-01-07 10:00:00,684.088,83.0745
2023-01-07 10:01:00,687.423,83.1532
2023-01-07 10:02:00,691.962,83.5804
2023-01-07 10:03:00,694.624,83.6135
2023-01-07 10:04:00,697.587,83.8425
2023-01-07 10:05:00,699.877,83.6461
2023-01-07 10:06:00,702.26,84.0469
2023-01-07 10:07:00,704.593,83.3722
2023-01-07 10:08:00,708.224,83.6159
2023-01-07 10:09:00,711.018,83.8621
2023-01-07 10:10:00,712.413,83.9954
2023-01-07 10:11:00,714.518,84.7464
2023-01-07 10:12:00,715.876,84.6015
2023-01-07 10:13:00,717.549,84.958
2023-01-07 10:14:00,720.489,85.774
2023-01-07 10:15:00,722.558,85.9117
2023-01-07 10:16:00,724.995,86.529
2023-01-07 10:17:00,727.927,86.4392
2023-01-07 10:18:00,730.852,86.2524
2023-01-07 10:19:00,733.498,87.0702
2023-01-07 10:20:00,736.168,88.3561
2023-01-07 10:21:00,737.641,88.7422
2023-01-07 10:22:00,739.119,88.2627
2023-01-07 10:23:00,740.787,87.3812
2023-01-07 10:24:00,742.62,87.2072
2023-01-07 10:25:00,744.716,88.5994
2023-01-07 10:26:00,747.558,88.7894
2023-01-07 10:27:00,750.406,88.8407
2023-01-07 10:28:00,753.385,90.0344
2023-01-07 10:29:00,755.648,90.8351
2023-01-07 10:30:00,758.803,90.3212
2023-01-07 10:31:00,761.498,91.2154
2023-01-07 10:32:00,763.87,90.6331
2023-01-07 10:33:00,765.939,91.1058
2023-01-07 10:34:00,767.72,91.3587
2023-01-07 10:35:00,769.501,92.0513
2023-01-07 10:36:00,771.44,92.4238
2023-01-07 10:37:00,772.648,92.7724
2023-01-07 10:38:00,774.537,92.6733
2023-01-07 10:39:00,776.104,92.3098
2023-01-07 10:40:00,777.535,92.622
2023-01-07 10:41:00,779.194,93.4274
2023-01-07 10:42:00,780.167,92.8954
2023-01-07 10:43:00,780.862,92.9216
2023-01-07 10:44:00,782.327,93.187
2023-01-07 10:45:00,785.673,94.1052
2023-01-07 10:46:00,789.618,94.8355
2023-01-07 10:47:00,791.802,95.3322
2023-01-07 10:48:00,794.396,95.5361
2023-01-07 10:49:00,795.936,95.3732
2023-01-07 10:50:00,798.157,96.0613
2023-01-07 10:51:00,800.407,98.252
2023-01-07 10:52:00,803.253,100.688
2023-01-07 10:53:00,804.916,102.821
2023-01-07 10:54:00,806.261,104.469
2023-01-07 10:55:00,808.125,107.656
2023-01-07 10:56:00,811.101,112.397
2023-01-07 10:57:00,812.855,115.506
2023-01-07 10:58:00,813.142,113.653
2023-01-07 10:59:00,814.487,108.725
2023-01-07 11:00:00,815.393,106.791
2023-01-07 11:01:00,817.248,107.046
2023-01-07 11:02:00,817.506,113.756
2023-01-07 11:03:00,819.994,117.207
2023-01-07 11:04:00,821.748,117.893
2023-01-07 11:05:00,824.415,118.719
2023-01-07 11:06:00,825.87,115.926
2023-01-07 11:07:00,827.395,111.397
2023-01-07 11:08:00,828.579,113.997
2023-01-07 11:09:00,830.004,114.508
2023-01-07 11:10:00,830.466,112.912
2023-01-07 11:11:00,831.194,114.42
2023-01-07 11:12:00,832.374,114.217
2023-01-07 11:13:00,833.982,112.571
2023-01-07 11:14:00,835.568,112.377
2023-01-07 11:15:00,836.659,114.593
2023-01-07 11:16:00,838.105,114.917
2023-01-07 11:17:00,838.846,113.995
2023-01-07 11:18:00,840.399,113.728
2023-01-07 11:19:00,842.159,109.808
2023-01-07 11:20:00,843.002,106.346
2023-01-07 11:21:00,843.652,106.727
2023-01-07 11:22:00,844.649,103.493
2023-01-07 11:23:00,845.861,101.11
2023-01-07 11:24:00,847.298,101.311
2023-01-07 11:25:00,848.078,101.61
2023-01-07 11:26:00,849.658,101.548
2023-01-07 11:27:00,851.08,100.504
2023-01-07 11:28:00,851.761,100.773
2023-01-07 11:29:00,852.187,101.168
2023-01-07 11:30:00,853.476,101.312
2023-01-07 11:31:00,855.338,101.624
2023-01-07 11:32:00,857.147,101.774
2023-01-07 11:33:00,858.9,101.388
2023-01-07 11:34:00,860.06,101.652
2023-01-07 11:35:00,861.056,101.168
2023-01-07 11:36:00,861.774,101.689
2023-01-07 11:37:00,861.434,102.158
2023-01-07 11:38:00,860.581,101.691
2023-01-07 11:39:00,860.049,100.862
2023-01-07 11:40:00,861.807,100.94
2023-01-07 11:41:00,862.86,100.961
2023-01-07 11:42:00,864.412,101.34
2023-01-07 11:43:00,866.505,101.026
2023-01-07 11:44:00,866.677,100.868
2023-01-07 11:45:00,864.23,100.765
2023-01-07 11:46:00,862.786,100.778
2023-01-07 11:47:00,862.758,101.358
2023-01-07 11:48:00,862.659,101.497
2023-01-07 11:49:00,865.742,101.702
2023-01-07 11:50:00,867.201,101.835
2023-01-07 11:51:00,868.341,102.023
2023-01-07 11:52:00,869.728,102.296
2023-01-07 11:53:00,869.722,101.73
2023-01-07 11:54:00,871.307,101.536
2023-01-07 11:55:00,871.277,101.138
2023-01-07 11:56:00,869.893,101.106
2023-01-07 11:57:00,869.673,101.348
2023-01-07 11:58:00,870.239,101.315
2023-01-07 11:59:00,872.492,101.384
2023-01-07 12:00:00,872.811,101.263
2023-01-07 12:01:00,872.419,101.735
2023-01-07 12:02:00,871.2,102.165
2023-01-07 12:03:00,872.191,102.224
2023-01-07 12:04:00,871.489,101.925
2023-01-07 12:05:00,870.532,102.045
2023-01-07 12:06:00,870.525,102.101
2023-01-07 12:07:00,872.04,102.099
2023-01-07 12:08:00,872.57,102.257
2023-01-07 12:09:00,871.701,101.808
2023-01-07 12:10:00,870.979,101.942
2023-01-07 12:11:00,869.753,101.721
2023-01-07 12:12:00,871.89,101.908
2023-01-07 12:13:00,875.098,102.04
2023-01-07 12:14:00,877.394,102.917
2023-01-07 12:15:00,876.966,102.741
2023-01-07 12:16:00,877.594,102.296
2023-01-07 12:17:00,878.222,102.673
2023-01-07 12:18:00,879.711,103.025
2023-01-07 12:19:00,880.405,103.017
2023-01-07 12:20:00,882.649,103.105
2023-01-07 12:21:00,884.146,102.999
2023-01-07 12:22:00,885.227,102.947
2023-01-07 12:23:00,885.491,103.795
2023-01-07 12:24:00,885.231,104.365
2023-01-07 12:25:00,885.545,104.06
2023-01-07 12:26:00,885.633,103.934
2023-01-07 12:27:00,885.529,103.625
2023-01-07 12:28:00,884.971,103.803
2023-01-07 12:29:00,883.493,104.524
2023-01-07 12:30:00,881.617,104.413
2023-01-07 12:31:00,881.163,103.743
2023-01-07 12:32:00,880.174,103.402
2023-01-07 12:33:00,879.184,103.556
2023-01-07 12:34:00,878.091,104.93
2023-01-07 12:35:00,876.935,104.778
2023-01-07 12:36:00,875.676,103.657
2023-01-07 12:37:00,874.685,103.511
2023-01-07 12:38:00,874.126,103.403
2023-01-07 12:39:00,873.243,103.636
2023-01-07 12:40:00,872.752,103.58
2023-01-07 12:41:00,871.953,103.74
2023-01-07 12:42:00,872.402,103.668
2023-01-07 12:43:00,872.213,102.934
2023-01-07 12:44:00,871.142,102.62
2023-01-07 12:45:00,870.075,102.937
2023-01-07 12:46:00,869.73,102.785
2023-01-07 12:47:00,870.346,102.859
2023-01-07 12:48:00,870.941,103.262
2023-01-07 12:49:00,870.306,102.909
2023-01-07 12:50:00,869.628,106.871
2023-01-07 12:51:00,868.802,113.353
2023-01-07 12:52:00,868.134,111.743
2023-01-07 12:53:00,867.532,108.075
2023-01-07 12:54:00,866.366,107.135
2023-01-07 12:55:00,864.785,105.624
2023-01-07 12:56:00,863.528,108.969
2023-01-07 12:57:00,862.348,112.948
2023-01-07 12:58:00,861.401,115.754
2023-01-07 12:59:00,860.467,114.571
2023-01-07 13:00:00,858.729,111.772
2023-01-07 13:01:00,856.953,112.142
2023-01-07 13:02:00,855.768,112.409
2023-01-07 13:03:00,854.817,115.924
2023-01-07 13:04:00,853.603,115.127
2023-01-07 13:05:00,852.167,110.822
2023-01-07 13:06:00,850.561,110.029
2023-01-07 13:07:00,849.456,111.554
2023-01-07 13:08:00,849.01,112.362
2023-01-07 13:09:00,849.063,112.861
2023-01-07 13:10:00,848.003,117.417
2023-01-07 13:11:00,847.781,117.938
2023-01-07 13:12:00,847.426,120.917
2023-01-07 13:13:00,847.186,121.725
2023-01-07 13:14:00,846.149,121.106
2023-01-07 13:15:00,845.775,119.705
2023-01-07 13:16:00,845.083,120.228
2023-01-07 13:17:00,845.089,120.528
2023-01-07 13:18:00,844.438,121.422
2023-01-07 13:19:00,843.896,122.522
2023-01-07 13:20:00,842.593,119.607
2023-01-07 13:21:00,841.823,117.847
2023-01-07 13:22:00,842.325,118.066
2023-01-07 13:23:00,844.166,116.261
2023-01-07 13:24:00,846.016,114.873
2023-01-07 13:25:00,847.171,113.642
2023-01-07 13:26:00,849.136,114.78
2023-01-07 13:27:00,851.498,112.935
2023-01-07 13:28:00,854.313,111.751
2023-01-07 13:29:00,858.576,110.96
2023-01-07 13:30:00,866.753,109.454
2023-01-07 13:31:00,877.468,110.41
2023-01-07 13:32:00,892.697,112.218
2023-01-07 13:33:00,840.22,103.089
2023-01-07 13:34:00,595.954,77.033
2023-01-07 13:35:00,527.535,63.3604
2023-01-07 13:36:00,397.575,47.7105
2023-01-07 13:37:00,381.118,47.0588
2023-01-07 13:38:00,380.547,50.8159
2023-01-07 13:39:00,412.045,54.811
2023-01-07 13:40:00,432.411,53.4359
2023-01-07 13:41:00,575.573,66.5776
2023-01-07 13:42:00,659.63,88.9865
2023-01-07 13:43:00,1032.26,133.277
2023-01-07 13:44:00,915.01,116.87
2023-01-07 13:45:00,1018.24,133.168
2023-01-07 13:46:00,911.765,119.134
2023-01-07 13:47:00,999.255,125.825
2023-01-07 13:48:00,813.946,97.4479
2023-01-07 13:49:00,815.069,106.796
2023-01-07 13:50:00,767.791,99.2299
2023-01-07 13:51:00,806.225,105.155
2023-01-07 13:52:00,914.079,119.071
2023-01-07 13:53:00,912.245,119.244
2023-01-07 13:54:00,916.71,118.812
2023-01-07 13:55:00,867.827,111.85
2023-01-07 13:56:00,875.654,114.968
2023-01-07 13:57:00,699.811,93.7009
2023-01-07 13:58:00,580.88,76.5953
2023-01-07 13:59:00,720.125,88.8472
2023-01-07 14:00:00,453.428,59.9211
2023-01-07 14:01:00,419.399,54.7021
2023-01-07 14:02:00,454.99,60.0359
2023-01-07 14:03:00,539.668,75.2451
2023-01-07 14:04:00,458.173,60.4004
2023-01-07 14:05:00,453.129,59.88
2023-01-07 14:06:00,486.576,64.6647
2023-01-07 14:07:00,546.467,71.9907
2023-01-07 14:08:00,530.127,69.3203
2023-01-07 14:09:00,552.377,71.1942
2023-01-07 14:10:00,563.355,73.6572
2023-01-07 14:11:00,452.929,62.3429
2023-01-07 14:12:00,426.487,59.2411
2023-01-07 14:13:00,416.149,57.4095
2023-01-07 14:14:00,594.507,86.2284
2023-01-07 14:15:00,472.107,70.1429
2023-01-07 14:16:00,457.239,65.4801
2023-01-07 14:17:00,676.182,99.8877
2023-01-07 14:18:00,762.443,108.007
2023-01-07 14:19:00,714.405,102.682
2023-01-07 14:20:00,938.262,143.094
2023-01-07 14:21:00,642.673,84.303
2023-01-07 14:22:00,489.152,67.916
2023-01-07 14:23:00,687.74,90.2017
2023-01-07 14:24:00,859.65,128.323
2023-01-07 14:25:00,905.869,135.6
2023-01-07 14:26:00,888.235,125.746
2023-01-07 14:27:00,882.56,121.874
2023-01-07 14:28:00,702.865,95.6763
2023-01-07 14:29:00,681.82,93.0001
2023-01-07 14:30:00,806.837,113.197
2023-01-07 14:31:00,659.433,96.3674
2023-01-07 14:32:00,656.807,93.1879
2023-01-07 14:33:00,923.171,124.05
2023-01-07 14:34:00,975.798,133.258
2023-01-07 14:35:00,978.554,133.32
2023-01-07 14:36:00,983.294,133.797
2023-01-07 14:37:00,995.867,136.775
2023-01-07 14:38:00,660.129,86.0764
2023-01-07 14:39:00,455.25,58.228
2023-01-07 14:40:00,437.73,56.5374
2023-01-07 14:41:00,463.131,60.5759
2023-01-07 14:42:00,511.694,67.8738
2023-01-07 14:43:00,477.29,63.8164
2023-01-07 14:44:00,650.109,86.0066
2023-01-07 14:45:00,506.677,71.0764
2023-01-07 14:46:00,471.015,63.6615
2023-01-07 14:47:00,396.858,54.2812
2023-01-07 14:48:00,459.864,62.8423
2023-01-07 14:49:00,413.519,55.6233
2023-01-07 14:50:00,320.643,42.9682
2023-01-07 14:51:00,295.889,39.4869
2023-01-07 14:52:00,283.979,38.2382
2023-01-07 14:53:00,279.411,39.5871
2023-01-07 14:54:00,471.099,65.5878
2023-01-07 14:55:00,534.407,75.5816
2023-01-07 14:56:00,333.681,45.0767
2023-01-07 14:57:00,642.794,91.2982
2023-01-07 14:58:00,705.895,102.368
2023-01-07 14:59:00,686.064,98.5408
2023-01-07 15:00:00,671.931,95.6337
2023-01-07 15:01:00,663.439,93.6709
2023-01-07 15:02:00,656.708,92.5558
2023-01-07 15:03:00,652.361,91.8648
2023-01-07 15:04:00,649.274,91.2654
2023-01-07 15:05:00,647.123,91.309
2023-01-07 15:06:00,646.372,91.1144
2023-01-07 15:07:00,648.906,91.6242
2023-01-07 15:08:00,650.971,91.7678
2023-01-07 15:09:00,651.636,92.07
2023-01-07 15:10:00,654.767,93.054
2023-01-07 15:11:00,663.275,94.7105
2023-01-07 15:12:00,673.057,95.5594
2023-01-07 15:13:00,689.373,98.6886
2023-01-07 15:14:00,658.495,92.203
2023-01-07 15:15:00,708.423,100.276
2023-01-07 15:16:00,622.091,86.2869
2023-01-07 15:17:00,400.158,53.1051
2023-01-07 15:18:00,372.733,50.813
2023-01-07 15:19:00,435.321,61.3632
2023-01-07 15:20:00,405.234,54.1318
2023-01-07 15:21:00,298.381,39.5671
2023-01-07 15:22:00,252.974,32.3661
2023-01-07 15:23:00,225.883,28.7378
2023-01-07 15:24:00,210.561,27.6488
2023-01-07 15:25:00,217.034,30.195
2023-01-07 15:26:00,345.232,59.9716
2023-01-07 15:27:00,531.639,85.308
2023-01-07 15:28:00,578.888,90.4806
2023-01-07 15:29:00,312.703,45.1538
2023-01-07 15:30:00,232.487,31.3294
2023-01-07 15:31:00,223.128,29.2925
2023-01-07 15:32:00,201.415,25.899
2023-01-07 15:33:00,212.336,28.1227
2023-01-07 15:34:00,204.843,27.0643
2023-01-07 15:35:00,245.793,34.1786
2023-01-07 15:36:00,269.826,36.9629
2023-01-07 15:37:00,233.48,31.5914
2023-01-07 15:38:00,226.962,31.0332
2023-01-07 15:39:00,229.58,31.5277
2023-01-07 15:40:00,236.383,32.7694
2023-01-07 15:41:00,246.514,34.6697
2023-01-07 15:42:00,244.703,34.1547
2023-01-07 15:43:00,249.176,35.0845
2023-01-07 15:44:00,286.602,39.7918
2023-01-07 15:45:00,305.117,43.7187
2023-01-07 15:46:00,259.773,36.6611
2023-01-07 15:47:00,246.577,35.0126
2023-01-07 15:48:00,236.913,33.6525
2023-01-07 15:49:00,228.592,32.3185
2023-01-07 15:50:00,220.633,31.2067
2023-01-07 15:51:00,213.492,30.3888
2023-01-07 15:52:00,209.173,29.827
2023-01-07 15:53:00,207.914,29.9579
2023-01-07 15:54:00,223.361,33.0293
2023-01-07 15:55:00,235.723,34.2986
2023-01-07 15:56:00,269.308,41.2262
2023-01-07 15:57:00,357.29,48.2347
2023-01-07 15:58:00,235.033,32.4053
2023-01-07 15:59:00,283.748,46.0294
2023-01-07 16:00:00,258.799,42.7733
2023-01-07 16:01:00,210.383,31.6578
2023-01-07 16:02:00,213.03,31.3627
2023-01-07 16:03:00,184.093,25.9378
2023-01-07 16:04:00,179.467,25.3203
2023-01-07 16:05:00,173.52,24.2359
2023-01-07 16:06:00,166.877,23.6013
2023-01-07 16:07:00,158.829,22.4781
2023-01-07 16:08:00,151.361,21.4437
2023-01-07 16:09:00,145.328,20.628
2023-01-07 16:10:00,140.888,19.9854
2023-01-07 16:11:00,137.444,19.3634
2023-01-07 16:12:00,134.54,18.9044
2023-01-07 16:13:00,131.69,18.4578
2023-01-07 16:14:00,128.118,17.7355
2023-01-07 16:15:00,123.919,17.036
2023-01-07 16:16:00,120.1,16.545
2023-01-07 16:17:00,117.537,16.0449
2023-01-07 16:18:00,116.126,15.8137
2023-01-07 16:19:00,115.109,15.6463
2023-01-07 16:20:00,114.617,15.5848
2023-01-07 16:21:00,114.515,15.5494
2023-01-07 16:22:00,114.193,15.3489
2023-01-07 16:23:00,113.058,15.3011
2023-01-07 16:24:00,111.491,15.2144
2023-01-07 16:25:00,109.849,15.1189
2023-01-07 16:26:00,108.228,14.8865
2023-01-07 16:27:00,108.925,15.513
2023-01-07 16:28:00,165.455,28.2009
2023-01-07 16:29:00,102.253,13.868
2023-01-07 16:30:00,98.3282,13.3291
2023-01-07 16:31:00,93.732,12.6752
2023-01-07 16:32:00,89.1825,12.077
2023-01-07 16:33:00,86.1286,11.6999
2023-01-07 16:34:00,84.8822,11.578
2023-01-07 16:35:00,85.0878,11.6043
2023-01-07 16:36:00,86.2706,11.8857
2023-01-07 16:37:00,87.7912,12.2696
2023-01-07 16:38:00,89.7436,12.6752
2023-01-07 16:39:00,93.9748,13.6288
2023-01-07 16:40:00,96.7896,13.9558
2023-01-07 16:41:00,99.5093,14.432
2023-01-07 16:42:00,101.272,14.6997
2023-01-07 16:43:00,103.329,14.9606
2023-01-07 16:44:00,105.967,15.357
2023-01-07 16:45:00,108.979,15.848
2023-01-07 16:46:00,111.502,16.2536
2023-01-07 16:47:00,112.784,16.4893
2023-01-07 16:48:00,112.326,16.4597
2023-01-07 16:49:00,110.539,16.216
2023-01-07 16:50:00,108.414,15.987
2023-01-07 16:51:00,106.164,15.7033
2023-01-07 16:52:00,103.943,15.4071
2023-01-07 16:53:00,101.68,15.104
2023-01-07 16:54:00,99.4925,14.7452
2023-01-07 16:55:00,96.513,14.1881
2023-01-07 16:56:00,92.6236,13.4203
2023-01-07 16:57:00,89.1965,12.8062
2023-01-07 16:58:00,86.0597,12.2571
2023-01-07 16:59:00,82.9857,11.8026
2023-01-07 17:00:00,80.0015,11.3663
2023-01-07 17:01:00,76.693,10.8695
2023-01-07 17:02:00,73.2307,10.3854
2023-01-07 17:03:00,69.5093,9.79754
2023-01-07 17:04:00,65.6031,9.1915
2023-01-07 17:05:00,61.5665,8.53303
2023-01-07 17:06:00,58.2,7.99872
2023-01-07 17:07:00,55.5753,7.63756
2023-01-07 17:08:00,53.5043,7.32652
2023-01-07 17:09:00,51.8101,7.05081
2023-01-07 17:10:00,50.6216,6.84574
2023-01-07 17:11:00,49.8363,6.71018
2023-01-07 17:12:00,49.2164,6.57347
2023-01-07 17:13:00,48.8191,6.57689
2023-01-07 17:14:00,53.5999,8.13763
2023-01-07 17:15:00,47.754,6.3103
2023-01-07 17:16:00,46.2494,6.01524
2023-01-07 17:17:00,45.1079,5.85461
2023-01-07 17:18:00,44.0017,5.69398
2023-01-07 17:19:00,42.9002,5.47185
2023-01-07 17:20:00,41.9332,5.28272
2023-01-07 17:21:00,41.0267,5.25082
2023-01-07 17:22:00,39.9306,5.12662
2023-01-07 17:23:00,38.6257,4.9318
2023-01-07 17:24:00,37.2948,4.80992
2023-01-07 17:25:00,35.8531,4.66183
2023-01-07 17:26:00,34.4684,4.49665
2023-01-07 17:27:00,33.2778,4.35995
2023-01-07 17:28:00,32.2548,4.24829
2023-01-07 17:29:00,31.4226,4.18564
2023-01-07 17:30:00,30.8929,4.34285
2023-01-07 17:31:00,29.8699,4.12524
2023-01-07 17:32:00,28.5868,3.8336
2023-01-07 17:33:00,27.29,3.6217
2023-01-07 17:34:00,25.8298,3.48726
2023-01-07 17:35:00,24.2817,3.29472
2023-01-07 17:36:00,22.6721,3.07029
2023-01-07 17:37:00,21.0853,2.83902
2023-01-07 17:38:00,19.4917,2.61573
2023-01-07 17:39:00,17.9482,2.40952
2023-01-07 17:40:00,16.5052,2.19192
2023-01-07 17:41:00,15.1936,2.08826
2023-01-07 17:42:00,14.0155,1.94359
2023-01-07 17:43:00,12.8682,1.76814
2023-01-07 17:44:00,11.7208,1.59041
2023-01-07 17:45:00,10.5279,1.43319
2023-01-07 17:46:00,9.04719,1.21673
2023-01-07 17:47:00,7.53571,0.986597
2023-01-07 17:48:00,6.54705,0.857857
2023-01-07 17:49:00,5.79592,0.745075
2023-01-07 17:50:00,4.86666,0.575327
2023-01-07 17:51:00,3.85064,0.378235
2023-01-07 17:52:00,2.91567,0.239245
2023-01-07 17:53:00,2.14623,0.10937
2023-01-07 17:54:00,1.56401,0.0227853
2023-01-07 17:55:00,1.15645,-0.0136712
2023-01-07 17:56:00,0.812822,-0.0797482
2023-01-07 17:57:00,0.549112,-0.0877232
2023-01-07 17:58:00,0.28426,-0.0797484
2023-01-07 17:59:00,-0.0216906,-0.125319
2023-01-07 18:00:00,-0.271703,-0.10823
2023-01-07 18:01:00,-0.55368,-0.104812
2023-01-07 18:02:00,-0.777433,-0.214181
2023-01-07 18:03:00,-0.934976,-0.243802
2023-01-07 18:04:00,-1.09137,-0.238105
2023-01-07 18:05:00,-1.25804,-0.238105
2023-01-07 18:06:00,-1.40645,-0.180002
2023-01-07 18:07:00,-1.48978,-0.242661
2023-01-07 18:08:00,-1.56056,-0.307598
2023-01-07 18:09:00,-1.685,-0.254053
2023-01-07 18:10:00,-1.82884,-0.303041
2023-01-07 18:11:00,-1.91675,-0.342916
2023-01-07 18:12:00,-1.99437,-0.398739
2023-01-07 18:13:00,-2.04347,-0.467096
2023-01-07 18:14:00,-2.12224,-0.471654
2023-01-07 18:15:00,-2.13708,-0.451146
2023-01-07 18:16:00,-2.13251,-0.469373
2023-01-07 18:17:00,-2.13594,-0.454564
2023-01-07 18:18:00,-2.11996,-0.459122
2023-01-07 18:19:00,-2.09141,-0.347474
2023-01-07 18:20:00,-2.08684,-0.333802
2023-01-07 18:21:00,-2.02749,-0.313298
2023-01-07 18:22:00,-1.98183,-0.401021
2023-01-07 18:23:00,-1.99438,-0.447729
2023-01-07 18:24:00,-1.98182,-0.383929
2023-01-07 18:25:00,-2.0309,-0.444309
2023-01-07 18:26:00,-2.0526,-0.49102
2023-01-07 18:27:00,-2.06059,-0.524059
2023-01-07 18:28:00,-2.05488,-0.542286
2023-01-07 18:29:00,-1.96812,-0.526337
2023-01-07 18:30:00,-2.01378,-0.632286
2023-01-07 18:31:00,-2.1131,-0.527475
2023-01-07 18:32:00,-2.02977,-0.487602
2023-01-07 18:33:00,-2.0115,-0.469373
2023-01-07 18:34:00,-1.98638,-0.439752
2023-01-07 18:35:00,-2.05488,-0.484183
2023-01-07 18:36:00,-2.0526,-0.576464
2023-01-07 18:37:00,-2.02406,-0.448867
2023-01-07 18:38:00,-1.98295,-0.387346
2023-01-07 18:39:00,-1.95213,-0.41013
2023-01-07 18:40:00,-1.92359,-0.382789
2023-01-07 18:41:00,-1.88022,-0.251776
2023-01-07 18:42:00,-1.85738,-0.242661
2023-01-07 18:43:00,-1.86081,-0.217598
2023-01-07 18:44:00,-1.83797,-0.193673
2023-01-07 18:45:00,-1.84482,-0.22899
2023-01-07 18:46:00,-1.80715,-0.232408
2023-01-07 18:47:00,-1.81628,-0.246079
2023-01-07 18:48:00,-1.86537,-0.0945579
2023-01-07 18:49:00,-1.88136,-0.0751909
2023-01-07 18:50:00,-1.87679,-0.158357
2023-01-07 18:51:00,-1.84826,-0.177725
2023-01-07 18:52:00,-1.81059,-0.0649379
2023-01-07 18:53:00,-1.78661,-0.133293
2023-01-07 18:54:00,-1.82314,-0.213041
2023-01-07 18:55:00,-1.84254,-0.266585
2023-01-07 18:56:00,-1.85623,-0.307598
2023-01-07 18:57:00,-1.83112,-0.340637
2023-01-07 18:58:00,-1.87679,-0.369119
2023-01-07 18:59:00,-1.84368,-0.367979
2023-01-07 19:00:00,-1.85395,-0.370257
2023-01-07 19:01:00,-1.8802,-0.274559
2023-01-07 19:02:00,-1.8608,-0.342914
2023-01-07 19:03:00,-1.85966,-0.309876
2023-01-07 19:04:00,-1.83682,-0.2119
2023-01-07 19:05:00,-1.87108,-0.241522
2023-01-07 19:06:00,-1.89163,-0.275699
2023-01-07 19:07:00,-1.94072,-0.303042
2023-01-07 19:08:00,-1.9921,-0.357727
2023-01-07 19:09:00,-2.03434,-0.342917
2023-01-07 19:10:00,-2.02634,-0.346334
2023-01-07 19:11:00,-2.07314,-0.352029
2023-01-07 19:12:00,-2.08913,-0.367979
2023-01-07 19:13:00,-2.13251,-0.33722
2023-01-07 19:14:00,-2.15762,-0.234687
2023-01-07 19:15:00,-2.15649,-0.315575
2023-01-07 19:16:00,-2.13937,-0.201649
2023-01-07 19:17:00,-2.15763,-0.393044
2023-01-07 19:18:00,-2.22042,-0.41583
2023-01-07 19:19:00,-2.25125,-0.488743
2023-01-07 19:20:00,-2.28321,-0.437475
2023-01-07 19:21:00,-2.30033,-0.379373
2023-01-07 19:22:00,-2.32887,-0.347474
2023-01-07 19:23:00,-2.35055,-0.410132
2023-01-07 19:24:00,-2.40078,-0.430638
2023-01-07 19:25:00,-2.41905,-0.407853
2023-01-07 19:26:00,-2.47499,-0.312156
2023-01-07 19:27:00,-2.52522,-0.394183
2023-01-07 19:28:00,-2.53207,-0.224433
2023-01-07 19:29:00,-2.49668,-0.1538
2023-01-07 19:30:00,-2.5355,-0.233548
2023-01-07 19:31:00,-2.59943,-0.208484
2023-01-07 19:32:00,-2.61199,-0.103673
2023-01-07 19:33:00,-2.61312,-0.10709
2023-01-07 19:34:00,-2.59713,-0.200509
2023-01-07 19:35:00,-2.5663,-0.246078
2023-01-07 19:36:00,-2.54804,-0.178862
2023-01-07 19:37:00,-2.59487,-0.144686
2023-01-07 19:38:00,-2.59829,-0.107091
2023-01-07 19:39:00,-2.60171,-0.208484
2023-01-07 19:40:00,-2.60056,-0.268864
2023-01-07 19:41:00,-2.60513,-0.26089
2023-01-07 19:42:00,-2.61085,-0.235827
2023-01-07 19:43:00,-2.60286,-0.142408
2023-01-07 19:44:00,-2.60171,-0.255194
2023-01-07 19:45:00,-2.57888,-0.156079
2023-01-07 19:46:00,-2.58687,-0.13899
2023-01-07 19:47:00,-2.58915,-0.0284814
2023-01-07 19:48:00,-2.59029,-0.103672
2023-01-07 19:49:00,-2.60056,-0.209623
2023-01-07 19:50:00,-2.58001,-0.159496
2023-01-07 19:51:00,-2.59143,-0.00797477
2023-01-07 19:52:00,-2.59143,-0.165192
2023-01-07 19:53:00,-2.60284,-0.162913
2023-01-07 19:54:00,-2.60741,-0.236965
2023-01-07 19:55:00,-2.60741,-0.23013
2023-01-07 19:56:00,-2.63482,-0.164053
2023-01-07 19:57:00,-2.64053,-0.21532
2023-01-07 19:58:00,-2.63483,-0.159497
2023-01-07 19:59:00,-2.63597,-0.281398
2023-01-07 20:00:00,-2.60514,-0.161775
2023-01-07 20:01:00,-2.60401,-0.194814
2023-01-07 20:02:00,-2.63826,-0.300766
2023-01-07 20:03:00,-2.61199,-0.314436
2023-01-07 20:04:00,-2.5823,-0.150382
2023-01-07 20:05:00,-2.56517,-0.217597
2023-01-07 20:06:00,-2.57544,-0.279117
2023-01-07 20:07:00,-2.54119,-0.206205
2023-01-07 20:08:00,-2.53321,-0.262028
2023-01-07 20:09:00,-2.51722,-0.178862
2023-01-07 20:10:00,-2.52178,-0.181141
2023-01-07 20:11:00,-2.53433,-0.255192
2023-01-07 20:12:00,-2.52293,-0.249496
2023-01-07 20:13:00,-2.51836,-0.18228
2023-01-07 20:14:00,-2.51723,-0.248358
2023-01-07 20:15:00,-2.48184,-0.167471
2023-01-07 20:16:00,-2.48299,-0.268865
2023-01-07 20:17:00,-2.47842,-0.206206
2023-01-07 20:18:00,-2.48071,-0.233548
2023-01-07 20:19:00,-2.47272,-0.272283
2023-01-07 20:20:00,-2.47614,-0.224434
2023-01-07 20:21:00,-2.47728,-0.252915
2023-01-07 20:22:00,-2.49896,-0.33608
2023-01-07 20:23:00,-2.50924,-0.344055
2023-01-07 20:24:00,-2.50924,-0.317853
2023-01-07 20:25:00,-2.47956,-0.336081
2023-01-07 20:26:00,-2.51152,-0.289371
2023-01-07 20:27:00,-2.52864,-0.280256
2023-01-07 20:28:00,-2.55261,-0.265445
2023-01-07 20:29:00,-2.55375,-0.272281
2023-01-07 20:30:00,-2.58343,-0.284813
2023-01-07 20:31:00,-2.60169,-0.231267
2023-01-07 20:32:00,-2.59713,-0.218736
2023-01-07 20:33:00,-2.59371,-0.22899
2023-01-07 20:34:00,-2.60285,-0.258612
2023-01-07 20:35:00,-2.62683,-0.26203
2023-01-07 20:36:00,-2.62798,-0.191396
2023-01-07 20:37:00,-2.60629,-0.173168
2023-01-07 20:38:00,-2.61314,-0.308741
2023-01-07 20:39:00,-2.66108,-0.260891
2023-01-07 20:40:00,-2.65308,-0.226712
2023-01-07 20:41:00,-2.61999,-0.297347
2023-01-07 20:42:00,-2.64737,-0.344056
2023-01-07 20:43:00,-2.67362,-0.334941
2023-01-07 20:44:00,-2.6622,-0.344054
2023-01-07 20:45:00,-2.66904,-0.299623
2023-01-07 20:46:00,-2.6348,-0.321269
2023-01-07 20:47:00,-2.66448,-0.383927
2023-01-07 20:48:00,-2.67362,-0.479626
2023-01-07 20:49:00,-2.6645,-0.478488
2023-01-07 20:50:00,-2.67363,-0.486463
2023-01-07 20:51:00,-2.65194,-0.380512
2023-01-07 20:52:00,-2.67249,-0.467096
2023-01-07 20:53:00,-2.68276,-0.455703
2023-01-07 20:54:00,-2.6919,-0.418108
2023-01-07 20:55:00,-2.68505,-0.39874
2023-01-07 20:56:00,-2.70101,-0.353167
2023-01-07 20:57:00,-2.70786,-0.420383
2023-01-07 20:58:00,-2.68275,-0.414687
2023-01-07 20:59:00,-2.68846,-0.483043
2023-01-07 21:00:00,-2.66677,-0.469371
2023-01-07 21:01:00,-2.65992,-0.468233
2023-01-07 21:02:00,-2.6839,-0.588996
2023-01-07 21:03:00,-2.67591,-0.516083
2023-01-07 21:04:00,-2.68962,-0.493299
2023-01-07 21:05:00,-2.69761,-0.494439
2023-01-07 21:06:00,-2.71473,-0.574185
2023-01-07 21:07:00,-2.71815,-0.685832
2023-01-07 21:08:00,-2.71473,-0.587857
2023-01-07 21:09:00,-2.62226,-0.493298
2023-01-07 21:10:00,-2.58459,-0.444311
2023-01-07 21:11:00,-2.54578,-0.398741
2023-01-07 21:12:00,-2.53093,-0.328106
2023-01-07 21:13:00,-2.51151,-0.334941
2023-01-07 21:14:00,-2.49782,-0.338358
2023-01-07 21:15:00,-2.45215,-0.21418
2023-01-07 21:16:00,-2.45672,-0.309878
2023-01-07 21:17:00,-2.45216,-0.324689
2023-01-07 21:18:00,-2.46129,-0.348613
2023-01-07 21:19:00,-2.44303,-0.303043
2023-01-07 21:20:00,-2.43733,-0.233548
2023-01-07 21:21:00,-2.51952,-0.257473
2023-01-07 21:22:00,-2.50468,-0.233548
2023-01-07 21:23:00,-2.48869,-0.19937
2023-01-07 21:24:00,-2.52408,-0.268865
2023-01-07 21:25:00,-2.56061,-0.332663
2023-01-07 21:26:00,-2.61541,-0.470514
2023-01-07 21:27:00,-2.58802,-0.443172
2023-01-07 21:28:00,-2.47614,-0.410134
2023-01-07 21:29:00,-2.43619,-0.356589
2023-01-07 21:30:00,-2.42477,-0.313297
2023-01-07 21:31:00,-2.39966,-0.266587
2023-01-07 21:32:00,-2.40308,-0.207346
2023-01-07 21:33:00,-2.4065,-0.185699
2023-01-07 21:34:00,-2.37454,-0.0535453
2023-01-07 21:35:00,-2.45101,-0.180002
2023-01-07 21:36:00,-2.38822,-0.0273421
2023-01-07 21:37:00,-2.39279,-0.0296206
2023-01-07 21:38:00,-2.3768,-0.0296204
2023-01-07 21:39:00,-2.39165,-0.00569627
2023-01-07 21:40:00,-2.39965,-0.0626592
2023-01-07 21:41:00,-2.42819,-0.16975
2023-01-07 21:42:00,-2.42249,-0.183421
2023-01-07 21:43:00,-2.41793,-0.160637
2023-01-07 21:44:00,-2.38824,-0.194814
2023-01-07 21:45:00,-2.35056,-0.223295
2023-01-07 21:46:00,-2.34143,-0.144686
2023-01-07 21:47:00,-2.36883,-0.230131
2023-01-07 21:48:00,-2.38595,-0.203927
2023-01-07 21:49:00,-2.35627,-0.29165
2023-01-07 21:50:00,-2.35856,-0.465958
2023-01-07 21:51:00,-2.31859,-0.299625
2023-01-07 21:52:00,-2.3654,-0.413551
2023-01-07 21:53:00,-2.34143,-0.413551
2023-01-07 21:54:00,-2.2638,-0.380513
2023-01-07 21:55:00,-2.19531,-0.314437
2023-01-07 21:56:00,-2.2364,-0.160636
2023-01-07 21:57:00,-2.20901,-0.234688
2023-01-07 21:58:00,-2.15992,-0.132154
2023-01-07 21:59:00,-2.15764,0.259752
2023-01-07 22:00:00,-2.15307,0.0284817
2023-01-07 22:01:00,-2.15535,-0.105951
2023-01-07 22:02:00,-2.15763,-0.0455704
2023-01-07 22:03:00,-2.16105,-0.0216459
2023-01-07 22:04:00,-2.15762,0.0467094
2023-01-07 22:05:00,-2.15762,0.0262028
2023-01-07 22:06:00,-2.15533,-0.0170888
2023-01-07 22:07:00,-2.15648,0.0307599
2023-01-07 22:08:00,-2.15877,0.193674
2023-01-07 22:09:00,-2.15877,0.0478489
2023-01-07 22:10:00,-2.21128,0.0512665
2023-01-07 22:11:00,-2.23982,0.0911405
2023-01-07 22:12:00,-2.24325,-0.0649378
2023-01-07 22:13:00,-2.44988,-0.247219
2023-01-07 22:14:00,-2.52293,-0.331523
2023-01-07 22:15:00,-2.53435,-0.41355
2023-01-07 22:16:00,-2.42817,-0.31899
2023-01-07 22:17:00,-2.41562,-0.315573
2023-01-07 22:18:00,-2.43389,-0.296207
2023-01-07 22:19:00,-2.45444,-0.305321
2023-01-07 22:20:00,-2.54463,-0.385069
2023-01-07 22:21:00,-2.60399,-0.501273
2023-01-07 22:22:00,-2.61999,-0.5252
2023-01-07 22:23:00,-2.62797,-0.516085
2023-01-07 22:24:00,-2.604,-0.487603
2023-01-07 22:25:00,-2.62797,-0.600389
2023-01-07 22:26:00,-2.67249,-0.565073
2023-01-07 22:27:00,-2.66222,-0.591275
2023-01-07 22:28:00,-2.63595,-0.56507
2023-01-07 22:29:00,-2.68619,-0.598111
2023-01-07 22:30:00,-2.68849,-0.538872
2023-01-07 22:31:00,-2.6668,-0.467099
2023-01-07 22:32:00,-2.62912,-0.411273
2023-01-07 22:33:00,-2.61199,-0.408995
2023-01-07 22:34:00,-2.61998,-0.39988
2023-01-07 22:35:00,-2.61084,-0.373676
2023-01-07 22:36:00,-2.58459,-0.379373
2023-01-07 22:37:00,-2.57658,-0.382788
2023-01-07 22:38:00,-2.45555,-0.386203
2023-01-07 22:39:00,-2.45329,-0.430637
2023-01-07 22:40:00,-2.52977,-0.457979
2023-01-07 22:41:00,-2.48983,-0.355448
2023-01-07 22:42:00,-2.46586,-0.382791
2023-01-07 22:43:00,-2.4944,-0.386209
2023-01-07 22:44:00,-2.49555,-0.316715
2023-01-07 22:45:00,-2.42706,-0.323551
2023-01-07 22:46:00,-2.38368,-0.339501
2023-01-07 22:47:00,-2.36427,-0.316716
2023-01-07 22:48:00,-2.37683,-0.277981
2023-01-07 22:49:00,-2.36884,-0.272285
2023-01-07 22:50:00,-2.346,-0.194814
2023-01-07 22:51:00,-2.30376,-0.182282
2023-01-07 22:52:00,-2.29006,-0.174307
2023-01-07 22:53:00,-2.28662,-0.15266
2023-01-07 22:54:00,-2.25122,-0.0945577
2023-01-07 22:55:00,-2.23067,-0.0854438
2023-01-07 22:56:00,-2.20554,-0.138987
2023-01-07 22:57:00,-2.22267,-0.168608
2023-01-07 22:58:00,-2.27062,-0.19595
2023-01-07 22:59:00,-2.2946,-0.233546
2023-01-07 23:00:00,-2.29689,-0.251775
2023-01-07 23:01:00,-2.29462,-0.258611
2023-01-07 23:02:00,-2.30603,-0.24494
2023-01-07 23:03:00,-2.30259,-0.243799
2023-01-07 23:04:00,-2.29687,-0.249494
2023-01-07 23:05:00,-2.25464,-0.233546
2023-01-07 23:06:00,-2.24437,-0.184558
2023-01-07 23:07:00,-2.28889,-0.160634
2023-01-07 23:08:00,-2.19415,-0.103672
2023-01-07 23:09:00,-2.15761,-0.082026
2023-01-07 23:10:00,-2.20899,-0.118482
2023-01-07 23:11:00,-2.29689,-0.118482
2023-01-07 23:12:00,-2.29575,-0.136711
2023-01-07 23:13:00,-2.29576,-0.141268
2023-01-07 23:14:00,-2.30489,-0.127597
2023-01-07 23:15:00,-2.33228,-0.1219
2023-01-07 23:16:00,-2.32656,-0.12076
2023-01-07 23:17:00,-2.29345,-0.134431
2023-01-07 23:18:00,-2.2341,-0.132153
2023-01-07 23:19:00,-2.18158,-0.0900006
2023-01-07 23:20:00,-2.15989,-0.0421522
2023-01-07 23:21:00,-2.13935,-0.0432915
2023-01-07 23:22:00,-2.17131,-0.04557
2023-01-07 23:23:00,-2.19072,-0.0262028
2023-01-07 23:24:00,-2.23523,-0.0353166
2023-01-07 23:25:00,-2.27291,-0.0148102
2023-01-07 23:26:00,-2.23638,-0.0113925
2023-01-07 23:27:00,-2.19643,-0.0444308
2023-01-07 23:28:00,-2.16446,-0.0375952
2023-01-07 23:29:00,-2.16903,-0.0284812
2023-01-07 23:30:00,-2.14049,-0.068355
2023-01-07 23:31:00,-2.12565,-0.0615194
2023-01-07 23:32:00,-2.15305,-0.0660766
2023-01-07 23:33:00,-2.17245,-0.0945577
2023-01-07 23:34:00,-2.28433,-0.152659
2023-01-07 23:35:00,-2.32886,-0.231269
2023-01-07 23:36:00,-2.41448,-0.301902
2023-01-07 23:37:00,-2.27521,-0.249497
2023-01-07 23:38:00,-2.21241,-0.241522
2023-01-07 23:39:00,-2.23295,-0.235824
2023-01-07 23:40:00,-2.20783,-0.193672
2023-01-07 23:41:00,-2.16332,-0.158356
2023-01-07 23:42:00,-2.1656,-0.116203
2023-01-07 23:43:00,-2.22381,-0.0877217
2023-01-07 23:44:00,-2.26833,-0.0717722
2023-01-07 23:45:00,-2.27062,-0.0843041
2023-01-07 23:46:00,-2.28548,-0.0774691
2023-01-07 23:47:00,-2.28549,-0.0774695
2023-01-07 23:48:00,-2.24552,-0.0694945
2023-01-07 23:49:00,-2.2695,-0.0900011
2023-01-07 23:50:00,-2.34485,-0.222155
2023-01-07 23:51:00,-2.39736,-0.300763
2023-01-07 23:52:00,-2.43732,-0.307599
2023-01-07 23:53:00,-2.38023,-0.334941
2023-01-07 23:54:00,-2.36768,-0.382791
2023-01-07 23:55:00,-2.34714,-0.362285
2023-01-07 23:56:00,-2.30947,-0.282537
2023-01-07 23:57:00,-2.34258,-0.233549
2023-01-07 23:58:00,-2.33687,-0.1857
2023-01-07 23:59:00,-2.27406,-0.162913
2023-01-08 00:00:00,-2.24779,-0.129874
2023-01-08 00:01:00,-2.19871,-0.125318
2023-01-08 00:02:00,-2.201,-0.159495
2023-01-08 00:03:00,-2.21013,-0.0945577
2023-01-08 00:04:00,-2.17017,-0.0193672
2023-01-08 00:05:00,-2.14847,0.0421521
2023-01-08 00:06:00,-2.11537,0.0318989
2023-01-08 00:07:00,-2.10967,-0.0216458
2023-01-08 00:08:00,-2.12222,0.00683548
2023-01-08 00:09:00,-2.05601,0.0273419
2023-01-08 00:10:00,-1.98066,0.0113925
2023-01-08 00:11:00,-1.94071,0.0296206
2023-01-08 00:12:00,-1.91788,0.0512663
2023-01-08 00:13:00,-1.87336,0.221015
2023-01-08 00:14:00,-1.79231,0.41355
2023-01-08 00:15:00,-1.80601,0.22899
2023-01-08 00:16:00,-1.91446,0.110508
2023-01-08 00:17:00,-1.91789,0.156078
2023-01-08 00:18:00,-1.94757,0.172028
2023-01-08 00:19:00,-1.93501,0.191394
2023-01-08 00:20:00,-1.90989,0.240382
2023-01-08 00:21:00,-1.92473,0.262029
2023-01-08 00:22:00,-1.93616,0.309879
2023-01-08 00:23:00,-1.98867,0.311018
2023-01-08 00:24:00,-2.04461,0.355449
2023-01-08 00:25:00,-1.9921,0.305322
2023-01-08 00:26:00,-2.04004,0.284814
2023-01-08 00:27:00,-2.00808,0.2757
2023-01-08 00:28:00,-2.03662,0.244941
2023-01-08 00:29:00,-2.0389,0.22899
2023-01-08 00:30:00,-2.01035,0.241521
2023-01-08 00:31:00,-2.0229,0.281394
2023-01-08 00:32:00,-1.97723,0.366837
2023-01-08 00:33:00,-1.93614,0.418105
2023-01-08 00:34:00,-1.88364,0.370259
2023-01-08 00:35:00,-1.89506,0.357728
2023-01-08 00:36:00,-1.87109,0.361146
2023-01-08 00:37:00,-1.8631,0.379373
2023-01-08 00:38:00,-1.86995,0.341778
2023-01-08 00:39:00,-1.87566,0.357728
2023-01-08 00:40:00,-1.88136,0.42722
2023-01-08 00:41:00,-1.85396,0.471652
2023-01-08 00:42:00,-1.85052,0.422662
2023-01-08 00:43:00,-1.88363,0.342914
2023-01-08 00:44:00,-1.88707,0.371398
2023-01-08 00:45:00,-1.90647,0.399878
2023-01-08 00:46:00,-1.85852,0.379371
2023-01-08 00:47:00,-1.88935,0.38393
2023-01-08 00:48:00,-1.89849,0.453426
2023-01-08 00:49:00,-1.85511,0.510389
2023-01-08 00:50:00,-1.82085,0.455702
2023-01-08 00:51:00,-1.85166,0.391902
2023-01-08 00:52:00,-1.89504,0.395319
2023-01-08 00:53:00,-1.95898,0.296206
2023-01-08 00:54:00,-1.99323,0.282535
2023-01-08 00:55:00,-1.96012,0.307598
2023-01-08 00:56:00,-1.90989,0.284813
2023-01-08 00:57:00,-1.93844,0.271143
2023-01-08 00:58:00,-1.96354,0.263167
2023-01-08 00:59:00,-1.935,0.305319
2023-01-08 01:00:00,-1.89619,0.272281
2023-01-08 01:01:00,-1.89961,0.254052
2023-01-08 01:02:00,-1.94185,0.249496
2023-01-08 01:03:00,-1.94642,0.233546
2023-01-08 01:04:00,-1.92814,0.219874
2023-01-08 01:05:00,-1.94528,0.239243
2023-01-08 01:06:00,-2.01378,0.233547
2023-01-08 01:07:00,-2.10966,0.172027
2023-01-08 01:08:00,-2.12337,0.144685
2023-01-08 01:09:00,-2.12108,0.128735
2023-01-08 01:10:00,-2.12679,0.0364559
2023-01-08 01:11:00,-2.13705,0.0250633
2023-01-08 01:12:00,-2.15987,-0.00455693
2023-01-08 01:13:00,-2.16902,0.0546837
2023-01-08 01:14:00,-2.13478,0.0694941
2023-01-08 01:15:00,-2.11081,0.134431
2023-01-08 01:16:00,-2.05715,0.137849
2023-01-08 01:17:00,-2.02291,0.144685
2023-01-08 01:18:00,-1.9841,0.174306
2023-01-08 01:19:00,-1.99324,0.186839
2023-01-08 01:20:00,-1.98981,0.217598
2023-01-08 01:21:00,-1.92018,0.211902
2023-01-08 01:22:00,-1.96355,0.170888
2023-01-08 01:23:00,-2.01834,0.148103
2023-01-08 01:24:00,-2.03204,0.0922795
2023-01-08 01:25:00,-2.05715,0.0535447
2023-01-08 01:26:00,-2.05144,0.0318989
2023-01-08 01:27:00,-2.05829,0.0330382
2023-01-08 01:28:00,-2.09826,0.0341776
2023-01-08 01:29:00,-2.13137,0.0216459
2023-01-08 01:30:00,-2.1622,0.0353171
2023-01-08 01:31:00,-2.15877,0.0375956
2023-01-08 01:32:00,-2.15877,0.0170889
2023-01-08 01:33:00,-2.15077,0.0239244
2023-01-08 01:34:00,-2.17247,0.0296206
2023-01-08 01:35:00,-2.16446,0.0170888
2023-01-08 01:36:00,-2.13935,0.013671
2023-01-08 01:37:00,-2.07885,0.0341777
2023-01-08 01:38:00,-2.0994,0.0524058
2023-01-08 01:39:00,-2.06858,0.0626592
2023-01-08 01:40:00,-2.07772,0.0763305
2023-01-08 01:41:00,-2.08914,0.104812
2023-01-08 01:42:00,-2.07202,0.119622
2023-01-08 01:43:00,-2.07544,0.154939
2023-01-08 01:44:00,-2.06059,0.145825
2023-01-08 01:45:00,-2.05488,0.126457
2023-01-08 01:46:00,-1.98866,0.113925
2023-01-08 01:47:00,-1.9647,0.151522
2023-01-08 01:48:00,-1.93046,0.150383
2023-01-08 01:49:00,-1.88936,0.213042
2023-01-08 01:50:00,-1.95329,0.21646
2023-01-08 01:51:00,-1.9373,0.24722
2023-01-08 01:52:00,-1.86425,0.234689
2023-01-08 01:53:00,-1.822,0.246081
2023-01-08 01:54:00,-1.81744,0.256334
2023-01-08 01:55:00,-1.79005,0.24836
2023-01-08 01:56:00,-1.80261,0.257475
2023-01-08 01:57:00,-1.78433,0.250637
2023-01-08 01:58:00,-1.7398,0.270004
2023-01-08 01:59:00,-1.73981,0.301904
2023-01-08 02:00:00,-1.79917,0.282536
2023-01-08 02:01:00,-1.79345,0.268863
2023-01-08 02:02:00,-1.75463,0.265445
2023-01-08 02:03:00,-1.79344,0.219875
2023-01-08 02:04:00,-1.75691,0.246078
2023-01-08 02:05:00,-1.77518,0.24266
2023-01-08 02:06:00,-1.76034,0.263167
2023-01-08 02:07:00,-1.70783,0.303041
2023-01-08 02:08:00,-1.66674,0.34064
2023-01-08 02:09:00,-1.61994,0.385071
2023-01-08 02:10:00,-1.66103,0.386209
2023-01-08 02:11:00,-1.67245,0.397601
2023-01-08 02:12:00,-1.65076,0.380512
2023-01-08 02:13:00,-1.6382,0.348612
2023-01-08 02:14:00,-1.63134,0.344054
2023-01-08 02:15:00,-1.64389,0.339496
2023-01-08 02:16:00,-1.68042,0.349749
2023-01-08 02:17:00,-1.73751,0.332662
2023-01-08 02:18:00,-1.82541,0.301902
2023-01-08 02:19:00,-1.87565,0.262028
2023-01-08 02:20:00,-1.92588,0.262029
2023-01-08 02:21:00,-1.93273,0.315574
2023-01-08 02:22:00,-1.87679,0.315574
2023-01-08 02:23:00,-1.86081,0.300764
2023-01-08 02:24:00,-1.94986,0.284815
2023-01-08 02:25:00,-2.02179,0.264309
2023-01-08 02:26:00,-2.02065,0.243803
2023-01-08 02:27:00,-1.99668,0.210764
2023-01-08 02:28:00,-1.9864,0.156079
2023-01-08 02:29:00,-1.95215,0.134433
2023-01-08 02:30:00,-1.88936,0.168611
2023-01-08 02:31:00,-1.87452,0.226713
2023-01-08 02:32:00,-1.87909,0.16975
2023-01-08 02:33:00,-1.92931,0.149243
2023-01-08 02:34:00,-1.9099,0.154939
2023-01-08 02:35:00,-1.8768,0.184561
2023-01-08 02:36:00,-1.81973,0.203929
2023-01-08 02:37:00,-1.74324,0.273425
2023-01-08 02:38:00,-1.66675,0.371402
2023-01-08 02:39:00,-1.6188,0.336083
2023-01-08 02:40:00,-1.60966,0.337221
2023-01-08 02:41:00,-1.60966,0.334942
2023-01-08 02:42:00,-1.65875,0.318992
2023-01-08 02:43:00,-1.69071,0.330384
2023-01-08 02:44:00,-1.66445,0.341776
2023-01-08 02:45:00,-1.62107,0.356587
2023-01-08 02:46:00,-1.60966,0.386208
2023-01-08 02:47:00,-1.61308,0.353169
2023-01-08 02:48:00,-1.66331,0.332662
2023-01-08 02:49:00,-1.70441,0.312156
2023-01-08 02:50:00,-1.73181,0.291649
2023-01-08 02:51:00,-1.73523,0.316713
2023-01-08 02:52:00,-1.84027,0.312158
2023-01-08 02:53:00,-1.88137,0.381654
2023-01-08 02:54:00,-1.85055,0.46482
2023-01-08 02:55:00,-1.77634,0.492161
2023-01-08 02:56:00,-1.70899,0.514948
2023-01-08 02:57:00,-1.52976,0.681281
2023-01-08 02:58:00,-1.40304,0.611786
2023-01-08 02:59:00,-1.44985,0.542291
2023-01-08 03:00:00,-1.47382,0.478492
2023-01-08 03:01:00,-1.49208,0.419249
2023-01-08 03:02:00,-1.52062,0.38621
2023-01-08 03:03:00,-1.46924,0.342917
2023-01-08 03:04:00,-1.40189,0.35545
2023-01-08 03:05:00,-1.36422,0.388488
2023-01-08 03:06:00,-1.28316,0.456843
2023-01-08 03:07:00,-1.21581,0.464819
2023-01-08 03:08:00,-1.20097,0.438614
2023-01-08 03:09:00,-1.21809,0.448869
2023-01-08 03:10:00,-1.20211,0.459124
2023-01-08 03:11:00,-1.16786,0.470516
2023-01-08 03:12:00,-1.19413,0.446593
2023-01-08 03:13:00,-1.19298,0.422667
2023-01-08 03:14:00,-1.19869,0.447731
2023-01-08 03:15:00,-1.1633,0.461401
2023-01-08 03:16:00,-1.19412,0.418109
2023-01-08 03:17:00,-1.20668,0.405578
2023-01-08 03:18:00,-1.22608,0.43178
2023-01-08 03:19:00,-1.25006,0.439755
2023-01-08 03:20:00,-1.306,0.420388
2023-01-08 03:21:00,-1.37221,0.411274
2023-01-08 03:22:00,-1.40646,0.410134
2023-01-08 03:23:00,-1.40988,0.397601
2023-01-08 03:24:00,-1.42016,0.370261
2023-01-08 03:25:00,-1.47725,0.388491
2023-01-08 03:26:00,-1.4704,0.398744
2023-01-08 03:27:00,-1.47154,0.372542
2023-01-08 03:28:00,-1.53319,0.325831
2023-01-08 03:29:00,-1.65305,0.224436
2023-01-08 03:30:00,-1.73069,0.174308
2023-01-08 03:31:00,-1.7832,0.126459
2023-01-08 03:32:00,-1.83115,0.0740528
2023-01-08 03:33:00,-1.88938,0.0581029
2023-01-08 03:34:00,-1.88253,-0.00113927
2023-01-08 03:35:00,-1.88482,-0.00455711
2023-01-08 03:36:00,-1.88481,-0.00911416
2023-01-08 03:37:00,-1.85626,-0.0045571
2023-01-08 03:38:00,-1.79575,0.157218
2023-01-08 03:39:00,-1.70441,0.193674
2023-01-08 03:40:00,-1.73638,0.209624
2023-01-08 03:41:00,-1.77977,0.230131
2023-01-08 03:42:00,-1.75009,0.209625
2023-01-08 03:43:00,-1.74552,0.215321
2023-01-08 03:44:00,-1.75694,0.222157
2023-01-08 03:45:00,-1.78205,0.210764
2023-01-08 03:46:00,-1.85283,0.205067
2023-01-08 03:47:00,-1.96471,0.120762
2023-01-08 03:48:00,-2.08686,0.0694951
2023-01-08 03:49:00,-2.09828,0.0956983
2023-01-08 03:50:00,-2.08572,0.0956983
2023-01-08 03:51:00,-2.05376,0.0763308
2023-01-08 03:52:00,-2.01038,0.0694955
2023-01-08 03:53:00,-2.01038,0.0649384
2023-01-08 03:54:00,-1.97385,0.0694954
2023-01-08 03:55:00,-1.94302,0.110509
2023-01-08 03:56:00,-1.89965,0.148105
2023-01-08 03:57:00,-1.83914,0.20393
2023-01-08 03:58:00,-1.83116,0.205069
2023-01-08 03:59:00,-1.81745,0.211904
2023-01-08 04:00:00,-1.86197,0.257475
2023-01-08 04:01:00,-1.90535,0.257475
2023-01-08 04:02:00,-1.88139,0.277983
2023-01-08 04:03:00,-1.87912,0.288238
2023-01-08 04:04:00,-1.82202,0.280261
2023-01-08 04:05:00,-1.74325,0.459126
2023-01-08 04:06:00,-1.63822,0.628878
2023-01-08 04:07:00,-1.62109,0.602674
2023-01-08 04:08:00,-1.66448,0.519509
2023-01-08 04:09:00,-1.76722,0.379378
2023-01-08 04:10:00,-2.0355,0.270007
2023-01-08 04:11:00,-2.10743,0.230133
2023-01-08 04:12:00,-2.07659,0.181144
2023-01-08 04:13:00,-2.04348,0.144687
2023-01-08 04:14:00,-1.93617,0.258614
2023-01-08 04:15:00,-1.84371,0.381655
2023-01-08 04:16:00,-1.76379,0.401022
2023-01-08 04:17:00,-1.83342,0.404439
2023-01-08 04:18:00,-1.87453,0.378237
2023-01-08 04:19:00,-1.84599,0.320135
2023-01-08 04:20:00,-1.81173,0.275702
2023-01-08 04:21:00,-1.84256,0.271145
2023-01-08 04:22:00,-1.83913,0.247221
2023-01-08 04:23:00,-1.83343,0.23469
2023-01-08 04:24:00,-1.85284,0.214183
2023-01-08 04:25:00,-1.85398,0.211904
2023-01-08 04:26:00,-1.83685,0.241524
2023-01-08 04:27:00,-1.76036,0.320133
2023-01-08 04:28:00,-1.74552,0.408996
2023-01-08 04:29:00,-1.73867,0.412414
2023-01-08 04:30:00,-1.73411,0.421528
2023-01-08 04:31:00,-1.73524,0.405578
2023-01-08 04:32:00,-1.7284,0.4033
2023-01-08 04:33:00,-1.72839,0.395325
2023-01-08 04:34:00,-1.73182,0.410136
2023-01-08 04:35:00,-1.74895,0.366844
2023-01-08 04:36:00,-1.79348,0.275704
2023-01-08 04:37:00,-1.81745,0.162916
2023-01-08 04:38:00,-1.82771,0.227853
2023-01-08 04:39:00,-1.81401,0.285955
2023-01-08 04:40:00,-1.81858,0.317855
2023-01-08 04:41:00,-1.82201,0.346338
2023-01-08 04:42:00,-1.78205,0.362287
2023-01-08 04:43:00,-1.79804,0.303046
2023-01-08 04:44:00,-1.85626,0.251778
2023-01-08 04:45:00,-1.90993,0.14127
2023-01-08 04:46:00,-1.98642,0.154942
2023-01-08 04:47:00,-2.0184,0.170893
2023-01-08 04:48:00,-2.03209,0.117346
2023-01-08 04:49:00,-2.06634,0.0341785
2023-01-08 04:50:00,-2.08689,0.020507
2023-01-08 04:51:00,-2.00239,0.0694956
2023-01-08 04:52:00,-1.94531,0.10937
2023-01-08 04:53:00,-1.95331,0.150384
2023-01-08 04:54:00,-1.96245,0.193677
2023-01-08 04:55:00,-1.94532,0.199373
2023-01-08 04:56:00,-1.91336,0.21988
2023-01-08 04:57:00,-1.88938,0.249501
2023-01-08 04:58:00,-1.93732,0.213044
2023-01-08 04:59:00,-1.94189,0.214184
2023-01-08 05:00:00,-1.97613,0.143548
2023-01-08 05:01:00,-2.01609,0.118484
2023-01-08 05:02:00,-2.05491,0.0820276
2023-01-08 05:03:00,-2.06291,0.113927
2023-01-08 05:04:00,-2.0241,0.150385
2023-01-08 05:05:00,-1.99442,0.181146
2023-01-08 05:06:00,-1.93278,0.202793
2023-01-08 05:07:00,-1.86656,0.213045
2023-01-08 05:08:00,-1.81291,0.262036
2023-01-08 05:09:00,-1.75925,0.313304
2023-01-08 05:10:00,-1.76381,0.337227
2023-01-08 05:11:00,-1.74783,0.360013
2023-01-08 05:12:00,-1.74555,0.356596
2023-01-08 05:13:00,-1.75126,0.342924
2023-01-08 05:14:00,-1.75126,0.341785
2023-01-08 05:15:00,-1.76382,0.355457
2023-01-08 05:16:00,-1.80606,0.380521
2023-01-08 05:17:00,-1.77866,0.388495
2023-01-08 05:18:00,-1.7524,0.314442
2023-01-08 05:19:00,-1.75469,0.331532
2023-01-08 05:20:00,-1.74784,0.325836
2023-01-08 05:21:00,-1.74783,0.298492
2023-01-08 05:22:00,-1.73984,0.33381
2023-01-08 05:23:00,-1.73641,0.337228
2023-01-08 05:24:00,-1.73528,0.33495
2023-01-08 05:25:00,-1.73299,0.320139
2023-01-08 05:26:00,-1.75239,0.307606
2023-01-08 05:27:00,-1.76609,0.290517
2023-01-08 05:28:00,-1.79121,0.324696
2023-01-08 05:29:00,-1.76496,0.336089
2023-01-08 05:30:00,-1.78322,0.336089
2023-01-08 05:31:00,-1.84374,0.317861
2023-01-08 05:32:00,-1.89168,0.279126
2023-01-08 05:33:00,-1.92022,0.274567
2023-01-08 05:34:00,-1.91108,0.272288
2023-01-08 05:35:00,-1.94077,0.266592
2023-01-08 05:36:00,-1.95789,0.265452
2023-01-08 05:37:00,-1.9362,0.227856
2023-01-08 05:38:00,-1.95561,0.208489
2023-01-08 05:39:00,-1.94875,0.211906
2023-01-08 05:40:00,-1.94532,0.18912
2023-01-08 05:41:00,-1.98187,0.140132
2023-01-08 05:42:00,-2.01269,0.131018
2023-01-08 05:43:00,-2.00128,0.105954
2023-01-08 05:44:00,-1.99443,0.1276
2023-01-08 05:45:00,-1.9853,0.190261
2023-01-08 05:46:00,-1.98415,0.186843
2023-01-08 05:47:00,-1.99442,0.180007
2023-01-08 05:48:00,-2.00583,0.17317
2023-01-08 05:49:00,-1.96245,0.195956
2023-01-08 05:50:00,-1.94076,0.206209
2023-01-08 05:51:00,-1.93049,0.203932
2023-01-08 05:52:00,-1.91908,0.200514
2023-01-08 05:53:00,-1.89853,0.28596
2023-01-08 05:54:00,-1.8152,0.314444
2023-01-08 05:55:00,-1.7741,0.336091
2023-01-08 05:56:00,-1.75355,0.37027
2023-01-08 05:57:00,-1.75241,0.35432
2023-01-08 05:58:00,-1.8095,0.304191
2023-01-08 05:59:00,-1.8175,0.280268
2023-01-08 06:00:00,-1.77181,0.275708
2023-01-08 06:01:00,-1.77752,0.290518
2023-01-08 06:02:00,-1.79921,0.296215
2023-01-08 06:03:00,-1.80834,0.306468
2023-01-08 06:04:00,-1.76269,0.358878
2023-01-08 06:05:00,-1.76725,0.38508
2023-01-08 06:06:00,-1.74784,0.358876
2023-01-08 06:07:00,-1.7524,0.349761
2023-01-08 06:08:00,-1.73984,0.346342
2023-01-08 06:09:00,-1.72728,0.34862
2023-01-08 06:10:00,-1.69988,0.383938
2023-01-08 06:11:00,-1.6371,0.403307
2023-01-08 06:12:00,-1.60627,0.413561
2023-01-08 06:13:00,-1.59373,0.430654
2023-01-08 06:14:00,-1.59145,0.411288
2023-01-08 06:15:00,-1.58004,0.409009
2023-01-08 06:16:00,-1.61771,0.377108
2023-01-08 06:17:00,-1.63368,0.380524
2023-01-08 06:18:00,-1.64168,0.336093
2023-01-08 06:19:00,-1.60173,0.303054
2023-01-08 06:20:00,-1.50925,0.306471
2023-01-08 06:21:00,-1.38137,0.36799
2023-01-08 06:22:00,-1.24209,0.440902
2023-01-08 06:23:00,-1.12679,0.446599
2023-01-08 06:24:00,-1.04688,0.47964
2023-01-08 06:25:00,-0.917869,0.522931
2023-01-08 06:26:00,-0.767173,0.495588
2023-01-08 06:27:00,-0.606205,0.511539
2023-01-08 06:28:00,-0.46236,0.557111
2023-01-08 06:29:00,-0.23746,0.616358
2023-01-08 06:30:00,0.053657,0.641423
2023-01-08 06:31:00,0.347058,0.688134
2023-01-08 06:32:00,0.665577,0.735986
2023-01-08 06:33:00,1.02063,0.829408
2023-01-08 06:34:00,1.43504,0.92511
2023-01-08 06:35:00,1.85289,1.0436
2023-01-08 06:36:00,2.2673,1.08917
2023-01-08 06:37:00,2.73194,1.06524
2023-01-08 06:38:00,3.21486,1.02992
2023-01-08 06:39:00,3.71032,1.09486
2023-01-08 06:40:00,4.25714,1.20536
2023-01-08 06:41:00,4.84393,1.27714
2023-01-08 06:42:00,5.43075,1.35575
2023-01-08 06:43:00,5.98444,1.3717
2023-01-08 06:44:00,6.561,1.44235
2023-01-08 06:45:00,7.16491,1.43095
2023-01-08 06:46:00,7.76765,1.45145
2023-01-08 06:47:00,8.43327,1.53463
2023-01-08 06:48:00,9.17649,1.70324
2023-01-08 06:49:00,9.96878,1.80008
2023-01-08 06:50:00,10.7987,1.97211
2023-01-08 06:51:00,11.656,1.98805
2023-01-08 06:52:00,12.5464,2.07577
2023-01-08 06:53:00,13.4746,2.10198
2023-01-08 06:54:00,14.485,2.22845
2023-01-08 06:55:00,16.1061,2.44149
2023-01-08 06:56:00,18.5161,2.72631
2023-01-08 06:57:00,21.0026,3.14558
2023-01-08 06:58:00,22.2825,3.61725
2023-01-08 06:59:00,21.4924,3.69699
2023-01-08 07:00:00,21.78,3.48393
2023-01-08 07:01:00,22.627,3.43265
2023-01-08 07:02:00,23.4628,3.49077
2023-01-08 07:03:00,24.2985,3.59446
2023-01-08 07:04:00,24.9093,4.12651
2023-01-08 07:05:00,25.9574,5.35125
2023-01-08 07:06:00,29.0251,7.51708
2023-01-08 07:07:00,36.1445,9.84242
2023-01-08 07:08:00,46.7924,11.1594
2023-01-08 07:09:00,61.7285,11.8567
2023-01-08 07:10:00,72.2261,12.1427
2023-01-08 07:11:00,78.2003,12.3466
2023-01-08 07:12:00,82.1653,12.8673
2023-01-08 07:13:00,85.9952,13.7502
2023-01-08 07:14:00,90.0619,15.0877
2023-01-08 07:15:00,93.9053,16.816
2023-01-08 07:16:00,97.4016,18.5592
2023-01-08 07:17:00,101.2,20.0562
2023-01-08 07:18:00,104.973,21.215
2023-01-08 07:19:00,108.611,22.2381
2023-01-08 07:20:00,112.331,23.2634
2023-01-08 07:21:00,116.053,24.2329
2023-01-08 07:22:00,119.843,25.1193
2023-01-08 07:23:00,123.478,25.9407
2023-01-08 07:24:00,127.185,26.834
2023-01-08 07:25:00,131.037,27.6851
2023-01-08 07:26:00,134.679,28.3539
2023-01-08 07:27:00,138.321,29.1365
2023-01-08 07:28:00,142.305,29.8258
2023-01-08 07:29:00,146.082,30.5596
2023-01-08 07:30:00,149.939,31.1804
2023-01-08 07:31:00,153.883,31.913
2023-01-08 07:32:00,158.024,32.6444
2023-01-08 07:33:00,161.941,33.3736
2023-01-08 07:34:00,165.899,34.0048
2023-01-08 07:35:00,169.654,34.4855
2023-01-08 07:36:00,173.701,35.2305
2023-01-08 07:37:00,177.518,35.9152
2023-01-08 07:38:00,181.143,36.5338
2023-01-08 07:39:00,185.221,37.0498
2023-01-08 07:40:00,189.187,37.5156
2023-01-08 07:41:00,193.002,38.0944
2023-01-08 07:42:00,197.255,38.7325
2023-01-08 07:43:00,201.156,39.3956
2023-01-08 07:44:00,204.942,39.9425
2023-01-08 07:45:00,208.734,40.4301
2023-01-08 07:46:00,212.745,40.9712
2023-01-08 07:47:00,216.864,41.5124
2023-01-08 07:48:00,220.776,42.1198
2023-01-08 07:49:00,224.743,42.662
2023-01-08 07:50:00,228.674,43.2054
2023-01-08 07:51:00,232.521,43.6167
2023-01-08 07:52:00,236.457,44.305
2023-01-08 07:53:00,240.188,44.5113
2023-01-08 07:54:00,243.98,44.8701
2023-01-08 07:55:00,247.633,45.4465
2023-01-08 07:56:00,251.485,45.9559
2023-01-08 07:57:00,255.087,46.4162
2023-01-08 07:58:00,259.112,46.8561
2023-01-08 07:59:00,263.495,47.6526
2023-01-08 08:00:00,267.498,48.3966
2023-01-08 08:01:00,271.942,48.7064
2023-01-08 08:02:00,275.907,49.1838
2023-01-08 08:03:00,280.105,49.6529
2023-01-08 08:04:00,284.12,50.0205
2023-01-08 08:05:00,288.03,50.4294
2023-01-08 08:06:00,292.008,50.9033
2023-01-08 08:07:00,295.956,51.3728
2023-01-08 08:08:00,299.723,51.939
2023-01-08 08:09:00,303.812,52.6748
2023-01-08 08:10:00,307.308,52.9678
2023-01-08 08:11:00,311.375,53.2697
2023-01-08 08:12:00,315.09,53.806
2023-01-08 08:13:00,318.626,54.3108
2023-01-08 08:14:00,322.414,54.8109
2023-01-08 08:15:00,325.941,55.3544
2023-01-08 08:16:00,330.078,55.6048
2023-01-08 08:17:00,333.686,56.1357
2023-01-08 08:18:00,337.747,56.0607
2023-01-08 08:19:00,341.599,56.3116
2023-01-08 08:20:00,345.448,57.1399
2023-01-08 08:21:00,349.478,57.6674
2023-01-08 08:22:00,353.294,58.2406
2023-01-08 08:23:00,357.113,58.7388
2023-01-08 08:24:00,361.034,58.7366
2023-01-08 08:25:00,364.887,58.9368
2023-01-08 08:26:00,368.637,59.3036
2023-01-08 08:27:00,371.965,60.0704
2023-01-08 08:28:00,376.327,60.6536
2023-01-08 08:29:00,379.837,60.73
2023-01-08 08:30:00,383.555,60.8098
2023-01-08 08:31:00,387.467,61.3872
2023-01-08 08:32:00,390.975,61.9842
2023-01-08 08:33:00,394.678,62.6219
2023-01-08 08:34:00,398.558,62.6547
2023-01-08 08:35:00,402.212,63.1015
2023-01-08 08:36:00,405.938,63.3247
2023-01-08 08:37:00,409.627,63.3989
2023-01-08 08:38:00,413.425,64.1553
2023-01-08 08:39:00,416.888,64.3624
2023-01-08 08:40:00,420.542,64.1094
2023-01-08 08:41:00,424.078,64.3226
2023-01-08 08:42:00,428.302,64.9389
2023-01-08 08:43:00,431.834,65.4651
2023-01-08 08:44:00,435.963,66.2944
2023-01-08 08:45:00,439.848,67.0294
2023-01-08 08:46:00,443.937,67.9818
2023-01-08 08:47:00,447.412,67.8214
2023-01-08 08:48:00,450.876,68.0969
2023-01-08 08:49:00,454.82,68.7412
2023-01-08 08:50:00,458.877,68.8435
2023-01-08 08:51:00,462.899,68.9187
2023-01-08 08:52:00,466.18,69.438
2023-01-08 08:53:00,469.791,69.9851
2023-01-08 08:54:00,473.806,69.8778
2023-01-08 08:55:00,477.301,70.4054
2023-01-08 08:56:00,480.976,70.9617
2023-01-08 08:57:00,484.811,71.3047
2023-01-08 08:58:00,488.406,71.546
2023-01-08 08:59:00,492.266,72.0256
2023-01-08 09:00:00,495.804,72.53
2023-01-08 09:01:00,498.781,72.8305
2023-01-08 09:02:00,501.841,73.0013
2023-01-08 09:03:00,505.254,72.8123
2023-01-08 09:04:00,508.692,73.2476
2023-01-08 09:05:00,511.673,73.1585
2023-01-08 09:06:00,514.63,73.6688
2023-01-08 09:07:00,518.703,74.6713
2023-01-08 09:08:00,522.228,74.9856
2023-01-08 09:09:00,526.487,75.1643
2023-01-08 09:10:00,531.545,75.816
2023-01-08 09:11:00,534.74,76.4449
2023-01-08 09:12:00,536.357,76.9483
2023-01-08 09:13:00,539.887,77.2173
2023-01-08 09:14:00,543.294,77.9144
2023-01-08 09:15:00,546.537,78.2174
2023-01-08 09:16:00,549.835,78.7163
2023-01-08 09:17:00,553.214,79.1723
2023-01-08 09:18:00,557.003,79.3569
2023-01-08 09:19:00,560.942,79.6667
2023-01-08 09:20:00,564.875,80.2179
2023-01-08 09:21:00,568.692,80.6097
2023-01-08 09:22:00,572.406,80.865
2023-01-08 09:23:00,576.146,80.676
2023-01-08 09:24:00,578.946,80.8855
2023-01-08 09:25:00,581.963,81.5496
2023-01-08 09:26:00,584.173,81.6874
2023-01-08 09:27:00,587.416,81.7101
2023-01-08 09:28:00,590.664,82.209
2023-01-08 09:29:00,593.537,83.0885
2023-01-08 09:30:00,596.615,83.8541
2023-01-08 09:31:00,599.861,86.5449
2023-01-08 09:32:00,603.004,91.7912
2023-01-08 09:33:00,607.381,95.5643
2023-01-08 09:34:00,610.934,99.62
2023-01-08 09:35:00,613.971,100.046
2023-01-08 09:36:00,616.692,95.8365
2023-01-08 09:37:00,620.384,97.9495
2023-01-08 09:38:00,624.112,103.247
2023-01-08 09:39:00,626.625,102.757
2023-01-08 09:40:00,629.822,97.7685
2023-01-08 09:41:00,632.606,91.2453
2023-01-08 09:42:00,635.597,86.3648
2023-01-08 09:43:00,638.904,84.8918
2023-01-08 09:44:00,641.946,85.4694
2023-01-08 09:45:00,644.755,85.706
2023-01-08 09:46:00,647.617,85.3245
2023-01-08 09:47:00,650.242,85.2801
2023-01-08 09:48:00,652.994,85.2767
2023-01-08 09:49:00,655.547,85.901
2023-01-08 09:50:00,657.523,86.4716
2023-01-08 09:51:00,659.698,86.8245
2023-01-08 09:52:00,662.337,86.7126
2023-01-08 09:53:00,665.406,85.9393
2023-01-08 09:54:00,668.019,86.1035
2023-01-08 09:55:00,671.207,86.5818
2023-01-08 09:56:00,673.349,87.2423
2023-01-08 09:57:00,675.732,87.9523
2023-01-08 09:58:00,677.947,88.5276
2023-01-08 09:59:00,680.748,89.0824
2023-01-08 10:00:00,683.015,89.2773
2023-01-08 10:01:00,685.934,89.1039
2023-01-08 10:02:00,689.065,89.4705
2023-01-08 10:03:00,692.523,89.7847
2023-01-08 10:04:00,695.568,90.197
2023-01-08 10:05:00,698.175,90.1559
2023-01-08 10:06:00,701.362,89.8562
2023-01-08 10:07:00,703.847,90.3201
2023-01-08 10:08:00,706.12,90.3211
2023-01-08 10:09:00,707.888,90.6875
2023-01-08 10:10:00,709.943,90.6511
2023-01-08 10:11:00,712.044,90.6499
2023-01-08 10:12:00,714.389,91.4679
2023-01-08 10:13:00,716.472,92.2688
2023-01-08 10:14:00,718.98,92.1922
2023-01-08 10:15:00,721.939,91.9483
2023-01-08 10:16:00,724.176,92.1979
2023-01-08 10:17:00,726.308,92.1103
2023-01-08 10:18:00,728.715,92.8998
2023-01-08 10:19:00,731.522,92.7004
2023-01-08 10:20:00,734.326,93.1721
2023-01-08 10:21:00,736.744,92.7256
2023-01-08 10:22:00,739.091,92.6675
2023-01-08 10:23:00,740.367,93.1608
2023-01-08 10:24:00,742.157,93.5903
2023-01-08 10:25:00,743.989,94.0835
2023-01-08 10:26:00,746.625,94.6759
2023-01-08 10:27:00,748.259,95.0268
2023-01-08 10:28:00,750.398,95.3994
2023-01-08 10:29:00,753.139,95.5554
2023-01-08 10:30:00,754.479,96.321
2023-01-08 10:31:00,757.031,96.1034
2023-01-08 10:32:00,759.98,95.233
2023-01-08 10:33:00,761.493,96.7683
2023-01-08 10:34:00,763.965,97.2674
2023-01-08 10:35:00,766.565,97.6742
2023-01-08 10:36:00,768.169,97.0169
2023-01-08 10:37:00,769.942,98.2074
2023-01-08 10:38:00,772.127,98.7996
2023-01-08 10:39:00,774.767,99.1527
2023-01-08 10:40:00,777.509,98.4187
2023-01-08 10:41:00,777.097,97.9917
2023-01-08 10:42:00,778.589,98.8756
2023-01-08 10:43:00,780.769,98.8073
2023-01-08 10:44:00,782.427,98.951
2023-01-08 10:45:00,784.871,99.4454
2023-01-08 10:46:00,787.08,99.6298
2023-01-08 10:47:00,789.038,100.056
2023-01-08 10:48:00,790.7,100.581
2023-01-08 10:49:00,792.289,100.677
2023-01-08 10:50:00,794.308,101.025
2023-01-08 10:51:00,795.65,101.918
2023-01-08 10:52:00,796.756,103.597
2023-01-08 10:53:00,798.565,104.943
2023-01-08 10:54:00,799.425,105.451
2023-01-08 10:55:00,801.474,106.533
2023-01-08 10:56:00,803.39,105.181
2023-01-08 10:57:00,805.218,106.842
2023-01-08 10:58:00,806.648,105.499
2023-01-08 10:59:00,807.987,104.44
2023-01-08 11:00:00,809.412,104.472
2023-01-08 11:01:00,810.881,105.405
2023-01-08 11:02:00,812.531,106.915
2023-01-08 11:03:00,813.878,108.203
2023-01-08 11:04:00,814.547,112.175
2023-01-08 11:05:00,816.593,116.598
2023-01-08 11:06:00,818.688,119.541
2023-01-08 11:07:00,820.583,117.217
2023-01-08 11:08:00,822.545,110.124
2023-01-08 11:09:00,823.133,107.827
2023-01-08 11:10:00,824.572,107.653
2023-01-08 11:11:00,826.865,106.989
2023-01-08 11:12:00,828.344,106.414
2023-01-08 11:13:00,829.208,105.305
2023-01-08 11:14:00,829.222,105.175
2023-01-08 11:15:00,829.615,105.622
2023-01-08 11:16:00,830.915,105.89
2023-01-08 11:17:00,831.769,105.886
2023-01-08 11:18:00,832.553,105.953
2023-01-08 11:19:00,833.664,105.304
2023-01-08 11:20:00,834.644,105.429
2023-01-08 11:21:00,836.734,105.479
2023-01-08 11:22:00,838.743,105.483
2023-01-08 11:23:00,839.483,104.735
2023-01-08 11:24:00,840.413,103.621
2023-01-08 11:25:00,841.169,104.765
2023-01-08 11:26:00,842.206,104.701
2023-01-08 11:27:00,842.943,104.8
2023-01-08 11:28:00,843.449,105.707
2023-01-08 11:29:00,844.546,105.119
2023-01-08 11:30:00,846.228,105.247
2023-01-08 11:31:00,847.956,105.379
2023-01-08 11:32:00,847.654,105.776
2023-01-08 11:33:00,845.933,105.895
2023-01-08 11:34:00,845.69,105.642
2023-01-08 11:35:00,848.103,106.386
2023-01-08 11:36:00,850.111,106.664
2023-01-08 11:37:00,851.184,105.684
2023-01-08 11:38:00,851.859,105.863
2023-01-08 11:39:00,852.731,106.114
2023-01-08 11:40:00,853.194,105.86
2023-01-08 11:41:00,853.583,105.714
2023-01-08 11:42:00,854.593,105.928
2023-01-08 11:43:00,856.7,105.351
2023-01-08 11:44:00,857.722,105.068
2023-01-08 11:45:00,857.381,105.166
2023-01-08 11:46:00,856.96,105.653
2023-01-08 11:47:00,858.134,106.646
2023-01-08 11:48:00,858.378,106.062
2023-01-08 11:49:00,858.992,105.686
2023-01-08 11:50:00,859.224,106.617
2023-01-08 11:51:00,860.351,106.459
2023-01-08 11:52:00,862.281,106.158
2023-01-08 11:53:00,863.394,106.584
2023-01-08 11:54:00,864.515,106.916
2023-01-08 11:55:00,864.667,106.682
2023-01-08 11:56:00,865.952,107.222
2023-01-08 11:57:00,867.702,107.729
2023-01-08 11:58:00,866.742,107.518
2023-01-08 11:59:00,866.025,108.248
2023-01-08 12:00:00,866.042,108.056
2023-01-08 12:01:00,866.456,108.144
2023-01-08 12:02:00,865.385,107.526
2023-01-08 12:03:00,866.158,108.062
2023-01-08 12:04:00,865.611,108.349
2023-01-08 12:05:00,864.475,107.912
2023-01-08 12:06:00,863.816,107.1
2023-01-08 12:07:00,863.68,106.313
2023-01-08 12:08:00,864.777,107.039
2023-01-08 12:09:00,866.992,108.292
2023-01-08 12:10:00,867.841,108.385
2023-01-08 12:11:00,867.911,107.749
2023-01-08 12:12:00,869.4,107.9
2023-01-08 12:13:00,872.964,109.027
2023-01-08 12:14:00,873.664,109.077
2023-01-08 12:15:00,873.434,108.352
2023-01-08 12:16:00,873.504,108.312
2023-01-08 12:17:00,873.563,108.929
2023-01-08 12:18:00,874.5,108.613
2023-01-08 12:19:00,875.779,109.428
2023-01-08 12:20:00,877.442,110.208
2023-01-08 12:21:00,878.997,110.796
2023-01-08 12:22:00,880.002,111.089
2023-01-08 12:23:00,883.287,110.551
2023-01-08 12:24:00,886.165,110.747
2023-01-08 12:25:00,887.856,111.506
2023-01-08 12:26:00,890.731,111.814
2023-01-08 12:27:00,897.493,112.776
2023-01-08 12:28:00,904.991,114.137
2023-01-08 12:29:00,916.649,115.849
2023-01-08 12:30:00,931.852,117.882
2023-01-08 12:31:00,947.839,120.115
2023-01-08 12:32:00,956.21,121.467
2023-01-08 12:33:00,959.791,121.764
2023-01-08 12:34:00,962.26,121.403
2023-01-08 12:35:00,960.516,120.813
2023-01-08 12:36:00,958.92,121.106
2023-01-08 12:37:00,966.98,122.394
2023-01-08 12:38:00,972.096,122.95
2023-01-08 12:39:00,973.513,122.545
2023-01-08 12:40:00,984.885,125.478
2023-01-08 12:41:00,870.407,106.177
2023-01-08 12:42:00,665.638,85.801
2023-01-08 12:43:00,561.084,69.9948
2023-01-08 12:44:00,280.457,37.6512
2023-01-08 12:45:00,224.941,24.137
2023-01-08 12:46:00,225.61,25.2716
2023-01-08 12:47:00,237.66,25.9948
2023-01-08 12:48:00,798.297,79.2138
2023-01-08 12:49:00,574.909,96.1385
2023-01-08 12:50:00,270.611,35.2074
2023-01-08 12:51:00,244.356,27.8496
2023-01-08 12:52:00,246.302,28.8248
2023-01-08 12:53:00,212.938,23.9879
2023-01-08 12:54:00,208.618,23.0572
2023-01-08 12:55:00,213.138,24.2339
2023-01-08 12:56:00,367.685,34.8558
2023-01-08 12:57:00,929.192,113.225
2023-01-08 12:58:00,909.006,124.588
2023-01-08 12:59:00,888.633,120.866
2023-01-08 13:00:00,871.074,116.201
2023-01-08 13:01:00,863.557,114.913
2023-01-08 13:02:00,861.566,114.95
2023-01-08 13:03:00,859.746,115.583
2023-01-08 13:04:00,858.162,117.098
2023-01-08 13:05:00,857.132,114.575
2023-01-08 13:06:00,855.781,113.553
2023-01-08 13:07:00,854.612,115.054
2023-01-08 13:08:00,852.706,114.321
2023-01-08 13:09:00,851.221,116.397
2023-01-08 13:10:00,850.099,122.814
2023-01-08 13:11:00,848.513,127.414
2023-01-08 13:12:00,847.077,125.246
2023-01-08 13:13:00,846.081,126.358
2023-01-08 13:14:00,846.142,128.591
2023-01-08 13:15:00,845.678,128.782
2023-01-08 13:16:00,842.944,126.897
2023-01-08 13:17:00,840.219,125.749
2023-01-08 13:18:00,837.952,123.383
2023-01-08 13:19:00,836.579,120.485
2023-01-08 13:20:00,834.758,117.319
2023-01-08 13:21:00,832.814,115.352
2023-01-08 13:22:00,830.725,117.032
2023-01-08 13:23:00,828.867,117.783
2023-01-08 13:24:00,826.543,113.385
2023-01-08 13:25:00,823.865,111.626
2023-01-08 13:26:00,822.031,108.85
2023-01-08 13:27:00,820.157,105.65
2023-01-08 13:28:00,818.531,105.688
2023-01-08 13:29:00,817.476,106.626
2023-01-08 13:30:00,816.256,105.354
2023-01-08 13:31:00,814.391,104.299
2023-01-08 13:32:00,813.297,104.313
2023-01-08 13:33:00,812.301,103.495
2023-01-08 13:34:00,811.401,103.295
2023-01-08 13:35:00,810.443,103.238
2023-01-08 13:36:00,809.291,103.232
2023-01-08 13:37:00,807.601,101.944
2023-01-08 13:38:00,805.519,102.234
2023-01-08 13:39:00,802.59,102.149
2023-01-08 13:40:00,798.829,101.665
2023-01-08 13:41:00,796.508,102.573
2023-01-08 13:42:00,795.143,102.51
2023-01-08 13:43:00,794.646,101.913
2023-01-08 13:44:00,793.626,101.992
2023-01-08 13:45:00,791.319,102.424
2023-01-08 13:46:00,788.955,102.382
2023-01-08 13:47:00,787.495,101.33
2023-01-08 13:48:00,785.595,101.09
2023-01-08 13:49:00,783.597,101.659
2023-01-08 13:50:00,781.763,101.405
2023-01-08 13:51:00,783.102,102.439
2023-01-08 13:52:00,784.512,103.34
2023-01-08 13:53:00,782.104,103.293
2023-01-08 13:54:00,780.376,103.34
2023-01-08 13:55:00,779.038,103.605
2023-01-08 13:56:00,774.894,103.214
2023-01-08 13:57:00,770.757,102.508
2023-01-08 13:58:00,767.081,101.636
2023-01-08 13:59:00,764.591,100.518
2023-01-08 14:00:00,762.621,100.925
2023-01-08 14:01:00,763.864,102.383
2023-01-08 14:02:00,768.476,102.736
2023-01-08 14:03:00,770.32,102.831
2023-01-08 14:04:00,766.87,102.594
2023-01-08 14:05:00,763.543,102.605
2023-01-08 14:06:00,763.753,103.227
2023-01-08 14:07:00,710.45,98.5893
2023-01-08 14:08:00,747.966,102.151
2023-01-08 14:09:00,741.052,101.178
2023-01-08 14:10:00,741.224,101.716
2023-01-08 14:11:00,741.713,102.923
2023-01-08 14:12:00,734.955,103.213
2023-01-08 14:13:00,731.063,105.74
2023-01-08 14:14:00,728.258,109.767
2023-01-08 14:15:00,725.053,114.557
2023-01-08 14:16:00,725.225,117.75
2023-01-08 14:17:00,715.391,117.223
2023-01-08 14:18:00,714.773,112.093
2023-01-08 14:19:00,717.971,117.208
2023-01-08 14:20:00,714.93,119.946
2023-01-08 14:21:00,711.362,119.172
2023-01-08 14:22:00,709.388,114.06
2023-01-08 14:23:00,710.504,111.589
2023-01-08 14:24:00,708.799,109.685
2023-01-08 14:25:00,704.34,104.787
2023-01-08 14:26:00,701.573,99.4397
2023-01-08 14:27:00,698.381,97.7674
2023-01-08 14:28:00,694.247,97.234
2023-01-08 14:29:00,691.56,96.6531
2023-01-08 14:30:00,687.531,95.5378
2023-01-08 14:31:00,684.365,95.1404
2023-01-08 14:32:00,681.805,94.9481
2023-01-08 14:33:00,679.413,94.3273
2023-01-08 14:34:00,676.135,94.2249
2023-01-08 14:35:00,672.694,93.7681
2023-01-08 14:36:00,669.474,92.7348
2023-01-08 14:37:00,666.252,92.2047
2023-01-08 14:38:00,662.853,91.8255
2023-01-08 14:39:00,659.657,91.6458
2023-01-08 14:40:00,656.688,91.0695
2023-01-08 14:41:00,654.757,90.844
2023-01-08 14:42:00,652.122,90.6949
2023-01-08 14:43:00,650.018,90.8352
2023-01-08 14:44:00,611.423,81.3931
2023-01-08 14:45:00,650.88,90.7788
2023-01-08 14:46:00,646.431,90.9593
2023-01-08 14:47:00,639.15,89.7008
2023-01-08 14:48:00,637.889,89.5162
2023-01-08 14:49:00,632.13,86.8061
2023-01-08 14:50:00,508.191,63.3146
2023-01-08 14:51:00,643.011,90.1684
2023-01-08 14:52:00,215.98,26.9966
2023-01-08 14:53:00,107.662,6.88077
2023-01-08 14:54:00,125.618,8.41642
2023-01-08 14:55:00,270.42,28.6737
2023-01-08 14:56:00,625.12,91.0695
2023-01-08 14:57:00,615.327,89.0657
2023-01-08 14:58:00,607.489,87.6713
2023-01-08 14:59:00,602.938,86.9061
2023-01-08 15:00:00,599.329,86.079
2023-01-08 15:01:00,596.592,85.5966
2023-01-08 15:02:00,593.003,84.7935
2023-01-08 15:03:00,589.33,83.8926
2023-01-08 15:04:00,586.78,83.4556
2023-01-08 15:05:00,584.07,83.4787
2023-01-08 15:06:00,581.176,83.2885
2023-01-08 15:07:00,578.076,82.8557
2023-01-08 15:08:00,574.361,82.6872
2023-01-08 15:09:00,570.787,82.0115
2023-01-08 15:10:00,567.863,81.664
2023-01-08 15:11:00,565.056,81.4783
2023-01-08 15:12:00,561.776,80.4546
2023-01-08 15:13:00,558.144,80.2879
2023-01-08 15:14:00,554.808,79.4424
2023-01-08 15:15:00,551.521,79.3048
2023-01-08 15:16:00,547.923,79.2452
2023-01-08 15:17:00,543.735,78.8786
2023-01-08 15:18:00,539.734,78.5143
2023-01-08 15:19:00,537.079,78.6917
2023-01-08 15:20:00,534.688,78.4902
2023-01-08 15:21:00,532.668,78.0041
2023-01-08 15:22:00,530.178,77.9119
2023-01-08 15:23:00,527.388,77.9518
2023-01-08 15:24:00,524.841,78.0509
2023-01-08 15:25:00,520.825,77.7591
2023-01-08 15:26:00,515.977,76.2213
2023-01-08 15:27:00,512.621,75.539
2023-01-08 15:28:00,509.046,74.4135
2023-01-08 15:29:00,506.845,74.7434
2023-01-08 15:30:00,507.494,75.7165
2023-01-08 15:31:00,507.977,75.3279
2023-01-08 15:32:00,508.614,76.3363
2023-01-08 15:33:00,508.018,77.1353
2023-01-08 15:34:00,507.897,77.3185
2023-01-08 15:35:00,506.734,77.1758
2023-01-08 15:36:00,504.005,76.7367
2023-01-08 15:37:00,500.185,76.3952
2023-01-08 15:38:00,494.658,75.4694
2023-01-08 15:39:00,488.202,74.5448
2023-01-08 15:40:00,482.219,74.413
2023-01-08 15:41:00,478.968,74.1975
2023-01-08 15:42:00,473.253,73.3087
2023-01-08 15:43:00,467.64,72.6958
2023-01-08 15:44:00,464.774,72.7038
2023-01-08 15:45:00,459.653,72.9442
2023-01-08 15:46:00,454.857,72.9113
2023-01-08 15:47:00,450.281,72.2063
2023-01-08 15:48:00,445.331,71.7777
2023-01-08 15:49:00,441.089,71.0412
2023-01-08 15:50:00,438.125,71.3818
2023-01-08 15:51:00,434.979,70.99
2023-01-08 15:52:00,431.198,71.0116
2023-01-08 15:53:00,427.491,70.1279
2023-01-08 15:54:00,422.185,70.3728
2023-01-08 15:55:00,416.065,69.852
2023-01-08 15:56:00,413.646,68.6274
2023-01-08 15:57:00,410.153,68.8872
2023-01-08 15:58:00,405.607,68.5398
2023-01-08 15:59:00,399.662,68.2197
2023-01-08 16:00:00,394.667,67.6522
2023-01-08 16:01:00,390.306,66.6929
2023-01-08 16:02:00,386.202,66.384
2023-01-08 16:03:00,383.605,66.5093
2023-01-08 16:04:00,380.279,65.7952
2023-01-08 16:05:00,337.943,57.0017
2023-01-08 16:06:00,308.057,53.8804
2023-01-08 16:07:00,264.225,44.9401
2023-01-08 16:08:00,271.155,46.1511
2023-01-08 16:09:00,358.376,63.7649
2023-01-08 16:10:00,347.615,62.0698
2023-01-08 16:11:00,345.881,61.5559
2023-01-08 16:12:00,342.302,61.1001
2023-01-08 16:13:00,341.127,61.0284
2023-01-08 16:14:00,337.163,60.5741
2023-01-08 16:15:00,333.981,60.2538
2023-01-08 16:16:00,329.598,59.6365
2023-01-08 16:17:00,324.239,59.2321
2023-01-08 16:18:00,322.052,58.9357
2023-01-08 16:19:00,318.052,58.4585
2023-01-08 16:20:00,313.962,58.0143
2023-01-08 16:21:00,312.195,58.0242
2023-01-08 16:22:00,308.734,57.572
2023-01-08 16:23:00,305.824,57.3024
2023-01-08 16:24:00,303.157,57.1854
2023-01-08 16:25:00,295.155,55.8879
2023-01-08 16:26:00,269.278,51.3446
2023-01-08 16:27:00,299.04,56.9186
2023-01-08 16:28:00,233.375,42.8228
2023-01-08 16:29:00,222.107,39.536
2023-01-08 16:30:00,153.52,26.3836
2023-01-08 16:31:00,240.378,43.7056
2023-01-08 16:32:00,133.182,16.3561
2023-01-08 16:33:00,115.269,16.559
2023-01-08 16:34:00,149.07,23.3249
2023-01-08 16:35:00,127.322,17.2869
2023-01-08 16:36:00,126.054,17.8258
2023-01-08 16:37:00,120.502,17.3588
2023-01-08 16:38:00,113.224,15.6749
2023-01-08 16:39:00,122.885,19.8946
2023-01-08 16:40:00,239.5,47.0825
2023-01-08 16:41:00,259.603,52.4632
2023-01-08 16:42:00,224.833,42.3593
2023-01-08 16:43:00,128.84,21.5989
2023-01-08 16:44:00,123.243,21.5261
2023-01-08 16:45:00,97.1721,12.7983
2023-01-08 16:46:00,91.7829,11.7605
2023-01-08 16:47:00,94.033,13.2597
2023-01-08 16:48:00,101.765,16.06
2023-01-08 16:49:00,109.628,18.9344
2023-01-08 16:50:00,108.204,18.3307
2023-01-08 16:51:00,95.8982,15.38
2023-01-08 16:52:00,87.9813,12.8429
2023-01-08 16:53:00,74.4419,9.80108
2023-01-08 16:54:00,68.9509,8.66183
2023-01-08 16:55:00,65.3295,8.25281
2023-01-08 16:56:00,65.0487,8.70281
2023-01-08 16:57:00,61.6796,7.89164
2023-01-08 16:58:00,56.0665,6.76721
2023-01-08 16:59:00,51.878,6.14974
2023-01-08 17:00:00,49.591,6.0107
2023-01-08 17:01:00,47.3146,5.66778
2023-01-08 17:02:00,44.9516,5.3545
2023-01-08 17:03:00,42.6115,4.94894
2023-01-08 17:04:00,40.0509,4.60831
2023-01-08 17:05:00,38.0098,4.32122
2023-01-08 17:06:00,38.18,4.79859
2023-01-08 17:07:00,59.6104,11.8142
2023-01-08 17:08:00,85.7427,19.8631
2023-01-08 17:09:00,52.5779,9.60513
2023-01-08 17:10:00,49.3369,9.14488
2023-01-08 17:11:00,88.2615,21.3795
2023-01-08 17:12:00,98.8169,24.6367
2023-01-08 17:13:00,97.6661,24.2391
2023-01-08 17:14:00,95.0041,23.4485
2023-01-08 17:15:00,92.3476,22.6442
2023-01-08 17:16:00,89.5586,21.9025
2023-01-08 17:17:00,86.254,21.0379
2023-01-08 17:18:00,82.875,20.3316
2023-01-08 17:19:00,80.054,19.8462
2023-01-08 17:20:00,77.775,19.3506
2023-01-08 17:21:00,75.0416,18.733
2023-01-08 17:22:00,72.0245,18.1474
2023-01-08 17:23:00,68.6764,17.579
2023-01-08 17:24:00,65.6146,17.1074
2023-01-08 17:25:00,62.651,16.712
2023-01-08 17:26:00,59.7672,15.9396
2023-01-08 17:27:00,57.0249,15.2925
2023-01-08 17:28:00,54.3368,14.7685
2023-01-08 17:29:00,51.5411,14.036
2023-01-08 17:30:00,48.1081,13.4652
2023-01-08 17:31:00,43.456,12.3225
2023-01-08 17:32:00,36.5515,11.5751
2023-01-08 17:33:00,29.6149,10.29
2023-01-08 17:34:00,25.7025,8.33725
2023-01-08 17:35:00,23.344,8.6688
2023-01-08 17:36:00,21.5447,10.0302
2023-01-08 17:37:00,19.9259,9.89239
2023-01-08 17:38:00,18.5697,8.84766
2023-01-08 17:39:00,17.162,5.51183
2023-01-08 17:40:00,15.502,2.52462
2023-01-08 17:41:00,13.922,1.4013
2023-01-08 17:42:00,12.5521,1.21105
2023-01-08 17:43:00,11.3557,1.13358
2023-01-08 17:44:00,10.4196,0.974081
2023-01-08 17:45:00,9.60446,0.855597
2023-01-08 17:46:00,8.79617,0.727997
2023-01-08 17:47:00,7.81782,0.553688
2023-01-08 17:48:00,6.90794,0.405582
2023-01-08 17:49:00,6.10425,0.29963
2023-01-08 17:50:00,5.28684,0.195955
2023-01-08 17:51:00,4.31761,0.0398746
2023-01-08 17:52:00,3.38947,-0.0968385
2023-01-08 17:53:00,2.68624,-0.194816
2023-01-08 17:54:00,2.29923,-0.209627
2023-01-08 17:55:00,2.11542,-0.200513
2023-01-08 17:56:00,1.82545,-0.195955
2023-01-08 17:57:00,1.49667,-0.191399
2023-01-08 17:58:00,1.15989,-0.258617
2023-01-08 17:59:00,0.81512,-0.308745
2023-01-08 18:00:00,0.559394,-0.304187
2023-01-08 18:01:00,0.281981,-0.397609
2023-01-08 18:02:00,-0.0559398,-0.464827
2023-01-08 18:03:00,-0.369888,-0.511539
2023-01-08 18:04:00,-0.825399,-0.598125
2023-01-08 18:05:00,-1.31173,-0.677876
2023-01-08 18:06:00,-1.63367,-0.686989
2023-01-08 18:07:00,-1.85514,-0.750786
2023-01-08 18:08:00,-1.99214,-0.721165
2023-01-08 18:09:00,-2.09944,-0.699517
2023-01-08 18:10:00,-2.13826,-0.698377
2023-01-08 18:11:00,-2.24786,-0.734836
2023-01-08 18:12:00,-2.39285,-0.740535
2023-01-08 18:13:00,-2.48191,-0.739399
2023-01-08 18:14:00,-2.55155,-0.810035
2023-01-08 18:15:00,-2.73306,-0.970672
2023-01-08 18:16:00,-2.85636,-1.04131
2023-01-08 18:17:00,-2.92371,-1.23156
2023-01-08 18:18:00,-2.93056,-1.16549
2023-01-08 18:19:00,-2.91002,-1.02992
2023-01-08 18:20:00,-2.88949,-0.983211
2023-01-08 18:21:00,-2.85751,-0.873834
2023-01-08 18:22:00,-2.85635,-0.808891
2023-01-08 18:23:00,-2.83467,-0.815729
2023-01-08 18:24:00,-2.80158,-0.811176
2023-01-08 18:25:00,-2.77759,-0.845352
2023-01-08 18:26:00,-2.73877,-0.799779
2023-01-08 18:27:00,-2.73534,-0.928518
2023-01-08 18:28:00,-2.781,-1.03447
2023-01-08 18:29:00,-2.76389,-1.06979
2023-01-08 18:30:00,-2.77529,-1.10738
2023-01-08 18:31:00,-2.82896,-1.07549
2023-01-08 18:32:00,-2.86208,-1.0698
2023-01-08 18:33:00,-2.90773,-1.01169
2023-01-08 18:34:00,-2.89974,-1.11992
2023-01-08 18:35:00,-2.81869,-1.06751
2023-01-08 18:36:00,-2.62462,-0.954725
2023-01-08 18:37:00,-2.57781,-0.845352
2023-01-08 18:38:00,-2.64289,-0.879535
2023-01-08 18:39:00,-2.44197,-0.651677
2023-01-08 18:40:00,-2.29584,-0.405589
2023-01-08 18:41:00,-2.29584,-0.358878
2023-01-08 18:42:00,-2.29926,-0.240392
2023-01-08 18:43:00,-2.23419,-0.0330396
2023-01-08 18:44:00,-2.22734,-0.0706363
2023-01-08 18:45:00,-2.29926,-6.8297e-08
2023-01-08 18:46:00,-2.24903,-0.0467112
2023-01-08 18:47:00,-2.17482,0.00683568
2023-01-08 18:48:00,-2.20678,0.127601
2023-01-08 18:49:00,-2.17253,-0.0729145
2023-01-08 18:50:00,-2.22163,-0.154944
2023-01-08 18:51:00,-2.23762,-0.124184
2023-01-08 18:52:00,-2.36892,-0.194821
2023-01-08 18:53:00,-2.41115,-0.202795
2023-01-08 18:54:00,-2.46024,-0.117348
2023-01-08 18:55:00,-2.46138,-0.137855
2023-01-08 18:56:00,-2.54586,-0.202795
2023-01-08 18:57:00,-2.48535,-0.211909
2023-01-08 18:58:00,-2.45566,-0.249505
2023-01-08 18:59:00,-2.39629,-0.27229
2023-01-08 19:00:00,-2.34035,-0.174311
2023-01-08 19:01:00,-2.31181,-0.282544
2023-01-08 19:02:00,-2.40771,-0.360017
2023-01-08 19:03:00,-2.58353,-0.503568
2023-01-08 19:04:00,-2.60294,-0.593572
2023-01-08 19:05:00,-2.40658,-0.488759
2023-01-08 19:06:00,-2.35293,-0.386223
2023-01-08 19:07:00,-2.43398,-0.505848
2023-01-08 19:08:00,-2.60295,-0.545725
2023-01-08 19:09:00,-2.65203,-0.783837
2023-01-08 19:10:00,-2.63947,-0.815736
2023-01-08 19:11:00,-2.54356,-0.766743
2023-01-08 19:12:00,-2.59037,-0.72231
2023-01-08 19:13:00,-2.65659,-0.78953
2023-01-08 19:14:00,-2.69426,-0.636863
2023-01-08 19:15:00,-2.51387,-0.394193
2023-01-08 19:16:00,-2.41797,-0.345204
2023-01-08 19:17:00,-2.38601,-0.33609
2023-01-08 19:18:00,-2.46022,-0.465969
2023-01-08 19:19:00,-2.57323,-0.553693
2023-01-08 19:20:00,-2.53556,-0.65281
2023-01-08 19:21:00,-2.4191,-0.630022
2023-01-08 19:22:00,-2.3586,-0.562804
2023-01-08 19:23:00,-2.30951,-0.582173
2023-01-08 19:24:00,-2.25928,-0.550274
2023-01-08 19:25:00,-2.16796,-0.506983
2023-01-08 19:26:00,-2.08007,-0.369131
2023-01-08 19:27:00,-2.08578,-0.107094
2023-01-08 19:28:00,-2.10063,-0.0273433
2023-01-08 19:29:00,-1.97961,-0.0421542
2023-01-08 19:30:00,-1.97504,-0.0911439
2023-01-08 19:31:00,-1.9111,-0.00341789
2023-01-08 19:32:00,-1.95677,0.058104
2023-01-08 19:33:00,-2.0344,-0.0957006
2023-01-08 19:34:00,-2.1029,-0.054686
2023-01-08 19:35:00,-2.07664,-0.219883
2023-01-08 19:36:00,-2.12002,-0.315584
2023-01-08 19:37:00,-2.12002,-0.240391
2023-01-08 19:38:00,-2.16911,-0.185705
2023-01-08 19:39:00,-2.22162,-0.346344
2023-01-08 19:40:00,-2.19307,-0.243807
2023-01-08 19:41:00,-2.19421,-0.306467
2023-01-08 19:42:00,-2.25928,-0.494449
2023-01-08 19:43:00,-2.11543,-0.501284
2023-01-08 19:44:00,-2.04921,-0.260895
2023-01-08 19:45:00,-2.06178,-0.193678
2023-01-08 19:46:00,-2.00127,-0.218742
2023-01-08 19:47:00,-2.04693,-0.214185
2023-01-08 19:48:00,-2.10744,-0.210767
2023-01-08 19:49:00,-2.0983,-0.105953
2023-01-08 19:50:00,-2.09945,-0.0637996
2023-01-08 19:51:00,-2.0709,-0.125321
2023-01-08 19:52:00,-2.14626,-0.172032
2023-01-08 19:53:00,-2.21475,-0.201653
2023-01-08 19:54:00,-2.29124,-0.218742
2023-01-08 19:55:00,-2.33349,-0.297354
2023-01-08 19:56:00,-2.34834,-0.289379
2023-01-08 19:57:00,-2.31637,-0.257479
2023-01-08 19:58:00,-2.28669,-0.246086
2023-01-08 19:59:00,-2.23531,-0.234693
2023-01-08 20:00:00,-2.23417,-0.276846
2023-01-08 20:01:00,-2.29125,-0.315582
2023-01-08 20:02:00,-2.2844,-0.336089
2023-01-08 20:03:00,-2.36888,-0.465968
2023-01-08 20:04:00,-2.44194,-0.54116
2023-01-08 20:05:00,-2.47048,-0.514957
2023-01-08 20:06:00,-2.44765,-0.361154
2023-01-08 20:07:00,-2.34719,-0.120764
2023-01-08 20:08:00,-2.28554,0.00341788
2023-01-08 20:09:00,-2.12571,0.144689
2023-01-08 20:10:00,-2.08917,0.0763318
2023-01-08 20:11:00,-2.10287,-0.197095
2023-01-08 20:12:00,-2.15423,-0.275704
2023-01-08 20:13:00,-2.19761,-0.312161
2023-01-08 20:14:00,-2.17365,-0.165195
2023-01-08 20:15:00,-2.13826,-0.135574
2023-01-08 20:16:00,-2.10401,-0.181145
2023-01-08 20:17:00,-2.13255,-0.228995
2023-01-08 20:18:00,-2.18165,-0.323556
2023-01-08 20:19:00,-2.14854,-0.438624
2023-01-08 20:20:00,-2.08347,-0.496727
2023-01-08 20:21:00,-2.07434,-0.542299
2023-01-08 20:22:00,-2.09946,-0.532046
2023-01-08 20:23:00,-2.12686,-0.533186
2023-01-08 20:24:00,-2.03439,-0.471665
2023-01-08 20:25:00,-1.97959,-0.347483
2023-01-08 20:26:00,-1.90196,-0.0786108
2023-01-08 20:27:00,-1.76838,0.0808892
2023-01-08 20:28:00,-1.717,0.11051
2023-01-08 20:29:00,-1.67247,0.268869
2023-01-08 20:30:00,-1.63708,0.225576
2023-01-08 20:31:00,-1.68846,0.0694959
2023-01-08 20:32:00,-1.68732,-0.135575
2023-01-08 20:33:00,-1.79235,-0.494448
2023-01-08 20:34:00,-1.91108,-0.540018
2023-01-08 20:35:00,-1.95788,-0.48761
2023-01-08 20:36:00,-1.92591,-0.381656
2023-01-08 20:37:00,-1.88252,-0.291653
2023-01-08 20:38:00,-1.88253,-0.239248
2023-01-08 20:39:00,-1.88025,-0.207348
2023-01-08 20:40:00,-1.90194,-0.273427
2023-01-08 20:41:00,-1.9499,-0.325834
2023-01-08 20:42:00,-2.00812,-0.388495
2023-01-08 20:43:00,-2.00698,-0.432927
2023-01-08 20:44:00,-1.95674,-0.357733
2023-01-08 20:45:00,-1.96359,-0.305326
2023-01-08 20:46:00,-1.98642,-0.353176
2023-01-08 20:47:00,-1.95217,-0.306465
2023-01-08 20:48:00,-1.92706,-0.26887
2023-01-08 20:49:00,-1.99327,-0.259755
2023-01-08 20:50:00,-2.07318,-0.291654
2023-01-08 20:51:00,-2.15309,-0.301907
2023-01-08 20:52:00,-2.09601,-0.223298
2023-01-08 20:53:00,-1.99327,-0.108231
2023-01-08 20:54:00,-1.96016,-0.117345
2023-01-08 20:55:00,-2.03323,-0.25178
2023-01-08 20:56:00,-2.08916,-0.34634
2023-01-08 20:57:00,-2.05264,-0.339505
2023-01-08 20:58:00,-2.00127,-0.121903
2023-01-08 20:59:00,-1.95332,-0.00797497
2023-01-08 21:00:00,-1.8346,0.0262036
2023-01-08 21:01:00,-1.82547,-0.00227856
2023-01-08 21:02:00,-1.87112,-0.0581033
2023-01-08 21:03:00,-1.8757,-0.0501285
2023-01-08 21:04:00,-1.82775,-0.0284821
2023-01-08 21:05:00,-1.92707,-0.313303
2023-01-08 21:06:00,-2.07775,-0.353177
2023-01-08 21:07:00,-2.09716,-0.34634
2023-01-08 21:08:00,-2.14167,-0.341782
2023-01-08 21:09:00,-2.12798,-0.277983
2023-01-08 21:10:00,-1.97272,-0.154942
2023-01-08 21:11:00,-1.95217,-0.162917
2023-01-08 21:12:00,-2.03437,-0.199374
2023-01-08 21:13:00,-2.01954,-0.170892
2023-01-08 21:14:00,-1.95675,-0.186842
2023-01-08 21:15:00,-1.90195,-0.138992
2023-01-08 21:16:00,-1.91564,-0.161777
2023-01-08 21:17:00,-1.96244,-0.129877
2023-01-08 21:18:00,-1.98184,-0.251778
2023-01-08 21:19:00,-1.95901,-0.2814
2023-01-08 21:20:00,-2.01152,-0.323553
2023-01-08 21:21:00,-2.00239,-0.295071
2023-01-08 21:22:00,-1.96471,-0.26431
2023-01-08 21:23:00,-1.94873,-0.281398
2023-01-08 21:24:00,-2.01951,-0.281399
2023-01-08 21:25:00,-2.02978,-0.263171
2023-01-08 21:26:00,-2.00924,-0.203929
2023-01-08 21:27:00,-2.0161,-0.132156
2023-01-08 21:28:00,-2.03321,-0.0410137
2023-01-08 21:29:00,-2.08687,0.0102534
2023-01-08 21:30:00,-2.07203,0.0102534
2023-01-08 21:31:00,-2.06519,0.0227856
2023-01-08 21:32:00,-2.04122,0.00455711
2023-01-08 21:33:00,-2.05834,-0.0136713
2023-01-08 21:34:00,-2.1314,-0.0808885
2023-01-08 21:35:00,-2.08346,-0.0546854
2023-01-08 21:36:00,-2.09259,-0.109371
2023-01-08 21:37:00,-2.11656,-0.238108
2023-01-08 21:38:00,-2.15195,-0.186841
2023-01-08 21:39:00,-2.08916,-0.0558243
2023-01-08 21:40:00,-2.00583,-0.0603816
2023-01-08 21:41:00,-1.94875,-0.0318998
2023-01-08 21:42:00,-1.89738,0.00911423
2023-01-08 21:43:00,-1.93619,-0.00341783
2023-01-08 21:44:00,-1.95559,-0.058103
2023-01-08 21:45:00,-1.89966,-0.0455711
2023-01-08 21:46:00,-1.89394,-0.0170891
2023-01-08 21:47:00,-1.92591,0.0170891
2023-01-08 21:48:00,-1.93047,0.0581028
2023-01-08 21:49:00,-1.92819,0.0581028
2023-01-08 21:50:00,-1.96928,0.0637991
2023-01-08 21:51:00,-1.94531,0.223297
2023-01-08 21:52:00,-1.8928,0.299628
2023-01-08 21:53:00,-1.82658,0.221018
2023-01-08 21:54:00,-1.73867,0.265449
2023-01-08 21:55:00,-1.65762,0.285957
2023-01-08 21:56:00,-1.64963,0.255197
2023-01-08 21:57:00,-1.67931,0.203929
2023-01-08 21:58:00,-1.66105,0.198233
2023-01-08 21:59:00,-1.62224,0.2814
2023-01-08 22:00:00,-1.55602,0.340643
2023-01-08 22:01:00,-1.54804,0.285958
2023-01-08 22:02:00,-1.58685,0.233552
2023-01-08 22:03:00,-1.58114,0.249501
2023-01-08 22:04:00,-1.60397,0.15722
2023-01-08 22:05:00,-1.66219,0.0136713
2023-01-08 22:06:00,-1.66105,-0.00113928
2023-01-08 22:07:00,-1.66218,-0.00113922
2023-01-08 22:08:00,-1.68273,-0.0615203
2023-01-08 22:09:00,-1.69643,-0.0854449
2023-01-08 22:10:00,-1.71699,-0.159498
2023-01-08 22:11:00,-1.75695,-0.240387
2023-01-08 22:12:00,-1.7501,-0.257476
2023-01-08 22:13:00,-1.72727,-0.21874
2023-01-08 22:14:00,-1.6816,-0.167473
2023-01-08 22:15:00,-1.64735,-0.0136712
2023-01-08 22:16:00,-1.64393,0.0911419
2023-01-08 22:17:00,-1.64393,0.148105
2023-01-08 22:18:00,-1.6679,0.115067
2023-01-08 22:19:00,-1.70444,0.095699
2023-01-08 22:20:00,-1.71242,0.0592422
2023-01-08 22:21:00,-1.67703,0.0740526
2023-01-08 22:22:00,-1.62109,0.0637991
2023-01-08 22:23:00,-1.55374,0.160637
2023-01-08 22:24:00,-1.54917,0.173169
2023-01-08 22:25:00,-1.6268,0.148105
2023-01-08 22:26:00,-1.70214,0.126459
2023-01-08 22:27:00,-1.75351,0.034178
2023-01-08 22:28:00,-1.82886,-0.0262031
2023-01-08 22:29:00,-1.91676,-0.148104
2023-01-08 22:30:00,-1.97841,-0.232411
2023-01-08 22:31:00,-2.00924,-0.267728
2023-01-08 22:32:00,-2.00125,-0.271146
2023-01-08 22:33:00,-2.09371,-0.380514
2023-01-08 22:34:00,-2.13024,-0.380513
2023-01-08 22:35:00,-2.05147,-0.35431
2023-01-08 22:36:00,-1.98411,-0.320133
2023-01-08 22:37:00,-1.90306,-0.242663
2023-01-08 22:38:00,-1.84941,-0.136712
2023-01-08 22:39:00,-1.87453,-0.0262032
2023-01-08 22:40:00,-1.82202,-0.0102534
2023-01-08 22:41:00,-1.80603,0.0410137
2023-01-08 22:42:00,-1.80603,0.0786095
2023-01-08 22:43:00,-1.84485,0.112788
2023-01-08 22:44:00,-1.88138,0.0581027
2023-01-08 22:45:00,-1.94418,0.00569636
2023-01-08 22:46:00,-1.98185,-0.0296211
2023-01-08 22:47:00,-1.98071,-0.0717742
2023-01-08 22:48:00,-1.93618,-0.123041
2023-01-08 22:49:00,-1.85627,-0.0581028
2023-01-08 22:50:00,-1.83572,-0.0341782
2023-01-08 22:51:00,-1.84028,-0.097977
2023-01-08 22:52:00,-1.89736,-0.210764
2023-01-08 22:53:00,-1.92247,-0.252916
2023-01-08 22:54:00,-1.96585,-0.283677
2023-01-08 22:55:00,-1.8985,-0.232411
2023-01-08 22:56:00,-1.88023,-0.198233
2023-01-08 22:57:00,-1.86539,-0.137851
2023-01-08 22:58:00,-1.79347,-0.0432922
2023-01-08 22:59:00,-1.77178,0.0182283
2023-01-08 23:00:00,-1.69073,0.0683563
2023-01-08 23:01:00,-1.52406,0.128738
2023-01-08 23:02:00,-1.44415,0.186841
2023-01-08 23:03:00,-1.49552,0.165194
2023-01-08 23:04:00,-1.57771,0.135573
2023-01-08 23:05:00,-1.63365,0.0706345
2023-01-08 23:06:00,-1.64164,0.0284817
2023-01-08 23:07:00,-1.71128,0.0273425
2023-01-08 23:08:00,-1.7284,-0.012532
2023-01-08 23:09:00,-1.71698,-0.0672168
2023-01-08 23:10:00,-1.64392,-0.096838
2023-01-08 23:11:00,-1.67932,-0.145827
2023-01-08 23:12:00,-1.6736,-0.157219
2023-01-08 23:13:00,-1.64848,-0.208486
2023-01-08 23:14:00,-1.70785,-0.288234
2023-01-08 23:15:00,-1.69986,-0.198232
2023-01-08 23:16:00,-1.66903,-0.153801
2023-01-08 23:17:00,-1.65648,-0.142408
2023-01-08 23:18:00,-1.69072,-0.10823
2023-01-08 23:19:00,-1.69529,-0.0956984
2023-01-08 23:20:00,-1.71813,-0.079749
2023-01-08 23:21:00,-1.78434,-0.0911416
2023-01-08 23:22:00,-1.79233,-0.0843059
2023-01-08 23:23:00,-1.85626,-0.0501278
2023-01-08 23:24:00,-1.85055,-0.0205068
2023-01-08 23:25:00,-1.85854,0.105952
2023-01-08 23:26:00,-1.96471,0.0546847
2023-01-08 23:27:00,-2.03891,0.0956982
2023-01-08 23:28:00,-2.06974,0.115066
2023-01-08 23:29:00,-2.05945,0.167471
2023-01-08 23:30:00,-2.01264,0.172027
2023-01-08 23:31:00,-2.01721,0.0968368
2023-01-08 23:32:00,-2.01836,0.056963
2023-01-08 23:33:00,-2.03092,0.00113927
2023-01-08 23:34:00,-2.01266,-0.0546848
2023-01-08 23:35:00,-1.98754,-0.0797486
2023-01-08 23:36:00,-1.97841,0.0068356
2023-01-08 23:37:00,-1.9453,0.0296209
2023-01-08 23:38:00,-1.9727,0.0262031
2023-01-08 23:39:00,-2.03892,-0.0159497
2023-01-08 23:40:00,-2.1097,-0.0558241
2023-01-08 23:41:00,-2.10056,-0.0843056
2023-01-08 23:42:00,-2.11425,-0.104812
2023-01-08 23:43:00,-2.14164,-0.0569628
2023-01-08 23:44:00,-2.14164,-0.0284814
2023-01-08 23:45:00,-2.14621,-0.0193674
2023-01-08 23:46:00,-2.1565,0.00911417
2023-01-08 23:47:00,-2.15079,-0.0592419
2023-01-08 23:48:00,-2.15537,-0.167473
2023-01-08 23:49:00,-2.15423,-0.189119
2023-01-08 23:50:00,-2.1782,-0.176587
2023-01-08 23:51:00,-2.1645,-0.192537
2023-01-08 23:52:00,-2.14737,-0.176587
2023-01-08 23:53:00,-2.13139,-0.15608
2023-01-08 23:54:00,-2.12683,-0.101395
2023-01-08 23:55:00,-2.11198,-0.0615204
2023-01-08 23:56:00,-2.11312,-0.0501277
2023-01-08 23:57:00,-2.11655,-0.0239246
2023-01-08 23:58:00,-2.0823,0.017089
2023-01-08 23:59:00,-2.08345,0.0159498
2023-01-09 00:00:00,-2.07317,-0.0307603
2023-01-09 00:01:00,-2.08687,-0.112788
2023-01-09 00:02:00,-2.11426,-0.149244
2023-01-09 00:03:00,-2.11654,-0.210764
2023-01-09 00:04:00,-2.07088,-0.226714
2023-01-09 00:05:00,-2.12111,-0.235828
2023-01-09 00:06:00,-2.11883,-0.271145
2023-01-09 00:07:00,-2.1291,-0.284817
2023-01-09 00:08:00,-2.12568,-0.300766
2023-01-09 00:09:00,-2.11655,-0.258613
2023-01-09 00:10:00,-2.05604,-0.206207
2023-01-09 00:11:00,-2.06174,-0.141269
2023-01-09 00:12:00,-2.05832,-0.0558239
2023-01-09 00:13:00,-2.03891,-0.0182282
2023-01-09 00:14:00,-2.04689,0.0136711
2023-01-09 00:15:00,-2.02291,0.00683552
2023-01-09 00:16:00,-1.99438,0.0284815
2023-01-09 00:17:00,-2.01037,0.0284816
2023-01-09 00:18:00,-2.05261,-0.021646
2023-01-09 00:19:00,-2.09599,-0.07747
2023-01-09 00:20:00,-2.1428,-0.149244
2023-01-09 00:21:00,-2.13595,-0.238107
2023-01-09 00:22:00,-2.15308,-0.164054
2023-01-09 00:23:00,-2.12795,-0.157218
2023-01-09 00:24:00,-2.12338,-0.140129
2023-01-09 00:25:00,-2.14051,-0.136711
2023-01-09 00:26:00,-2.13479,-0.035317
2023-01-09 00:27:00,-2.15535,-0.141268
2023-01-09 00:28:00,-2.15991,-0.209623
2023-01-09 00:29:00,-2.15762,-0.218737
2023-01-09 00:30:00,-2.13136,-0.197091
2023-01-09 00:31:00,-2.12338,-0.16861
2023-01-09 00:32:00,-2.11424,-0.193673
2023-01-09 00:33:00,-2.03204,-0.154938
2023-01-09 00:34:00,-2.04916,-0.132153
2023-01-09 00:35:00,-2.01948,-0.0615196
2023-01-09 00:36:00,-1.97496,-0.0330384
2023-01-09 00:37:00,-2.00806,-0.0865828
2023-01-09 00:38:00,-2.03432,-0.0455699
2023-01-09 00:39:00,-2.01035,0.013671
2023-01-09 00:40:00,-1.99893,-0.0353167
2023-01-09 00:41:00,-1.98524,-0.0307599
2023-01-09 00:42:00,-1.98296,-0.0296206
2023-01-09 00:43:00,-2.01036,-0.0148103
2023-01-09 00:44:00,-2.00009,-0.00797482
2023-01-09 00:45:00,-1.98297,-0.00797482
2023-01-09 00:46:00,-1.95442,-0.00569629
2023-01-09 00:47:00,-1.91447,-0.0170889
2023-01-09 00:48:00,-1.9099,-0.03076
2023-01-09 00:49:00,-1.88821,-0.0318992
2023-01-09 00:50:00,-1.86652,-0.0307599
2023-01-09 00:51:00,-1.87109,-0.0205067
2023-01-09 00:52:00,-1.88251,-0.0239246
2023-01-09 00:53:00,-1.85511,-0.0170889
2023-01-09 00:54:00,-1.80145,-0.0136711
2023-01-09 00:55:00,-1.75465,0.0102533
2023-01-09 00:56:00,-1.71013,0.017089
2023-01-09 00:57:00,-1.68044,0.0296208
2023-01-09 00:58:00,-1.70099,0.0364563
2023-01-09 00:59:00,-1.70556,0.0318993
2023-01-09 01:00:00,-1.69871,0.0273423
2023-01-09 01:01:00,-1.68957,0.0170889
2023-01-09 01:02:00,-1.67359,-0.0330386
2023-01-09 01:03:00,-1.62337,-0.0410136
2023-01-09 01:04:00,-1.6131,-0.0740524
2023-01-09 01:05:00,-1.61082,-0.12532
2023-01-09 01:06:00,-1.59712,-0.161777
2023-01-09 01:07:00,-1.59939,-0.133294
2023-01-09 01:08:00,-1.64391,-0.190257
2023-01-09 01:09:00,-1.66104,-0.21646
2023-01-09 01:10:00,-1.6051,-0.233548
2023-01-09 01:11:00,-1.5423,-0.182281
2023-01-09 01:12:00,-1.44413,-0.125319
2023-01-09 01:13:00,-1.38591,-0.0330386
2023-01-09 01:14:00,-1.33568,-0.00341774
2023-01-09 01:15:00,-1.28887,-0.00113928
2023-01-09 01:16:00,-1.24662,0.0364561
2023-01-09 01:17:00,-1.21466,0.0649376
2023-01-09 01:18:00,-1.18042,0.118483
2023-01-09 01:19:00,-1.20324,0.0865833
2023-01-09 01:20:00,-1.27744,0.086583
2023-01-09 01:21:00,-1.34137,0.0740511
2023-01-09 01:22:00,-1.32539,0.0603802
2023-01-09 01:23:00,-1.28658,0.0740513
2023-01-09 01:24:00,-1.25918,0.117343
2023-01-09 01:25:00,-1.29572,0.141268
2023-01-09 01:26:00,-1.32883,0.13899
2023-01-09 01:27:00,-1.31855,0.0991157
2023-01-09 01:28:00,-1.29229,0.079748
2023-01-09 01:29:00,-1.23636,0.115066
2023-01-09 01:30:00,-1.20668,0.160636
2023-01-09 01:31:00,-1.12676,0.160636
2023-01-09 01:32:00,-1.09593,0.116204
2023-01-09 01:33:00,-1.06511,0.190256
2023-01-09 01:34:00,-1.06511,0.250637
2023-01-09 01:35:00,-1.0674,0.299624
2023-01-09 01:36:00,-1.08566,0.262029
2023-01-09 01:37:00,-1.07311,0.293929
2023-01-09 01:38:00,-1.06284,0.305323
2023-01-09 01:39:00,-1.07768,0.27798
2023-01-09 01:40:00,-1.10507,0.270003
2023-01-09 01:41:00,-1.15302,0.296207
2023-01-09 01:42:00,-1.22266,0.291651
2023-01-09 01:43:00,-1.29229,0.273422
2023-01-09 01:44:00,-1.29801,0.242663
2023-01-09 01:45:00,-1.26148,0.242664
2023-01-09 01:46:00,-1.21353,0.31216
2023-01-09 01:47:00,-1.17472,0.403301
2023-01-09 01:48:00,-1.16787,0.471657
2023-01-09 01:49:00,-1.17587,0.565079
2023-01-09 01:50:00,-1.17815,0.582167
2023-01-09 01:51:00,-1.20554,0.554823
2023-01-09 01:52:00,-1.2512,0.544568
2023-01-09 01:53:00,-1.30714,0.522921
2023-01-09 01:54:00,-1.32655,0.427224
2023-01-09 01:55:00,-1.32312,0.337221
2023-01-09 01:56:00,-1.24207,0.374818
2023-01-09 01:57:00,-1.15417,0.410136
2023-01-09 01:58:00,-1.03886,0.442034
2023-01-09 01:59:00,-0.965796,0.471653
2023-01-09 02:00:00,-0.918995,0.530898
2023-01-09 02:01:00,-0.865342,0.592419
2023-01-09 02:02:00,-0.88018,0.632292
2023-01-09 02:03:00,-0.888175,0.568495
2023-01-09 02:04:00,-0.925848,0.502418
2023-01-09 02:05:00,-0.963521,0.440897
2023-01-09 02:06:00,-0.996625,0.383933
2023-01-09 02:07:00,-1.08567,0.33836
2023-01-09 02:08:00,-1.15873,0.307601
2023-01-09 02:09:00,-1.2318,0.314438
2023-01-09 02:10:00,-1.24321,0.311019
2023-01-09 02:11:00,-1.20211,0.272284
2023-01-09 02:12:00,-1.13476,0.281398
2023-01-09 02:13:00,-1.09708,0.290511
2023-01-09 02:14:00,-1.11991,0.266586
2023-01-09 02:15:00,-1.19069,0.210762
2023-01-09 02:16:00,-1.23636,0.173167
2023-01-09 02:17:00,-1.24778,0.167472
2023-01-09 02:18:00,-1.26719,0.150383
2023-01-09 02:19:00,-1.24207,0.129876
2023-01-09 02:20:00,-1.21353,0.121901
2023-01-09 02:21:00,-1.16558,0.129876
2023-01-09 02:22:00,-1.19297,0.124179
2023-01-09 02:23:00,-1.23065,0.120761
2023-01-09 02:24:00,-1.30942,0.136711
2023-01-09 02:25:00,-1.35167,0.10823
2023-01-09 02:26:00,-1.39734,0.0900026
2023-01-09 02:27:00,-1.36309,0.0968382
2023-01-09 02:28:00,-1.33112,0.126459
2023-01-09 02:29:00,-1.36422,0.129876
2023-01-09 02:30:00,-1.38477,0.145825
2023-01-09 02:31:00,-1.41216,0.157217
2023-01-09 02:32:00,-1.46695,0.170888
2023-01-09 02:33:00,-1.51034,0.170888
2023-01-09 02:34:00,-1.58112,0.174307
2023-01-09 02:35:00,-1.61994,0.181143
2023-01-09 02:36:00,-1.66561,0.168611
2023-01-09 02:37:00,-1.75579,0.173167
2023-01-09 02:38:00,-1.79459,0.172027
2023-01-09 02:39:00,-1.81399,0.172026
2023-01-09 02:40:00,-1.82427,0.112786
2023-01-09 02:41:00,-1.8334,0.0672157
2023-01-09 02:42:00,-1.82084,0.0649373
2023-01-09 02:43:00,-1.79573,0.0672159
2023-01-09 02:44:00,-1.80944,0.0660771
2023-01-09 02:45:00,-1.85282,0.0660769
2023-01-09 02:46:00,-1.8825,0.0683553
2023-01-09 02:47:00,-1.88707,0.0694948
2023-01-09 02:48:00,-1.8414,0.0729124
2023-01-09 02:49:00,-1.8551,0.0797478
2023-01-09 02:50:00,-1.84939,0.136711
2023-01-09 02:51:00,-1.87451,0.16861
2023-01-09 02:52:00,-1.92246,0.189117
2023-01-09 02:53:00,-1.99439,0.186839
2023-01-09 02:54:00,-1.99781,0.16975
2023-01-09 02:55:00,-1.96014,0.137851
2023-01-09 02:56:00,-1.94872,0.0774697
2023-01-09 02:57:00,-1.92475,0.0569631
2023-01-09 02:58:00,-1.97498,0.0182282
2023-01-09 02:59:00,-2.0195,-0.0227852
2023-01-09 03:00:00,-2.04005,-0.0239245
2023-01-09 03:01:00,-2.07772,-0.0444311
2023-01-09 03:02:00,-2.12795,-0.110509
2023-01-09 03:03:00,-2.1428,-0.157219
2023-01-09 03:04:00,-2.16335,-0.173168
2023-01-09 03:05:00,-2.16905,-0.109369
2023-01-09 03:06:00,-2.16904,-0.120761
2023-01-09 03:07:00,-2.17133,-0.149243
2023-01-09 03:08:00,-2.17703,-0.170889
2023-01-09 03:09:00,-2.1679,-0.172028
2023-01-09 03:10:00,-2.14964,-0.154939
2023-01-09 03:11:00,-2.14963,-0.149243
2023-01-09 03:12:00,-2.15191,-0.170888
2023-01-09 03:13:00,-2.13936,-0.182281
2023-01-09 03:14:00,-2.14964,-0.176585
2023-01-09 03:15:00,-2.14393,-0.194813
2023-01-09 03:16:00,-2.14735,-0.209624
2023-01-09 03:17:00,-2.14392,-0.192534
2023-01-09 03:18:00,-2.12338,-0.173167
2023-01-09 03:19:00,-2.12336,-0.158356
2023-01-09 03:20:00,-2.11994,-0.129875
2023-01-09 03:21:00,-2.10283,-0.0637983
2023-01-09 03:22:00,-2.09712,-0.0649377
2023-01-09 03:23:00,-2.07658,-0.0649378
2023-01-09 03:24:00,-2.08457,-0.0524059
2023-01-09 03:25:00,-2.10969,-0.0546846
2023-01-09 03:26:00,-2.11311,-0.0318993
2023-01-09 03:27:00,-2.10169,-0.0170889
2023-01-09 03:28:00,-2.08684,0.013671
2023-01-09 03:29:00,-2.04002,0.0364559
2023-01-09 03:30:00,-2.00805,0.0489875
2023-01-09 03:31:00,-1.9761,0.0478485
2023-01-09 03:32:00,-1.93728,0.0364558
2023-01-09 03:33:00,-1.91672,0.0296202
2023-01-09 03:34:00,-1.89732,0.0375951
2023-01-09 03:35:00,-1.9099,0.0170888
2023-01-09 03:36:00,-1.97268,-0.0193673
2023-01-09 03:37:00,-1.99095,-0.0102533
2023-01-09 03:38:00,-1.96925,0.00455699
2023-01-09 03:39:00,-1.96468,0.0353167
2023-01-09 03:40:00,-1.93044,0.0672158
2023-01-09 03:41:00,-1.88363,0.0831652
2023-01-09 03:42:00,-1.88249,0.0979755
2023-01-09 03:43:00,-1.88364,0.124179
2023-01-09 03:44:00,-1.8825,0.0911406
2023-01-09 03:45:00,-1.91219,0.0717734
2023-01-09 03:46:00,-1.97155,0.0398741
2023-01-09 03:47:00,-2.01835,-0.0512664
2023-01-09 03:48:00,-2.02634,-0.0991153
2023-01-09 03:49:00,-2.07087,-0.142407
2023-01-09 03:50:00,-2.0583,-0.125318
2023-01-09 03:51:00,-2.02177,-0.0979759
2023-01-09 03:52:00,-2.01378,-0.104811
2023-01-09 03:53:00,-1.96469,-0.0877226
2023-01-09 03:54:00,-1.9019,-0.0877226
2023-01-09 03:55:00,-1.87337,-0.0740517
2023-01-09 03:56:00,-1.84939,-0.0569628
2023-01-09 03:57:00,-1.77634,-0.0113926
2023-01-09 03:58:00,-1.69185,0.0193673
2023-01-09 03:59:00,-1.63021,0.0660769
2023-01-09 04:00:00,-1.60737,0.105951
2023-01-09 04:01:00,-1.59481,0.127597
2023-01-09 04:02:00,-1.60166,0.138989
2023-01-09 04:03:00,-1.60966,0.16861
2023-01-09 04:04:00,-1.60167,0.192534
2023-01-09 04:05:00,-1.60737,0.197091
2023-01-09 04:06:00,-1.61423,0.190256
2023-01-09 04:07:00,-1.62336,0.187978
2023-01-09 04:08:00,-1.65189,0.177723
2023-01-09 04:09:00,-1.68728,0.173167
2023-01-09 04:10:00,-1.68957,0.127597
2023-01-09 04:11:00,-1.74551,0.104812
2023-01-09 04:12:00,-1.77518,0.125318
2023-01-09 04:13:00,-1.83226,0.116204
2023-01-09 04:14:00,-1.86879,0.0843045
2023-01-09 04:15:00,-1.88021,0.0831654
2023-01-09 04:16:00,-1.87336,0.0729123
2023-01-09 04:17:00,-1.84254,0.0991149
2023-01-09 04:18:00,-1.7946,0.135572
2023-01-09 04:19:00,-1.75579,0.177725
2023-01-09 04:20:00,-1.74666,0.161776
2023-01-09 04:21:00,-1.74438,0.168611
2023-01-09 04:22:00,-1.74666,0.162915
2023-01-09 04:23:00,-1.76035,0.162914
2023-01-09 04:24:00,-1.74779,0.175445
2023-01-09 04:25:00,-1.72039,0.203927
2023-01-09 04:26:00,-1.71582,0.205066
2023-01-09 04:27:00,-1.69071,0.20051
2023-01-09 04:28:00,-1.68615,0.20051
2023-01-09 04:29:00,-1.67931,0.205068
2023-01-09 04:30:00,-1.67017,0.304184
2023-01-09 04:31:00,-1.63593,0.349754
2023-01-09 04:32:00,-1.60967,0.330387
2023-01-09 04:33:00,-1.62337,0.311019
2023-01-09 04:34:00,-1.64048,0.277979
2023-01-09 04:35:00,-1.65076,0.267726
2023-01-09 04:36:00,-1.67815,0.211902
2023-01-09 04:37:00,-1.68157,0.194813
2023-01-09 04:38:00,-1.67587,0.180003
2023-01-09 04:39:00,-1.66788,0.15266
2023-01-09 04:40:00,-1.64733,0.13785
2023-01-09 04:41:00,-1.62793,0.136711
2023-01-09 04:42:00,-1.59825,0.135572
2023-01-09 04:43:00,-1.52975,0.184561
2023-01-09 04:44:00,-1.47153,0.205067
2023-01-09 04:45:00,-1.44983,0.207345
2023-01-09 04:46:00,-1.44641,0.232408
2023-01-09 04:47:00,-1.43156,0.256332
2023-01-09 04:48:00,-1.40873,0.271141
2023-01-09 04:49:00,-1.39617,0.293926
2023-01-09 04:50:00,-1.38703,0.284812
2023-01-09 04:51:00,-1.37904,0.28709
2023-01-09 04:52:00,-1.39047,0.306459
2023-01-09 04:53:00,-1.38932,0.318991
2023-01-09 04:54:00,-1.39275,0.324687
2023-01-09 04:55:00,-1.39731,0.317851
2023-01-09 04:56:00,-1.39959,0.340636
2023-01-09 04:57:00,-1.419,0.338357
2023-01-09 04:58:00,-1.45782,0.308738
2023-01-09 04:59:00,-1.53774,0.300764
2023-01-09 05:00:00,-1.57656,0.274561
2023-01-09 05:01:00,-1.57085,0.268865
2023-01-09 05:02:00,-1.53545,0.272283
2023-01-09 05:03:00,-1.54459,0.270005
2023-01-09 05:04:00,-1.59597,0.266587
2023-01-09 05:05:00,-1.60395,0.235827
2023-01-09 05:06:00,-1.58911,0.227852
2023-01-09 05:07:00,-1.57769,0.24608
2023-01-09 05:08:00,-1.5697,0.249497
2023-01-09 05:09:00,-1.57198,0.252914
2023-01-09 05:10:00,-1.55486,0.236965
2023-01-09 05:11:00,-1.53431,0.233547
2023-01-09 05:12:00,-1.51147,0.25975
2023-01-09 05:13:00,-1.50006,0.238103
2023-01-09 05:14:00,-1.49891,0.252913
2023-01-09 05:15:00,-1.46353,0.251775
2023-01-09 05:16:00,-1.44299,0.26089
2023-01-09 05:17:00,-1.42472,0.270005
2023-01-09 05:18:00,-1.43157,0.255195
2023-01-09 05:19:00,-1.43043,0.264308
2023-01-09 05:20:00,-1.41216,0.265447
2023-01-09 05:21:00,-1.43956,0.280257
2023-01-09 05:22:00,-1.46125,0.289371
2023-01-09 05:23:00,-1.48522,0.281396
2023-01-09 05:24:00,-1.44184,0.289371
2023-01-09 05:25:00,-1.43842,0.285953
2023-01-09 05:26:00,-1.44641,0.317852
2023-01-09 05:27:00,-1.47152,0.329245
2023-01-09 05:28:00,-1.56171,0.331524
2023-01-09 05:29:00,-1.57998,0.309879
2023-01-09 05:30:00,-1.61194,0.279119
2023-01-09 05:31:00,-1.61309,0.259751
2023-01-09 05:32:00,-1.59368,0.247219
2023-01-09 05:33:00,-1.60852,0.234688
2023-01-09 05:34:00,-1.65647,0.234688
2023-01-09 05:35:00,-1.70442,0.217599
2023-01-09 05:36:00,-1.72953,0.193674
2023-01-09 05:37:00,-1.79003,0.165192
2023-01-09 05:38:00,-1.81285,0.157217
2023-01-09 05:39:00,-1.84254,0.144686
2023-01-09 05:40:00,-1.84712,0.142408
2023-01-09 05:41:00,-1.84941,0.132155
2023-01-09 05:42:00,-1.85397,0.112787
2023-01-09 05:43:00,-1.82429,0.120762
2023-01-09 05:44:00,-1.81173,0.110508
2023-01-09 05:45:00,-1.8083,0.105951
2023-01-09 05:46:00,-1.77405,0.142408
2023-01-09 05:47:00,-1.75921,0.192535
2023-01-09 05:48:00,-1.75008,0.221016
2023-01-09 05:49:00,-1.7318,0.251775
2023-01-09 05:50:00,-1.68614,0.27456
2023-01-09 05:51:00,-1.68729,0.324688
2023-01-09 05:52:00,-1.693,0.316714
2023-01-09 05:53:00,-1.73295,0.265447
2023-01-09 05:54:00,-1.77976,0.267726
2023-01-09 05:55:00,-1.82543,0.21646
2023-01-09 05:56:00,-1.88023,0.203928
2023-01-09 05:57:00,-1.88822,0.160636
2023-01-09 05:58:00,-1.86424,0.164053
2023-01-09 05:59:00,-1.84711,0.272283
2023-01-09 06:00:00,-1.84483,0.254055
2023-01-09 06:01:00,-1.84027,0.168611
2023-01-09 06:02:00,-1.85283,0.174307
2023-01-09 06:03:00,-1.82201,0.202789
2023-01-09 06:04:00,-1.84597,0.207345
2023-01-09 06:05:00,-1.87451,0.244941
2023-01-09 06:06:00,-1.89278,0.214181
2023-01-09 06:07:00,-1.85968,0.254056
2023-01-09 06:08:00,-1.78889,0.317854
2023-01-09 06:09:00,-1.7672,0.295068
2023-01-09 06:10:00,-1.76606,0.297347
2023-01-09 06:11:00,-1.73296,0.283677
2023-01-09 06:12:00,-1.71013,0.298487
2023-01-09 06:13:00,-1.69757,0.296208
2023-01-09 06:14:00,-1.71012,0.280258
2023-01-09 06:15:00,-1.70784,0.293929
2023-01-09 06:16:00,-1.68729,0.272283
2023-01-09 06:17:00,-1.63477,0.276839
2023-01-09 06:18:00,-1.59481,0.308738
2023-01-09 06:19:00,-1.55942,0.307599
2023-01-09 06:20:00,-1.52974,0.312155
2023-01-09 06:21:00,-1.50349,0.328106
2023-01-09 06:22:00,-1.52061,0.256333
2023-01-09 06:23:00,-1.57085,0.219877
2023-01-09 06:24:00,-1.52633,0.205067
2023-01-09 06:25:00,-1.43043,0.224435
2023-01-09 06:26:00,-1.29801,0.260892
2023-01-09 06:27:00,-1.10052,0.315577
2023-01-09 06:28:00,-0.896165,0.277981
2023-01-09 06:29:00,-0.694097,0.311019
2023-01-09 06:30:00,-0.461209,0.303044
2023-01-09 06:31:00,-0.234028,0.305321
2023-01-09 06:32:00,0.0182658,0.325829
2023-01-09 06:33:00,0.344765,0.364564
2023-01-09 06:34:00,0.689529,0.39988
2023-01-09 06:35:00,1.07882,0.456846
2023-01-09 06:36:00,1.50237,0.512672
2023-01-09 06:37:00,1.9476,0.575333
2023-01-09 06:38:00,2.37912,0.626596
2023-01-09 06:39:00,2.88599,0.671029
2023-01-09 06:40:00,3.36774,0.690394
2023-01-09 06:41:00,3.88147,0.72799
2023-01-09 06:42:00,4.42602,0.79065
2023-01-09 06:43:00,4.99567,0.869257
2023-01-09 06:44:00,5.56649,0.953565
2023-01-09 06:45:00,6.19322,1.02534
2023-01-09 06:46:00,6.93982,1.09027
2023-01-09 06:47:00,7.78914,1.20192
2023-01-09 06:48:00,8.71844,1.35117
2023-01-09 06:49:00,9.75386,1.51066
2023-01-09 06:50:00,10.7859,1.64737
2023-01-09 06:51:00,11.7551,1.78522
2023-01-09 06:52:00,12.7917,1.95269
2023-01-09 06:53:00,13.7906,2.09054
2023-01-09 06:54:00,14.6879,2.22043
2023-01-09 06:55:00,15.8238,2.39245
2023-01-09 06:56:00,17.4016,2.62373
2023-01-09 06:57:00,18.6665,2.80374
2023-01-09 06:58:00,19.1756,2.88234
2023-01-09 06:59:00,19.4632,2.91082
2023-01-09 07:00:00,20.1448,2.94158
2023-01-09 07:01:00,21.0719,3.06691
2023-01-09 07:02:00,22.1793,3.26742
2023-01-09 07:03:00,23.2637,3.4007
2023-01-09 07:04:00,24.4761,3.52488
2023-01-09 07:05:00,25.8711,3.69236
2023-01-09 07:06:00,27.3131,3.8906
2023-01-09 07:07:00,28.8166,4.05922
2023-01-09 07:08:00,30.4001,4.26544
2023-01-09 07:09:00,31.9812,4.46025
2023-01-09 07:10:00,33.5749,4.68582
2023-01-09 07:11:00,35.3969,4.95013
2023-01-09 07:12:00,37.43,5.24519
2023-01-09 07:13:00,39.6413,5.54254
2023-01-09 07:14:00,42.5995,6.00968
2023-01-09 07:15:00,45.6955,6.52575
2023-01-09 07:16:00,47.787,6.90172
2023-01-09 07:17:00,49.6259,7.20815
2023-01-09 07:18:00,51.489,7.50436
2023-01-09 07:19:00,53.1978,7.79712
2023-01-09 07:20:00,54.6001,8.06035
2023-01-09 07:21:00,55.9643,8.28592
2023-01-09 07:22:00,57.4951,8.53541
2023-01-09 07:23:00,59.1219,8.79972
2023-01-09 07:24:00,61.2347,9.16766
2023-01-09 07:25:00,65.0455,9.80565
2023-01-09 07:26:00,71.1087,10.8629
2023-01-09 07:27:00,78.4357,12.4283
2023-01-09 07:28:00,84.756,13.8456
2023-01-09 07:29:00,90.6158,16.1047
2023-01-09 07:30:00,97.1797,17.629
2023-01-09 07:31:00,94.5002,14.987
2023-01-09 07:32:00,93.7939,14.4152
2023-01-09 07:33:00,96.1808,14.7535
2023-01-09 07:34:00,100.459,15.4507
2023-01-09 07:35:00,106.115,16.3859
2023-01-09 07:36:00,112.252,17.3601
2023-01-09 07:37:00,117.301,18.1588
2023-01-09 07:38:00,120.548,18.7297
2023-01-09 07:39:00,124.855,19.4098
2023-01-09 07:40:00,147.714,24.3485
2023-01-09 07:41:00,161.21,25.5082
2023-01-09 07:42:00,200.296,33.294
2023-01-09 07:43:00,221.578,37.1299
2023-01-09 07:44:00,225.465,37.8021
2023-01-09 07:45:00,229.295,39.8846
2023-01-09 07:46:00,236.917,44.6468
2023-01-09 07:47:00,270.928,53.2163
2023-01-09 07:48:00,250.249,48.9292
2023-01-09 07:49:00,213.687,38.9195
2023-01-09 07:50:00,198.891,32.8894
2023-01-09 07:51:00,160.604,25.0604
2023-01-09 07:52:00,149.957,22.0927
2023-01-09 07:53:00,165.675,23.8837
2023-01-09 07:54:00,163.184,26.062
2023-01-09 07:55:00,148.365,22.8457
2023-01-09 07:56:00,161.91,24.1559
2023-01-09 07:57:00,167.861,25.1675
2023-01-09 07:58:00,217.264,37.4306
2023-01-09 07:59:00,178.49,29.8977
2023-01-09 08:00:00,181.237,29.9558
2023-01-09 08:01:00,168.515,25.3488
2023-01-09 08:02:00,172.821,26.455
2023-01-09 08:03:00,179.772,27.2571
2023-01-09 08:04:00,182.614,27.616
2023-01-09 08:05:00,184.783,28.1001
2023-01-09 08:06:00,180.049,26.8662
2023-01-09 08:07:00,177.192,26.0289
2023-01-09 08:08:00,176.125,25.6518
2023-01-09 08:09:00,177.2,25.621
2023-01-09 08:10:00,180.249,26.0333
2023-01-09 08:11:00,184.756,26.8137
2023-01-09 08:12:00,190.201,27.7662
2023-01-09 08:13:00,196.035,28.7186
2023-01-09 08:14:00,202.948,29.9273
2023-01-09 08:15:00,211.015,31.5176
2023-01-09 08:16:00,218.938,32.992
2023-01-09 08:17:00,229.685,34.5516
2023-01-09 08:18:00,257.609,38.3842
2023-01-09 08:19:00,247.696,39.0073
2023-01-09 08:20:00,248.214,40.4702
2023-01-09 08:21:00,246.956,37.702
2023-01-09 08:22:00,256.966,39.0668
2023-01-09 08:23:00,290.266,42.849
2023-01-09 08:24:00,279.633,42.7225
2023-01-09 08:25:00,240.457,36.0236
2023-01-09 08:26:00,254.2,37.247
2023-01-09 08:27:00,305.966,46.5524
2023-01-09 08:28:00,280.382,43.4275
2023-01-09 08:29:00,279.195,41.3792
2023-01-09 08:30:00,266.045,40.8153
2023-01-09 08:31:00,256.299,38.0754
2023-01-09 08:32:00,257.382,37.6334
2023-01-09 08:33:00,277.232,41.3018
2023-01-09 08:34:00,284.698,43.2727
2023-01-09 08:35:00,298.034,44.5385
2023-01-09 08:36:00,290.25,44.3323
2023-01-09 08:37:00,276.9,41.8806
2023-01-09 08:38:00,270.084,40.7756
2023-01-09 08:39:00,267.425,40.4338
2023-01-09 08:40:00,274.101,41.2814
2023-01-09 08:41:00,280.948,41.7313
2023-01-09 08:42:00,274.742,40.9849
2023-01-09 08:43:00,274.161,38.2336
2023-01-09 08:44:00,284.819,37.9385
2023-01-09 08:45:00,258.729,36.2158
2023-01-09 08:46:00,244.46,35.2544
2023-01-09 08:47:00,304.222,49.9463
2023-01-09 08:48:00,439.065,66.3736
2023-01-09 08:49:00,481.19,79.4921
2023-01-09 08:50:00,488.805,80.1184
2023-01-09 08:51:00,481.97,78.4687
2023-01-09 08:52:00,476.978,77.1869
2023-01-09 08:53:00,474.009,76.2871
2023-01-09 08:54:00,473.515,75.8725
2023-01-09 08:55:00,474.142,75.5534
2023-01-09 08:56:00,476.225,75.6898
2023-01-09 08:57:00,478.34,75.6577
2023-01-09 08:58:00,480.99,75.7134
2023-01-09 08:59:00,484.144,75.9742
2023-01-09 09:00:00,487.251,76.1997
2023-01-09 09:01:00,490.843,76.601
2023-01-09 09:02:00,493.728,76.5284
2023-01-09 09:03:00,497.102,76.5534
2023-01-09 09:04:00,501.44,77.3176
2023-01-09 09:05:00,505.928,77.5442
2023-01-09 09:06:00,509.9,77.9439
2023-01-09 09:07:00,514.268,78.5445
2023-01-09 09:08:00,518.29,78.8956
2023-01-09 09:09:00,522.369,79.6032
2023-01-09 09:10:00,526.128,79.9019
2023-01-09 09:11:00,528.779,79.7604
2023-01-09 09:12:00,529.208,80.119
2023-01-09 09:13:00,530.916,80.4357
2023-01-09 09:14:00,531.209,80.6978
2023-01-09 09:15:00,532.839,80.5051
2023-01-09 09:16:00,535.016,80.5885
2023-01-09 09:17:00,539.783,81.058
2023-01-09 09:18:00,545.304,81.3927
2023-01-09 09:19:00,549.658,82.3717
2023-01-09 09:20:00,552.836,83.1737
2023-01-09 09:21:00,557.595,83.6478
2023-01-09 09:22:00,566.146,84.1012
2023-01-09 09:23:00,572.371,84.8289
2023-01-09 09:24:00,575.828,84.9609
2023-01-09 09:25:00,579.063,85.468
2023-01-09 09:26:00,580.773,85.4279
2023-01-09 09:27:00,583.821,85.5986
2023-01-09 09:28:00,587.328,86.0155
2023-01-09 09:29:00,590.616,85.7514
2023-01-09 09:30:00,593.677,86.4975
2023-01-09 09:31:00,596.346,86.5114
2023-01-09 09:32:00,599.088,86.8098
2023-01-09 09:33:00,601.868,88.7524
2023-01-09 09:34:00,604.773,94.3653
2023-01-09 09:35:00,608.256,98.422
2023-01-09 09:36:00,610.961,96.7779
2023-01-09 09:37:00,614.785,92.7415
2023-01-09 09:38:00,618.266,94.7146
2023-01-09 09:39:00,621.092,98.9366
2023-01-09 09:40:00,622.638,98.8363
2023-01-09 09:41:00,624.693,92.2138
2023-01-09 09:42:00,628.041,89.8977
2023-01-09 09:43:00,631.417,88.9442
2023-01-09 09:44:00,634.981,88.9658
2023-01-09 09:45:00,638.623,89.3167
2023-01-09 09:46:00,641.382,89.157
2023-01-09 09:47:00,644.74,88.0814
2023-01-09 09:48:00,649.239,90.0501
2023-01-09 09:49:00,651.452,91.2281
2023-01-09 09:50:00,654.052,91.0391
2023-01-09 09:51:00,656.923,91.0676
2023-01-09 09:52:00,660.246,89.9383
2023-01-09 09:53:00,662.961,91.2861
2023-01-09 09:54:00,665.917,91.874
2023-01-09 09:55:00,668.833,90.8875
2023-01-09 09:56:00,670.998,91.366
2023-01-09 09:57:00,673.378,92.3697
2023-01-09 09:58:00,675.737,92.717
2023-01-09 09:59:00,678.297,93.601
2023-01-09 10:00:00,681.409,94.3872
2023-01-09 10:01:00,685.33,95.0776
2023-01-09 10:02:00,688.581,94.2642
2023-01-09 10:03:00,691.588,94.3281
2023-01-09 10:04:00,694.255,95.6906
2023-01-09 10:05:00,698.039,95.6291
2023-01-09 10:06:00,701.159,96.8254
2023-01-09 10:07:00,704.106,97.4497
2023-01-09 10:08:00,707.234,97.346
2023-01-09 10:09:00,709.866,97.5101
2023-01-09 10:10:00,712.75,97.714
2023-01-09 10:11:00,716.426,96.8676
2023-01-09 10:12:00,717.881,98.0135
2023-01-09 10:13:00,719.132,98.757
2023-01-09 10:14:00,720.561,97.7496
2023-01-09 10:15:00,722.972,97.8872
2023-01-09 10:16:00,725.819,99.0751
2023-01-09 10:17:00,729.711,99.8157
2023-01-09 10:18:00,732.334,99.5947
2023-01-09 10:19:00,735.713,100.636
2023-01-09 10:20:00,739.432,100.932
2023-01-09 10:21:00,741.528,101.208
2023-01-09 10:22:00,744.446,101.612
2023-01-09 10:23:00,747.988,102.188
2023-01-09 10:24:00,750.552,103.125
2023-01-09 10:25:00,752.845,103.174
2023-01-09 10:26:00,754.973,102.765
2023-01-09 10:27:00,756.955,102.707
2023-01-09 10:28:00,759.722,103.357
2023-01-09 10:29:00,761.82,103.832
2023-01-09 10:30:00,766.086,104.502
2023-01-09 10:31:00,768.739,104.761
2023-01-09 10:32:00,771.629,105.412
2023-01-09 10:33:00,775.919,105.836
2023-01-09 10:34:00,777.124,105.862
2023-01-09 10:35:00,781.675,106.548
2023-01-09 10:36:00,785.006,107.333
2023-01-09 10:37:00,790.125,107.674
2023-01-09 10:38:00,792.332,107.55
2023-01-09 10:39:00,799.815,108.583
2023-01-09 10:40:00,809.412,110.245
2023-01-09 10:41:00,819.171,111.782
2023-01-09 10:42:00,831.911,113.943
2023-01-09 10:43:00,770.215,104.595
2023-01-09 10:44:00,831.234,112.787
2023-01-09 10:45:00,840.777,115.598
2023-01-09 10:46:00,832.145,115.667
2023-01-09 10:47:00,852.486,117.655
2023-01-09 10:48:00,859.571,117.991
2023-01-09 10:49:00,709.267,93.8235
2023-01-09 10:50:00,854.412,117.891
2023-01-09 10:51:00,838.057,110.98
2023-01-09 10:52:00,826.44,114.537
2023-01-09 10:53:00,817.966,107.223
2023-01-09 10:54:00,907.28,126.659
2023-01-09 10:55:00,947.356,131.062
2023-01-09 10:56:00,909.052,122.202
2023-01-09 10:57:00,892.421,119.115
2023-01-09 10:58:00,905.989,122.636
2023-01-09 10:59:00,892.564,125.561
2023-01-09 11:00:00,637.578,91.6565
2023-01-09 11:01:00,649.172,96.481
2023-01-09 11:02:00,642.834,85.1184
2023-01-09 11:03:00,644.097,79.3075
2023-01-09 11:04:00,663.889,84.1925
2023-01-09 11:05:00,847.076,110.19
2023-01-09 11:06:00,807.079,107.958
2023-01-09 11:07:00,901.903,115.066
2023-01-09 11:08:00,487.534,55.7097
2023-01-09 11:09:00,380.382,44.0192
2023-01-09 11:10:00,340.387,43.1716
2023-01-09 11:11:00,353.328,44.4862
2023-01-09 11:12:00,491.127,55.6187
2023-01-09 11:13:00,607.555,75.7897
2023-01-09 11:14:00,685.162,93.6194
2023-01-09 11:15:00,553.002,75.5731
2023-01-09 11:16:00,551.195,74.434
2023-01-09 11:17:00,627.509,83.9544
2023-01-09 11:18:00,592.774,80.0456
2023-01-09 11:19:00,572.506,75.7965
2023-01-09 11:20:00,478.487,63.7801
2023-01-09 11:21:00,517.554,65.187
2023-01-09 11:22:00,852.883,109.126
2023-01-09 11:23:00,620.74,81.9397
2023-01-09 11:24:00,831.43,114.222
2023-01-09 11:25:00,922.235,122.574
2023-01-09 11:26:00,768.937,108.883
2023-01-09 11:27:00,693.157,95.0747
2023-01-09 11:28:00,660.347,89.6807
2023-01-09 11:29:00,633.416,86.8053
2023-01-09 11:30:00,609.902,80.0646
2023-01-09 11:31:00,645.244,84.8012
2023-01-09 11:32:00,640.875,86.8436
2023-01-09 11:33:00,651.611,88.4908
2023-01-09 11:34:00,785.523,106.108
2023-01-09 11:35:00,831.354,114.566
2023-01-09 11:36:00,705.401,99.4007
2023-01-09 11:37:00,750.857,101.207
2023-01-09 11:38:00,755.063,101.378
2023-01-09 11:39:00,668.641,88.664
2023-01-09 11:40:00,823.327,111.422
2023-01-09 11:41:00,751.439,103.728
2023-01-09 11:42:00,745.419,104.605
2023-01-09 11:43:00,611.34,84.7325
2023-01-09 11:44:00,690.365,96.6188
2023-01-09 11:45:00,1141.87,162.283
2023-01-09 11:46:00,1205.14,166.61
2023-01-09 11:47:00,1073.51,146.583
2023-01-09 11:48:00,772.819,105.181
2023-01-09 11:49:00,612.291,82.561
2023-01-09 11:50:00,533.415,71.3135
2023-01-09 11:51:00,595.85,82.8113
2023-01-09 11:52:00,965.931,132.187
2023-01-09 11:53:00,799.39,109.548
2023-01-09 11:54:00,973.715,129.621
2023-01-09 11:55:00,910.557,129.407
2023-01-09 11:56:00,794.966,109.414
2023-01-09 11:57:00,570.194,75.7121
2023-01-09 11:58:00,850.347,115.787
2023-01-09 11:59:00,661.32,88.9111
2023-01-09 12:00:00,565.13,75.4198
2023-01-09 12:01:00,574.912,75.9913
2023-01-09 12:02:00,544.151,74.2814
2023-01-09 12:03:00,566.126,79.9283
2023-01-09 12:04:00,748.157,105.5
2023-01-09 12:05:00,1138.8,149.212
2023-01-09 12:06:00,1024.92,149.113
2023-01-09 12:07:00,884.001,113.729
2023-01-09 12:08:00,553.644,75.5251
2023-01-09 12:09:00,745.262,99.0085
2023-01-09 12:10:00,1047.56,145.855
2023-01-09 12:11:00,492.609,65.2303
2023-01-09 12:12:00,458.274,61.3126
2023-01-09 12:13:00,494.68,67.6292
2023-01-09 12:14:00,400.765,54.1823
2023-01-09 12:15:00,355.349,47.2368
2023-01-09 12:16:00,369.456,49.8661
2023-01-09 12:17:00,412.158,54.2144
2023-01-09 12:18:00,352.234,45.6977
2023-01-09 12:19:00,332.394,43.172
2023-01-09 12:20:00,326.19,42.5819
2023-01-09 12:21:00,328.99,43.098
2023-01-09 12:22:00,337.579,44.6474
2023-01-09 12:23:00,400.028,53.425
2023-01-09 12:24:00,528.198,64.3123
2023-01-09 12:25:00,868.912,122.82
2023-01-09 12:26:00,865.278,127.505
2023-01-09 12:27:00,737.371,102.834
2023-01-09 12:28:00,750.588,99.2522
2023-01-09 12:29:00,1110.66,154.979
2023-01-09 12:30:00,983.0,135.709
2023-01-09 12:31:00,956.527,130.766
2023-01-09 12:32:00,1012.82,140.876
2023-01-09 12:33:00,1035.04,142.597
2023-01-09 12:34:00,1013.38,138.967
2023-01-09 12:35:00,1019.96,139.417
2023-01-09 12:36:00,1013.62,137.803
2023-01-09 12:37:00,1006.34,136.322
2023-01-09 12:38:00,1003.03,135.852
2023-01-09 12:39:00,1006.19,136.334
2023-01-09 12:40:00,1015.22,137.212
2023-01-09 12:41:00,1026.11,139.417
2023-01-09 12:42:00,996.687,136.219
2023-01-09 12:43:00,1010.85,135.994
2023-01-09 12:44:00,966.367,131.683
2023-01-09 12:45:00,1010.99,137.887
2023-01-09 12:46:00,1054.64,143.904
2023-01-09 12:47:00,1062.1,143.743
2023-01-09 12:48:00,1074.6,146.572
2023-01-09 12:49:00,1082.33,147.859
2023-01-09 12:50:00,1096.36,150.218
2023-01-09 12:51:00,1100.85,151.067
2023-01-09 12:52:00,1111.61,152.907
2023-01-09 12:53:00,1129.16,155.295
2023-01-09 12:54:00,1154.08,158.317
2023-01-09 12:55:00,1109.33,155.859
2023-01-09 12:56:00,435.471,59.9886
2023-01-09 12:57:00,448.457,60.7004
2023-01-09 12:58:00,550.47,73.1268
2023-01-09 12:59:00,658.32,89.1907
2023-01-09 13:00:00,724.049,103.549
2023-01-09 13:01:00,443.11,61.1074
2023-01-09 13:02:00,310.128,43.6196
2023-01-09 13:03:00,339.475,48.476
2023-01-09 13:04:00,292.569,45.9402
2023-01-09 13:05:00,256.523,37.2846
2023-01-09 13:06:00,220.28,31.3814
2023-01-09 13:07:00,198.106,27.9205
2023-01-09 13:08:00,187.594,26.8997
2023-01-09 13:09:00,186.42,26.485
2023-01-09 13:10:00,189.73,26.8655
2023-01-09 13:11:00,190.56,27.3645
2023-01-09 13:12:00,189.506,27.05
2023-01-09 13:13:00,189.065,26.829
2023-01-09 13:14:00,188.396,26.7276
2023-01-09 13:15:00,187.817,26.8791
2023-01-09 13:16:00,189.584,26.8563
2023-01-09 13:17:00,193.92,27.7949
2023-01-09 13:18:00,200.739,28.819
2023-01-09 13:19:00,207.922,30.2829
2023-01-09 13:20:00,216.611,31.3925
2023-01-09 13:21:00,225.939,32.6741
2023-01-09 13:22:00,234.386,33.565
2023-01-09 13:23:00,244.025,34.9366
2023-01-09 13:24:00,252.77,36.1477
2023-01-09 13:25:00,260.49,37.6001
2023-01-09 13:26:00,268.112,38.8167
2023-01-09 13:27:00,273.23,39.5755
2023-01-09 13:28:00,276.851,40.2465
2023-01-09 13:29:00,280.394,40.9731
2023-01-09 13:30:00,285.466,41.5756
2023-01-09 13:31:00,293.751,42.8117
2023-01-09 13:32:00,302.034,43.9658
2023-01-09 13:33:00,309.179,44.8773
2023-01-09 13:34:00,317.866,46.2354
2023-01-09 13:35:00,333.958,48.5969
2023-01-09 13:36:00,345.203,50.0278
2023-01-09 13:37:00,350.698,50.5518
2023-01-09 13:38:00,346.659,50.0984
2023-01-09 13:39:00,327.846,47.8143
2023-01-09 13:40:00,317.953,46.6512
2023-01-09 13:41:00,317.695,46.6125
2023-01-09 13:42:00,323.794,47.4498
2023-01-09 13:43:00,334.783,48.9011
2023-01-09 13:44:00,348.793,51.0884
2023-01-09 13:45:00,363.349,53.1287
2023-01-09 13:46:00,380.672,55.7659
2023-01-09 13:47:00,427.44,61.7615
2023-01-09 13:48:00,579.977,77.2964
2023-01-09 13:49:00,526.734,75.6173
2023-01-09 13:50:00,413.903,60.6768
2023-01-09 13:51:00,384.041,57.4691
2023-01-09 13:52:00,357.139,53.0912
2023-01-09 13:53:00,367.285,54.6986
2023-01-09 13:54:00,657.192,92.1759
2023-01-09 13:55:00,760.546,114.763
2023-01-09 13:56:00,549.858,79.8677
2023-01-09 13:57:00,398.536,60.5049
2023-01-09 13:58:00,624.347,99.9768
2023-01-09 13:59:00,932.154,143.327
2023-01-09 14:00:00,549.118,82.1083
2023-01-09 14:01:00,389.71,59.1591
2023-01-09 14:02:00,386.517,56.3463
2023-01-09 14:03:00,387.837,54.3034
2023-01-09 14:04:00,361.91,50.9806
2023-01-09 14:05:00,392.309,53.6726
2023-01-09 14:06:00,373.185,52.8252
2023-01-09 14:07:00,363.135,51.7864
2023-01-09 14:08:00,365.077,52.1294
2023-01-09 14:09:00,374.175,52.8368
2023-01-09 14:10:00,361.545,51.8046
2023-01-09 14:11:00,359.487,51.5814
2023-01-09 14:12:00,376.063,53.9967
2023-01-09 14:13:00,418.92,59.0432
2023-01-09 14:14:00,536.093,83.5814
2023-01-09 14:15:00,933.085,146.631
2023-01-09 14:16:00,1024.77,163.465
2023-01-09 14:17:00,1046.06,164.985
2023-01-09 14:18:00,1034.78,165.681
2023-01-09 14:19:00,730.841,97.3717
2023-01-09 14:20:00,403.526,58.1353
2023-01-09 14:21:00,365.375,52.6344
2023-01-09 14:22:00,341.294,49.1487
2023-01-09 14:23:00,323.939,46.68
2023-01-09 14:24:00,311.806,45.0119
2023-01-09 14:25:00,303.91,43.5069
2023-01-09 14:26:00,295.464,42.0353
2023-01-09 14:27:00,289.378,41.0409
2023-01-09 14:28:00,282.999,40.0315
2023-01-09 14:29:00,278.196,38.6975
2023-01-09 14:30:00,284.891,39.7001
2023-01-09 14:31:00,306.7,43.4468
2023-01-09 14:32:00,386.178,54.1099
2023-01-09 14:33:00,366.091,53.3933
2023-01-09 14:34:00,384.27,55.028
2023-01-09 14:35:00,859.476,128.69
2023-01-09 14:36:00,681.818,106.502
2023-01-09 14:37:00,639.499,103.131
2023-01-09 14:38:00,641.153,113.607
2023-01-09 14:39:00,756.056,114.446
2023-01-09 14:40:00,633.638,94.8599
2023-01-09 14:41:00,526.646,76.1611
2023-01-09 14:42:00,592.078,72.8562
2023-01-09 14:43:00,659.056,78.4397
2023-01-09 14:44:00,522.523,72.7462
2023-01-09 14:45:00,277.367,40.4975
2023-01-09 14:46:00,252.079,34.4165
2023-01-09 14:47:00,246.55,34.1614
2023-01-09 14:48:00,254.354,35.2253
2023-01-09 14:49:00,276.237,38.3363
2023-01-09 14:50:00,403.896,55.4892
2023-01-09 14:51:00,603.687,95.6342
2023-01-09 14:52:00,565.815,80.893
2023-01-09 14:53:00,454.687,61.0337
2023-01-09 14:54:00,812.278,117.171
2023-01-09 14:55:00,821.446,127.559
2023-01-09 14:56:00,809.075,124.183
2023-01-09 14:57:00,479.478,78.0883
2023-01-09 14:58:00,400.819,58.4396
2023-01-09 14:59:00,487.227,75.596
2023-01-09 15:00:00,591.922,83.0957
2023-01-09 15:01:00,619.856,96.1453
2023-01-09 15:02:00,441.986,65.1535
2023-01-09 15:03:00,648.924,101.955
2023-01-09 15:04:00,730.98,119.672
2023-01-09 15:05:00,327.084,48.0792
2023-01-09 15:06:00,295.648,40.8577
2023-01-09 15:07:00,293.183,41.4203
2023-01-09 15:08:00,312.523,42.0866
2023-01-09 15:09:00,301.402,44.6895
2023-01-09 15:10:00,196.429,27.3624
2023-01-09 15:11:00,176.318,23.7466
2023-01-09 15:12:00,168.5,22.6472
2023-01-09 15:13:00,166.65,21.941
2023-01-09 15:14:00,169.575,22.5118
2023-01-09 15:15:00,172.919,23.2775
2023-01-09 15:16:00,179.624,24.1808
2023-01-09 15:17:00,169.844,23.1886
2023-01-09 15:18:00,173.901,23.9599
2023-01-09 15:19:00,359.444,49.2788
2023-01-09 15:20:00,564.957,94.3047
2023-01-09 15:21:00,481.377,73.3943
2023-01-09 15:22:00,554.069,81.908
2023-01-09 15:23:00,577.552,90.5037
2023-01-09 15:24:00,568.759,89.6042
2023-01-09 15:25:00,640.429,104.435
2023-01-09 15:26:00,594.779,95.6819
2023-01-09 15:27:00,481.343,77.7654
2023-01-09 15:28:00,476.046,75.954
2023-01-09 15:29:00,621.174,102.493
2023-01-09 15:30:00,625.227,102.455
2023-01-09 15:31:00,623.281,101.63
2023-01-09 15:32:00,621.119,101.595
2023-01-09 15:33:00,616.884,101.378
2023-01-09 15:34:00,612.406,100.922
2023-01-09 15:35:00,604.944,98.9207
2023-01-09 15:36:00,578.832,96.3832
2023-01-09 15:37:00,591.841,97.4785
2023-01-09 15:38:00,528.893,89.8098
2023-01-09 15:39:00,435.267,70.4068
2023-01-09 15:40:00,549.766,90.7176
2023-01-09 15:41:00,549.755,92.7363
2023-01-09 15:42:00,521.019,88.1794
2023-01-09 15:43:00,530.356,89.4077
2023-01-09 15:44:00,522.717,87.1886
2023-01-09 15:45:00,512.131,86.0973
2023-01-09 15:46:00,501.855,84.3592
2023-01-09 15:47:00,492.352,83.0034
2023-01-09 15:48:00,485.387,82.2685
2023-01-09 15:49:00,479.58,81.8347
2023-01-09 15:50:00,472.976,81.1343
2023-01-09 15:51:00,466.378,79.7179
2023-01-09 15:52:00,459.386,78.941
2023-01-09 15:53:00,451.874,78.2714
2023-01-09 15:54:00,445.326,77.105
2023-01-09 15:55:00,440.211,76.3623
2023-01-09 15:56:00,435.9,75.6926
2023-01-09 15:57:00,431.926,75.4533
2023-01-09 15:58:00,428.968,74.9375
2023-01-09 15:59:00,427.162,75.6517
2023-01-09 16:00:00,415.033,72.2532
2023-01-09 16:01:00,309.479,48.8147
2023-01-09 16:02:00,388.831,67.9743
2023-01-09 16:03:00,370.126,63.4593
2023-01-09 16:04:00,270.18,49.2109
2023-01-09 16:05:00,208.388,36.9483
2023-01-09 16:06:00,262.851,49.9227
2023-01-09 16:07:00,381.205,68.8597
2023-01-09 16:08:00,386.394,69.9629
2023-01-09 16:09:00,382.248,69.8994
2023-01-09 16:10:00,375.814,69.5465
2023-01-09 16:11:00,367.441,68.3856
2023-01-09 16:12:00,368.599,68.2021
2023-01-09 16:13:00,364.353,67.874
2023-01-09 16:14:00,358.409,66.2725
2023-01-09 16:15:00,342.052,64.4394
2023-01-09 16:16:00,352.553,65.7998
2023-01-09 16:17:00,352.412,66.0973
2023-01-09 16:18:00,350.553,65.8957
2023-01-09 16:19:00,348.052,65.6534
2023-01-09 16:20:00,345.894,65.4071
2023-01-09 16:21:00,343.759,65.45
2023-01-09 16:22:00,342.851,65.3517
2023-01-09 16:23:00,341.352,65.5079
2023-01-09 16:24:00,338.73,64.5449
2023-01-09 16:25:00,335.548,64.3727
2023-01-09 16:26:00,331.937,64.0803
2023-01-09 16:27:00,327.424,63.0992
2023-01-09 16:28:00,322.961,62.4838
2023-01-09 16:29:00,318.81,61.9487
2023-01-09 16:30:00,314.143,61.3152
2023-01-09 16:31:00,309.173,60.7764
2023-01-09 16:32:00,302.564,59.4393
2023-01-09 16:33:00,296.691,58.788
2023-01-09 16:34:00,292.728,58.2071
2023-01-09 16:35:00,288.863,57.7082
2023-01-09 16:36:00,284.546,57.1158
2023-01-09 16:37:00,279.334,56.1805
2023-01-09 16:38:00,273.667,55.3637
2023-01-09 16:39:00,264.485,54.2268
2023-01-09 16:40:00,246.68,48.8017
2023-01-09 16:41:00,252.628,51.209
2023-01-09 16:42:00,255.209,52.772
2023-01-09 16:43:00,251.619,52.5588
2023-01-09 16:44:00,246.839,51.7613
2023-01-09 16:45:00,242.403,50.9183
2023-01-09 16:46:00,238.043,50.319
2023-01-09 16:47:00,233.471,49.2753
2023-01-09 16:48:00,228.147,48.4642
2023-01-09 16:49:00,222.833,47.4583
2023-01-09 16:50:00,218.183,46.7576
2023-01-09 16:51:00,214.755,46.3111
2023-01-09 16:52:00,211.801,46.0924
2023-01-09 16:53:00,209.175,45.811
2023-01-09 16:54:00,206.424,45.1126
2023-01-09 16:55:00,203.243,44.485
2023-01-09 16:56:00,199.324,44.2459
2023-01-09 16:57:00,194.406,43.4665
2023-01-09 16:58:00,189.648,42.4891
2023-01-09 16:59:00,184.821,40.9831
2023-01-09 17:00:00,179.475,39.8269
2023-01-09 17:01:00,174.701,39.1764
2023-01-09 17:02:00,171.011,39.0738
2023-01-09 17:03:00,167.748,37.9515
2023-01-09 17:04:00,165.208,37.4867
2023-01-09 17:05:00,163.45,37.3774
2023-01-09 17:06:00,161.564,37.113
2023-01-09 17:07:00,159.315,36.8362
2023-01-09 17:08:00,156.252,35.8999
2023-01-09 17:09:00,152.404,34.7788
2023-01-09 17:10:00,147.552,33.7123
2023-01-09 17:11:00,142.504,32.1299
2023-01-09 17:12:00,138.299,30.9872
2023-01-09 17:13:00,135.015,30.1795
2023-01-09 17:14:00,132.616,29.7968
2023-01-09 17:15:00,130.758,29.1315
2023-01-09 17:16:00,129.162,28.5688
2023-01-09 17:17:00,126.98,28.1554
2023-01-09 17:18:00,123.564,27.7213
2023-01-09 17:19:00,119.573,26.9455
2023-01-09 17:20:00,115.109,26.0867
2023-01-09 17:21:00,110.723,25.2778
2023-01-09 17:22:00,105.894,24.3778
2023-01-09 17:23:00,92.4696,20.2218
2023-01-09 17:24:00,69.2944,12.7495
2023-01-09 17:25:00,52.9249,7.81991
2023-01-09 17:26:00,49.6519,7.35052
2023-01-09 17:27:00,50.2076,8.30291
2023-01-09 17:28:00,56.8119,12.0032
2023-01-09 17:29:00,57.5184,12.8941
2023-01-09 17:30:00,53.21,11.8494
2023-01-09 17:31:00,50.8983,12.1023
2023-01-09 17:32:00,40.7002,8.65605
2023-01-09 17:33:00,33.886,6.05285
2023-01-09 17:34:00,30.976,6.03347
2023-01-09 17:35:00,29.4759,8.56942
2023-01-09 17:36:00,27.276,9.68702
2023-01-09 17:37:00,25.2098,6.41739
2023-01-09 17:38:00,23.284,3.98852
2023-01-09 17:39:00,21.3479,3.36422
2023-01-09 17:40:00,19.3319,3.1546
2023-01-09 17:41:00,17.4116,2.73421
2023-01-09 17:42:00,15.4881,2.38788
2023-01-09 17:43:00,13.7151,2.06661
2023-01-09 17:44:00,12.2596,1.76926
2023-01-09 17:45:00,11.0084,1.49356
2023-01-09 17:46:00,9.75388,1.24521
2023-01-09 17:47:00,8.46958,1.03787
2023-01-09 17:48:00,7.07566,0.778114
2023-01-09 17:49:00,5.59271,0.487603
2023-01-09 17:50:00,4.31868,0.264308
2023-01-09 17:51:00,3.35746,0.149243
2023-01-09 17:52:00,2.62455,0.026203
2023-01-09 17:53:00,2.07887,-0.0694951
2023-01-09 17:54:00,1.66788,-0.112787
2023-01-09 17:55:00,1.33454,-0.0877231
2023-01-09 17:56:00,0.923556,-0.0911406
2023-01-09 17:57:00,0.592492,-0.185699
2023-01-09 17:58:00,0.288825,-0.239244
2023-01-09 17:59:00,-0.0456639,-0.238105
2023-01-09 18:00:00,-0.348189,-0.236966
2023-01-09 18:01:00,-0.61989,-0.249498
2023-01-09 18:02:00,-0.890449,-0.305321
2023-01-09 18:03:00,-1.11534,-0.32127
2023-01-09 18:04:00,-1.31512,-0.370258
2023-01-09 18:05:00,-1.46923,-0.416966
2023-01-09 18:06:00,-1.62677,-0.444307
2023-01-09 18:07:00,-1.72723,-0.469369
2023-01-09 18:08:00,-1.81969,-0.46937
2023-01-09 18:09:00,-1.87221,-0.44089
2023-01-09 18:10:00,-1.94642,-0.412409
2023-01-09 18:11:00,-1.97268,-0.430638
2023-01-09 18:12:00,-2.03777,-0.456844
2023-01-09 18:13:00,-2.00808,-0.465956
2023-01-09 18:14:00,-2.03204,-0.483044
2023-01-09 18:15:00,-2.06973,-0.496717
2023-01-09 18:16:00,-2.09143,-0.52862
2023-01-09 18:17:00,-2.08572,-0.534316
2023-01-09 18:18:00,-2.0549,-0.513809
2023-01-09 18:19:00,-2.0686,-0.48191
2023-01-09 18:20:00,-2.03093,-0.440898
2023-01-09 18:21:00,-2.02979,-0.459125
2023-01-09 18:22:00,-1.99782,-0.512671
2023-01-09 18:23:00,-1.9259,-0.505836
2023-01-09 18:24:00,-1.92248,-0.503557
2023-01-09 18:25:00,-1.94987,-0.505834
2023-01-09 18:26:00,-1.94987,-0.524063
2023-01-09 18:27:00,-1.90649,-0.536596
2023-01-09 18:28:00,-1.94645,-0.538874
2023-01-09 18:29:00,-1.95102,-0.558242
2023-01-09 18:30:00,-1.91107,-0.528623
2023-01-09 18:31:00,-1.9145,-0.522929
2023-01-09 18:32:00,-1.95102,-0.542293
2023-01-09 18:33:00,-1.96586,-0.546851
2023-01-09 18:34:00,-1.9339,-0.529762
2023-01-09 18:35:00,-1.98413,-0.535458
2023-01-09 18:36:00,-2.00468,-0.511533
2023-01-09 18:37:00,-1.96815,-0.504697
2023-01-09 18:38:00,-1.94075,-0.522926
2023-01-09 18:39:00,-1.95787,-0.533179
2023-01-09 18:40:00,-1.94531,-0.516089
2023-01-09 18:41:00,-1.89621,-0.552544
2023-01-09 18:42:00,-1.90877,-0.551405
2023-01-09 18:43:00,-1.86996,-0.554823
2023-01-09 18:44:00,-1.89621,-0.517227
2023-01-09 18:45:00,-1.91563,-0.454568
2023-01-09 18:46:00,-1.94417,-0.388491
2023-01-09 18:47:00,-1.92248,-0.350895
2023-01-09 18:48:00,-1.91562,-0.373679
2023-01-09 18:49:00,-1.88708,-0.401021
2023-01-09 18:50:00,-1.88366,-0.427226
2023-01-09 18:51:00,-1.88708,-0.383933
2023-01-09 18:52:00,-1.8848,-0.386212
2023-01-09 18:53:00,-1.90307,-0.301907
2023-01-09 18:54:00,-1.88481,-0.341782
2023-01-09 18:55:00,-1.87568,-0.240387
2023-01-09 18:56:00,-1.86654,-0.240387
2023-01-09 18:57:00,-1.87566,-0.318994
2023-01-09 18:58:00,-1.9122,-0.266588
2023-01-09 18:59:00,-1.88594,-0.228993
2023-01-09 19:00:00,-1.89736,-0.227854
2023-01-09 19:01:00,-1.95673,-0.244943
2023-01-09 19:02:00,-1.97614,-0.232411
2023-01-09 19:03:00,-1.98184,-0.262032
2023-01-09 19:04:00,-1.95786,-0.290513
2023-01-09 19:05:00,-1.96014,-0.360007
2023-01-09 19:06:00,-1.95444,-0.379376
2023-01-09 19:07:00,-1.95901,-0.391909
2023-01-09 19:08:00,-1.99441,-0.416974
2023-01-09 19:09:00,-2.05491,-0.290515
2023-01-09 19:10:00,-2.12684,-0.331529
2023-01-09 19:11:00,-2.14852,-0.316718
2023-01-09 19:12:00,-2.15651,-0.309882
2023-01-09 19:13:00,-2.15995,-0.281401
2023-01-09 19:14:00,-2.15767,-0.33153
2023-01-09 19:15:00,-2.17251,-0.154942
2023-01-09 19:16:00,-2.20447,-0.238109
2023-01-09 19:17:00,-2.18163,-0.227855
2023-01-09 19:18:00,-2.24328,-0.242666
2023-01-09 19:19:00,-2.31634,-0.342921
2023-01-09 19:20:00,-2.31406,-0.317857
2023-01-09 19:21:00,-2.30721,-0.363428
2023-01-09 19:22:00,-2.33119,-0.361151
2023-01-09 19:23:00,-2.34261,-0.414697
2023-01-09 19:24:00,-2.35745,-0.423812
2023-01-09 19:25:00,-2.34489,-0.439761
2023-01-09 19:26:00,-2.34375,-0.455711
2023-01-09 19:27:00,-2.32319,-0.472798
2023-01-09 19:28:00,-2.33232,-0.497861
2023-01-09 19:29:00,-2.35629,-0.505836
2023-01-09 19:30:00,-2.32319,-0.521787
2023-01-09 19:31:00,-2.25926,-0.554825
2023-01-09 19:32:00,-2.25011,-0.55938
2023-01-09 19:33:00,-2.233,-0.545711
2023-01-09 19:34:00,-2.18848,-0.561662
2023-01-09 19:35:00,-2.24213,-0.590143
2023-01-09 19:36:00,-2.26267,-0.60609
2023-01-09 19:37:00,-2.26153,-0.571913
2023-01-09 19:38:00,-2.26382,-0.5628
2023-01-09 19:39:00,-2.26497,-0.569637
2023-01-09 19:40:00,-2.25813,-0.452293
2023-01-09 19:41:00,-2.24671,-0.469382
2023-01-09 19:42:00,-2.39055,-0.53546
2023-01-09 19:43:00,-2.43621,-0.494445
2023-01-09 19:44:00,-2.4111,-0.534319
2023-01-09 19:45:00,-2.38256,-0.453432
2023-01-09 19:46:00,-2.3837,-0.45457
2023-01-09 19:47:00,-2.42822,-0.544572
2023-01-09 19:48:00,-2.38713,-0.560523
2023-01-09 19:49:00,-2.33803,-0.559383
2023-01-09 19:50:00,-2.3346,-0.491025
2023-01-09 19:51:00,-2.28665,-0.420389
2023-01-09 19:52:00,-2.25353,-0.476212
2023-01-09 19:53:00,-2.26268,-0.506975
2023-01-09 19:54:00,-2.32547,-0.511533
2023-01-09 19:55:00,-2.43506,-0.544571
2023-01-09 19:56:00,-2.46474,-0.619762
2023-01-09 19:57:00,-2.52866,-0.643685
2023-01-09 19:58:00,-2.5241,-0.545708
2023-01-09 19:59:00,-2.45675,-0.521785
2023-01-09 20:00:00,-2.40881,-0.445455
2023-01-09 20:01:00,-2.35287,-0.397606
2023-01-09 20:02:00,-2.27181,-0.363427
2023-01-09 20:03:00,-2.33231,-0.464821
2023-01-09 20:04:00,-2.49672,-0.655082
2023-01-09 20:05:00,-2.62115,-0.908
2023-01-09 20:06:00,-2.80951,-0.968378
2023-01-09 20:07:00,-2.81863,-0.947868
2023-01-09 20:08:00,-2.74898,-0.859002
2023-01-09 20:09:00,-2.67478,-0.845332
2023-01-09 20:10:00,-2.63598,-0.781536
2023-01-09 20:11:00,-2.26952,-0.12418
2023-01-09 20:12:00,-2.15765,-0.00227848
2023-01-09 20:13:00,-2.1428,-0.0717738
2023-01-09 20:14:00,-2.02978,-0.0239246
2023-01-09 20:15:00,-1.9533,0.0284818
2023-01-09 20:16:00,-1.96244,0.0888635
2023-01-09 20:17:00,-2.05719,-0.0330389
2023-01-09 20:18:00,-2.10057,-0.0296211
2023-01-09 20:19:00,-2.08573,0.0398744
2023-01-09 20:20:00,-2.0903,-0.0341781
2023-01-09 20:21:00,-2.06632,-0.00569636
2023-01-09 20:22:00,-1.98071,-0.050128
2023-01-09 20:23:00,-1.95217,-0.0364568
2023-01-09 20:24:00,-1.92704,0.20279
2023-01-09 20:25:00,-1.93275,0.213043
2023-01-09 20:26:00,-2.01495,0.185701
2023-01-09 20:27:00,-2.08687,-0.0250639
2023-01-09 20:28:00,-2.07545,-0.0797489
2023-01-09 20:29:00,-2.11884,-0.120763
2023-01-09 20:30:00,-2.02294,-0.0262031
2023-01-09 20:31:00,-2.03548,-0.0148104
2023-01-09 20:32:00,-2.09028,-0.0444313
2023-01-09 20:33:00,-2.10855,-0.0375957
2023-01-09 20:34:00,-2.09028,-0.0934196
2023-01-09 20:35:00,-2.06973,-0.129876
2023-01-09 20:36:00,-2.08342,-0.173167
2023-01-09 20:37:00,-2.09255,-0.142407
2023-01-09 20:38:00,-2.15534,-0.182281
2023-01-09 20:39:00,-2.21242,-0.293928
2023-01-09 20:40:00,-2.21927,-0.36684
2023-01-09 20:41:00,-2.27978,-0.477349
2023-01-09 20:42:00,-2.35513,-0.555959
2023-01-09 20:43:00,-2.38139,-0.541149
2023-01-09 20:44:00,-2.45675,-0.574191
2023-01-09 20:45:00,-2.56635,-0.838504
2023-01-09 20:46:00,-2.67366,-0.860149
2023-01-09 20:47:00,-2.72161,-0.833945
2023-01-09 20:48:00,-2.66909,-0.772424
2023-01-09 20:49:00,-2.67023,-0.750778
2023-01-09 20:50:00,-2.61543,-0.79407
2023-01-09 20:51:00,-2.64967,-1.01964
2023-01-09 20:52:00,-2.70561,-1.09028
2023-01-09 20:53:00,-2.69191,-0.910271
2023-01-09 20:54:00,-2.6862,-1.01052
2023-01-09 20:55:00,-2.62569,-0.790648
2023-01-09 20:56:00,-2.59602,-0.792927
2023-01-09 20:57:00,-2.60173,-0.75875
2023-01-09 20:58:00,-2.65652,-0.742801
2023-01-09 20:59:00,-2.72388,-0.855588
2023-01-09 21:00:00,-2.71018,-0.865842
2023-01-09 21:01:00,-2.60059,-0.82255
2023-01-09 21:02:00,-2.55492,-0.643685
2023-01-09 21:03:00,-2.38939,-0.117344
2023-01-09 21:04:00,-2.19531,0.00797483
2023-01-09 21:05:00,-2.09257,-0.0717739
2023-01-09 21:06:00,-2.1645,-0.415833
2023-01-09 21:07:00,-2.2661,-0.562798
2023-01-09 21:08:00,-2.29578,-0.54457
2023-01-09 21:09:00,-2.25354,-0.565077
2023-01-09 21:10:00,-2.24669,-0.540013
2023-01-09 21:11:00,-2.26153,-0.32697
2023-01-09 21:12:00,-2.23528,-0.231271
2023-01-09 21:13:00,-2.19874,-0.519506
2023-01-09 21:14:00,-2.07203,-0.434062
2023-01-09 21:15:00,-1.99783,-0.307603
2023-01-09 21:16:00,-1.97043,-0.205069
2023-01-09 21:17:00,-1.84371,-0.148105
2023-01-09 21:18:00,-1.8106,-0.0968378
2023-01-09 21:19:00,-1.86083,-0.034178
2023-01-09 21:20:00,-1.89393,-0.012532
2023-01-09 21:21:00,-1.99554,-0.15494
2023-01-09 21:22:00,-2.02979,-0.169751
2023-01-09 21:23:00,-2.02637,-0.195955
2023-01-09 21:24:00,-2.1508,-0.397605
2023-01-09 21:25:00,-2.15765,-0.485329
2023-01-09 21:26:00,-2.18619,-0.568495
2023-01-09 21:27:00,-2.20788,-0.508114
2023-01-09 21:28:00,-2.1428,-0.427225
2023-01-09 21:29:00,-2.12682,-0.451148
2023-01-09 21:30:00,-2.15764,-0.437477
2023-01-09 21:31:00,-2.15878,-0.442035
2023-01-09 21:32:00,-2.26267,-0.550265
2023-01-09 21:33:00,-2.29007,-0.526341
2023-01-09 21:34:00,-2.28436,-0.547987
2023-01-09 21:35:00,-2.30719,-0.570772
2023-01-09 21:36:00,-2.29692,-0.610647
2023-01-09 21:37:00,-2.24897,-0.567355
2023-01-09 21:38:00,-2.26952,-0.529759
2023-01-09 21:39:00,-2.33345,-0.486467
2023-01-09 21:40:00,-2.40994,-0.541152
2023-01-09 21:41:00,-2.39053,-0.513809
2023-01-09 21:42:00,-2.31861,-0.521784
2023-01-09 21:43:00,-2.34829,-0.584444
2023-01-09 21:44:00,-2.29578,-0.589001
2023-01-09 21:45:00,-2.2992,-0.555961
2023-01-09 21:46:00,-2.3049,-0.533175
2023-01-09 21:47:00,-2.2912,-0.524059
2023-01-09 21:48:00,-2.31974,-0.567352
2023-01-09 21:49:00,-2.35628,-0.595834
2023-01-09 21:50:00,-2.34827,-0.601528
2023-01-09 21:51:00,-2.29804,-0.593552
2023-01-09 21:52:00,-2.28435,-0.571908
2023-01-09 21:53:00,-2.2718,-0.554821
2023-01-09 21:54:00,-2.2855,-0.52862
2023-01-09 21:55:00,-2.25126,-0.459124
2023-01-09 21:56:00,-2.16106,-0.241523
2023-01-09 21:57:00,-2.11767,-0.182281
2023-01-09 21:58:00,-2.08229,-0.189117
2023-01-09 21:59:00,-1.97497,-0.0900015
2023-01-09 22:00:00,-1.92245,-0.0865835
2023-01-09 22:01:00,-1.89735,-0.026203
2023-01-09 22:02:00,-1.96698,-0.0341778
2023-01-09 22:03:00,-2.01493,-0.101394
2023-01-09 22:04:00,-2.09485,-0.24722
2023-01-09 22:05:00,-2.15307,-0.295069
2023-01-09 22:06:00,-2.15764,-0.478491
2023-01-09 22:07:00,-2.13481,-0.541152
2023-01-09 22:08:00,-2.08458,-0.522924
2023-01-09 22:09:00,-2.03207,-0.45229
2023-01-09 22:10:00,-1.97841,-0.332666
2023-01-09 22:11:00,-1.93388,-0.236966
2023-01-09 22:12:00,-1.91105,-0.13899
2023-01-09 22:13:00,-1.89392,-0.052406
2023-01-09 22:14:00,-1.82999,0.0364562
2023-01-09 22:15:00,-1.80145,0.103672
2023-01-09 22:16:00,-1.82998,0.0991152
2023-01-09 22:17:00,-1.85967,0.165192
2023-01-09 22:18:00,-1.89735,0.0900015
2023-01-09 22:19:00,-1.93274,0.0421527
2023-01-09 22:20:00,-2.01721,-0.0330385
2023-01-09 22:21:00,-2.0606,-0.103673
2023-01-09 22:22:00,-2.05375,-0.132154
2023-01-09 22:23:00,-2.10969,-0.224435
2023-01-09 22:24:00,-2.13137,-0.254054
2023-01-09 22:25:00,-2.17703,-0.29165
2023-01-09 22:26:00,-2.19301,-0.281396
2023-01-09 22:27:00,-2.15991,-0.181142
2023-01-09 22:28:00,-2.15535,-0.0831659
2023-01-09 22:29:00,-2.13138,0.0159497
2023-01-09 22:30:00,-2.11882,0.0410135
2023-01-09 22:31:00,-2.1154,0.0307601
2023-01-09 22:32:00,-2.08686,0.0341779
2023-01-09 22:33:00,-2.05604,0.0353172
2023-01-09 22:34:00,-2.07658,0.0239244
2023-01-09 22:35:00,-2.10854,-0.035317
2023-01-09 22:36:00,-2.13365,-0.0968368
2023-01-09 22:37:00,-2.1485,-0.16861
2023-01-09 22:38:00,-2.13138,-0.140129
2023-01-09 22:39:00,-2.08115,-0.164054
2023-01-09 22:40:00,-2.12566,-0.263169
2023-01-09 22:41:00,-2.1542,-0.317852
2023-01-09 22:42:00,-2.14164,-0.291649
2023-01-09 22:43:00,-2.11995,-0.254054
2023-01-09 22:44:00,-2.11311,-0.252916
2023-01-09 22:45:00,-2.05603,-0.189117
2023-01-09 22:46:00,-2.05375,-0.182282
2023-01-09 22:47:00,-2.06174,-0.132154
2023-01-09 22:48:00,-2.05146,-0.0125318
2023-01-09 22:49:00,-2.04233,0.0341778
2023-01-09 22:50:00,-2.04919,-0.0068356
2023-01-09 22:51:00,-2.10399,-0.168612
2023-01-09 22:52:00,-2.18619,-0.355452
2023-01-09 22:53:00,-2.18048,-0.381655
2023-01-09 22:54:00,-2.15308,-0.380516
2023-01-09 22:55:00,-2.12225,-0.388489
2023-01-09 22:56:00,-2.0252,-0.180003
2023-01-09 22:57:00,-1.96584,-0.00683557
2023-01-09 22:58:00,-1.95443,-0.0113927
2023-01-09 22:59:00,-2.04804,-0.0501275
2023-01-09 23:00:00,-2.01036,0.053545
2023-01-09 23:01:00,-2.04918,-0.227852
2023-01-09 23:02:00,-2.07544,-0.243802
2023-01-09 23:03:00,-2.02064,-0.135572
2023-01-09 23:04:00,-1.98068,-0.158357
2023-01-09 23:05:00,-2.05145,-0.214179
2023-01-09 23:06:00,-1.93844,-0.219876
2023-01-09 23:07:00,-1.8962,-0.172027
2023-01-09 23:08:00,-1.90418,-0.103672
2023-01-09 23:09:00,-1.94299,-0.144685
2023-01-09 23:10:00,-1.98523,-0.0467093
2023-01-09 23:11:00,-2.02861,-0.110507
2023-01-09 23:12:00,-2.06399,-0.167469
2023-01-09 23:13:00,-2.10623,-0.136709
2023-01-09 23:14:00,-2.13135,-0.235824
2023-01-09 23:15:00,-2.14277,-0.238103
2023-01-09 23:16:00,-2.12223,-0.209623
2023-01-09 23:17:00,-2.12223,-0.216459
2023-01-09 23:18:00,-2.08798,-0.18342
2023-01-09 23:19:00,-2.0583,-0.159495
2023-01-09 23:20:00,-2.03203,-0.0934183
2023-01-09 23:21:00,-2.01604,-0.0683546
2023-01-09 23:22:00,-2.0697,-0.0751902
2023-01-09 23:23:00,-2.09254,-0.0706333
2023-01-09 23:24:00,-2.05486,-0.0808862
2023-01-09 23:25:00,-2.04344,-0.0262027
2023-01-09 23:26:00,-2.01947,0.0125317
2023-01-09 23:27:00,-1.98523,-0.031899
2023-01-09 23:28:00,-1.95783,-0.036456
2023-01-09 23:29:00,-1.95214,-0.0364563
2023-01-09 23:30:00,-1.95557,-0.0375956
2023-01-09 23:31:00,-1.95671,-0.0501273
2023-01-09 23:32:00,-1.96698,-0.0512666
2023-01-09 23:33:00,-1.99551,-0.0569626
2023-01-09 23:34:00,-1.95442,-0.0877227
2023-01-09 23:35:00,-1.94072,-0.133293
2023-01-09 23:36:00,-1.86879,-0.161774
2023-01-09 23:37:00,-1.8802,-0.168608
2023-01-09 23:38:00,-1.84139,-0.150381
2023-01-09 23:39:00,-1.82198,-0.125317
2023-01-09 23:40:00,-1.81285,-0.0922794
2023-01-09 23:41:00,-1.77632,-0.072912
2023-01-09 23:42:00,-1.75577,-0.0398737
2023-01-09 23:43:00,-1.7729,-0.00341774
2023-01-09 23:44:00,-1.77747,0.0170889
2023-01-09 23:45:00,-1.7455,-0.0170887
2023-01-09 23:46:00,-1.76375,-0.0113924
2023-01-09 23:47:00,-1.7375,0.0148102
2023-01-09 23:48:00,-1.72496,0.00341777
2023-01-09 23:49:00,-1.68728,-0.00797475
2023-01-09 23:50:00,-1.65873,-0.00455699
2023-01-09 23:51:00,-1.59937,0.0296204
2023-01-09 23:52:00,-1.60394,0.0216458
2023-01-09 23:53:00,-1.55942,0.0125318
2023-01-09 23:54:00,-1.55028,-0.0307598
2023-01-09 23:55:00,-1.52517,-0.0410131
2023-01-09 23:56:00,-1.51147,-0.0353168
2023-01-09 23:57:00,-1.47836,-0.0341774
2023-01-09 23:58:00,-1.44982,-0.0330381
2023-01-09 23:59:00,-1.43726,-0.0364558
2023-01-10 00:00:00,-1.44639,-0.0444305
2023-01-10 00:01:00,-1.48179,-0.0592409
2023-01-10 00:02:00,-1.50919,-0.0706334
2023-01-10 00:03:00,-1.54343,-0.0729117
2023-01-10 00:04:00,-1.57995,-0.0774684
2023-01-10 00:05:00,-1.57653,-0.10595
2023-01-10 00:06:00,-1.62106,-0.144685
2023-01-10 00:07:00,-1.65417,-0.115064
2023-01-10 00:08:00,-1.65303,-0.0751906
2023-01-10 00:09:00,-1.7044,-0.095697
2023-01-10 00:10:00,-1.70668,-0.0546838
2023-01-10 00:11:00,-1.74207,0.0239242
2023-01-10 00:12:00,-1.79345,0.0774691
2023-01-10 00:13:00,-1.78431,0.119621
2023-01-10 00:14:00,-1.7375,0.104811
2023-01-10 00:15:00,-1.77289,0.0945575
2023-01-10 00:16:00,-1.87222,0.135571
2023-01-10 00:17:00,-1.89847,0.177723
2023-01-10 00:18:00,-1.87108,0.252914
2023-01-10 00:19:00,-1.8608,0.284812
2023-01-10 00:20:00,-1.82883,0.299622
2023-01-10 00:21:00,-1.798,0.296204
2023-01-10 00:22:00,-1.84595,0.246077
2023-01-10 00:23:00,-1.94071,0.176584
2023-01-10 00:24:00,-1.96925,0.102533
2023-01-10 00:25:00,-1.95554,0.0786079
2023-01-10 00:26:00,-1.91102,0.0991143
2023-01-10 00:27:00,-1.89275,0.0877218
2023-01-10 00:28:00,-1.9133,-0.00911395
2023-01-10 00:29:00,-2.04687,-0.0877218
2023-01-10 00:30:00,-2.12336,-0.191394
2023-01-10 00:31:00,-2.13364,-0.233546
2023-01-10 00:32:00,-2.1268,-0.270004
2023-01-10 00:33:00,-2.13823,-0.320132
2023-01-10 00:34:00,-2.14164,-0.363423
2023-01-10 00:35:00,-2.1325,-0.32013
2023-01-10 00:36:00,-2.1051,-0.281395
2023-01-10 00:37:00,-1.95898,-0.230129
2023-01-10 00:38:00,-1.88363,-0.164052
2023-01-10 00:39:00,-1.80714,-0.0877219
2023-01-10 00:40:00,-1.74664,-0.068355
2023-01-10 00:41:00,-1.68386,-0.0740518
2023-01-10 00:42:00,-1.68272,-0.101394
2023-01-10 00:43:00,-1.65646,-0.150382
2023-01-10 00:44:00,-1.62335,-0.149242
2023-01-10 00:45:00,-1.60166,-0.112786
2023-01-10 00:46:00,-1.49436,-0.0900013
2023-01-10 00:47:00,-1.42928,-0.131014
2023-01-10 00:48:00,-1.35393,-0.0922792
2023-01-10 00:49:00,-1.29914,-0.0626589
2023-01-10 00:50:00,-1.26832,-0.0375955
2023-01-10 00:51:00,-1.2375,-0.0113926
2023-01-10 00:52:00,-1.15188,0.0113926
2023-01-10 00:53:00,-1.11078,0.0467096
2023-01-10 00:54:00,-1.12334,0.0683554
2023-01-10 00:55:00,-1.12904,0.075191
2023-01-10 00:56:00,-1.13133,0.0843052
2023-01-10 00:57:00,-1.12676,0.090001
2023-01-10 00:58:00,-1.12561,0.104811
2023-01-10 00:59:00,-1.09137,0.0991152
2023-01-10 01:00:00,-1.0731,0.138989
2023-01-10 01:01:00,-1.10735,0.177723
2023-01-10 01:02:00,-1.1279,0.22899
2023-01-10 01:03:00,-1.1279,0.262028
2023-01-10 01:04:00,-1.12904,0.272282
2023-01-10 01:05:00,-1.13932,0.2757
2023-01-10 01:06:00,-1.15873,0.265448
2023-01-10 01:07:00,-1.20211,0.254055
2023-01-10 01:08:00,-1.20325,0.209623
2023-01-10 01:09:00,-1.19982,0.176584
2023-01-10 01:10:00,-1.23064,0.119621
2023-01-10 01:11:00,-1.25575,0.087722
2023-01-10 01:12:00,-1.26717,0.064937
2023-01-10 01:13:00,-1.25461,0.0546839
2023-01-10 01:14:00,-1.23064,0.0592408
2023-01-10 01:15:00,-1.2489,0.0672154
2023-01-10 01:16:00,-1.23063,0.0478482
2023-01-10 01:17:00,-1.22835,0.0262027
2023-01-10 01:18:00,-1.2489,0.0330383
2023-01-10 01:19:00,-1.2432,0.0581019
2023-01-10 01:20:00,-1.24548,0.0649376
2023-01-10 01:21:00,-1.19754,0.0637983
2023-01-10 01:22:00,-1.17128,0.0683553
2023-01-10 01:23:00,-1.13018,0.0694944
2023-01-10 01:24:00,-1.09936,0.0991151
2023-01-10 01:25:00,-1.09707,0.140128
2023-01-10 01:26:00,-1.16101,0.170888
2023-01-10 01:27:00,-1.19867,0.207343
2023-01-10 01:28:00,-1.13816,0.244938
2023-01-10 01:29:00,-1.15072,0.272279
2023-01-10 01:30:00,-1.20666,0.328103
2023-01-10 01:31:00,-1.2683,0.317849
2023-01-10 01:32:00,-1.33566,0.284811
2023-01-10 01:33:00,-1.36191,0.326963
2023-01-10 01:34:00,-1.38018,0.322407
2023-01-10 01:35:00,-1.32653,0.346331
2023-01-10 01:36:00,-1.27859,0.379371
2023-01-10 01:37:00,-1.27973,0.367977
2023-01-10 01:38:00,-1.29799,0.346331
2023-01-10 01:39:00,-1.28429,0.339496
2023-01-10 01:40:00,-1.26031,0.320128
2023-01-10 01:41:00,-1.27515,0.320126
2023-01-10 01:42:00,-1.36761,0.215316
2023-01-10 01:43:00,-1.52173,0.0740505
2023-01-10 01:44:00,-1.59708,0.0569622
2023-01-10 01:45:00,-1.6085,0.0227849
2023-01-10 01:46:00,-1.60735,-4.96705e-09
2023-01-10 01:47:00,-1.56169,0.00683544
2023-01-10 01:48:00,-1.54114,0.00113924
2023-01-10 01:49:00,-1.5263,-0.00341772
2023-01-10 01:50:00,-1.5263,0.00683544
2023-01-10 01:51:00,-1.48405,0.0216454
2023-01-10 01:52:00,-1.43839,0.0489871
2023-01-10 01:53:00,-1.44068,0.0660758
2023-01-10 01:54:00,-1.45438,0.0649366
2023-01-10 01:55:00,-1.46237,0.0683544
2023-01-10 01:56:00,-1.48178,0.0637975
2023-01-10 01:57:00,-1.49662,0.0683545
2023-01-10 01:58:00,-1.51488,0.0683545
2023-01-10 01:59:00,-1.54228,0.066076
2023-01-10 02:00:00,-1.5731,0.0683543
2023-01-10 02:01:00,-1.59937,0.0637977
2023-01-10 02:02:00,-1.62791,0.0569625
2023-01-10 02:03:00,-1.65645,0.0603803
2023-01-10 02:04:00,-1.63705,0.0626589
2023-01-10 02:05:00,-1.66559,0.0660767
2023-01-10 02:06:00,-1.68043,0.0626588
2023-01-10 02:07:00,-1.68385,0.0626586
2023-01-10 02:08:00,-1.68728,0.0581018
2023-01-10 02:09:00,-1.72495,0.0467093
2023-01-10 02:10:00,-1.7181,0.0467093
2023-01-10 02:11:00,-1.73978,0.0569623
2023-01-10 02:12:00,-1.7375,0.0455698
2023-01-10 02:13:00,-1.70097,0.0478483
2023-01-10 02:14:00,-1.66786,0.0592407
2023-01-10 02:15:00,-1.68042,0.0672156
2023-01-10 02:16:00,-1.61877,0.0626583
2023-01-10 02:17:00,-1.52516,0.0626585
2023-01-10 02:18:00,-1.43613,0.0706335
2023-01-10 02:19:00,-1.36649,0.117343
2023-01-10 02:20:00,-1.29913,0.167469
2023-01-10 02:21:00,-1.26603,0.184558
2023-01-10 02:22:00,-1.25918,0.180002
2023-01-10 02:23:00,-1.21466,0.145824
2023-01-10 02:24:00,-1.1964,0.120761
2023-01-10 02:25:00,-1.14845,0.132154
2023-01-10 02:26:00,-1.09023,0.141269
2023-01-10 02:27:00,-1.05598,0.142407
2023-01-10 02:28:00,-0.993187,0.129874
2023-01-10 02:29:00,-0.96008,0.149242
2023-01-10 02:30:00,-0.9578,0.13671
2023-01-10 02:31:00,-1.00004,0.15266
2023-01-10 02:32:00,-0.950953,0.151521
2023-01-10 02:33:00,-0.923552,0.162913
2023-01-10 02:34:00,-0.921267,0.178862
2023-01-10 02:35:00,-0.865327,0.194812
2023-01-10 02:36:00,-0.913273,0.200508
2023-01-10 02:37:00,-0.973778,0.206204
2023-01-10 02:38:00,-0.992045,0.208483
2023-01-10 02:39:00,-0.995472,0.208483
2023-01-10 02:40:00,-0.9989,0.234687
2023-01-10 02:41:00,-1.03885,0.236965
2023-01-10 02:42:00,-1.06168,0.22671
2023-01-10 02:43:00,-1.07766,0.227849
2023-01-10 02:44:00,-1.08337,0.21304
2023-01-10 02:45:00,-1.09023,0.250636
2023-01-10 02:46:00,-1.05712,0.264306
2023-01-10 02:47:00,-1.0594,0.257471
2023-01-10 02:48:00,-1.06511,0.270003
2023-01-10 02:49:00,-1.09022,0.270002
2023-01-10 02:50:00,-1.12447,0.267723
2023-01-10 02:51:00,-1.20438,0.274558
2023-01-10 02:52:00,-1.27972,0.273419
2023-01-10 02:53:00,-1.3037,0.298482
2023-01-10 02:54:00,-1.3368,0.350887
2023-01-10 02:55:00,-1.47036,0.282531
2023-01-10 02:56:00,-1.53657,0.271139
2023-01-10 02:57:00,-1.52858,0.257468
2023-01-10 02:58:00,-1.55484,0.27
2023-01-10 02:59:00,-1.55599,0.300761
2023-01-10 03:00:00,-1.58338,0.273418
2023-01-10 03:01:00,-1.61077,0.234683
2023-01-10 03:02:00,-1.64959,0.205064
2023-01-10 03:03:00,-1.66101,0.202785
2023-01-10 03:04:00,-1.61193,0.205065
2023-01-10 03:05:00,-1.60393,0.205064
2023-01-10 03:06:00,-1.58338,0.206203
2023-01-10 03:07:00,-1.59138,0.202787
2023-01-10 03:08:00,-1.59024,0.199369
2023-01-10 03:09:00,-1.59253,0.22899
2023-01-10 03:10:00,-1.63478,0.227853
2023-01-10 03:11:00,-1.67816,0.20165
2023-01-10 03:12:00,-1.69185,0.192535
2023-01-10 03:13:00,-1.72039,0.161775
2023-01-10 03:14:00,-1.69299,0.141268
2023-01-10 03:15:00,-1.73295,0.0991156
2023-01-10 03:16:00,-1.74551,0.0797483
2023-01-10 03:17:00,-1.7478,0.0979764
2023-01-10 03:18:00,-1.7455,0.0808871
2023-01-10 03:19:00,-1.74549,0.074051
2023-01-10 03:20:00,-1.74549,0.0774685
2023-01-10 03:21:00,-1.73521,0.0729113
2023-01-10 03:22:00,-1.74548,0.0649367
2023-01-10 03:23:00,-1.7706,0.0694937
2023-01-10 03:24:00,-1.81855,0.0706332
2023-01-10 03:25:00,-1.81513,0.0729117
2023-01-10 03:26:00,-1.75006,0.0831651
2023-01-10 03:27:00,-1.67472,0.108229
2023-01-10 03:28:00,-1.56512,0.129874
2023-01-10 03:29:00,-1.49092,0.135571
2023-01-10 03:30:00,-1.48294,0.149243
2023-01-10 03:31:00,-1.51604,0.16861
2023-01-10 03:32:00,-1.49092,0.160635
2023-01-10 03:33:00,-1.48293,0.156078
2023-01-10 03:34:00,-1.47494,0.150381
2023-01-10 03:35:00,-1.46924,0.118482
2023-01-10 03:36:00,-1.44298,0.101394
2023-01-10 03:37:00,-1.41216,0.0911403
2023-01-10 03:38:00,-1.40074,0.111647
2023-01-10 03:39:00,-1.3448,0.0934187
2023-01-10 03:40:00,-1.29342,0.0945577
2023-01-10 03:41:00,-1.26602,0.0922789
2023-01-10 03:42:00,-1.23406,0.0991146
2023-01-10 03:43:00,-1.18611,0.104811
2023-01-10 03:44:00,-1.12447,0.087722
2023-01-10 03:45:00,-1.06282,0.0694941
2023-01-10 03:46:00,-1.00346,0.10481
2023-01-10 03:47:00,-0.931536,0.152659
2023-01-10 03:48:00,-0.923549,0.169748
2023-01-10 03:49:00,-0.918984,0.175445
2023-01-10 03:50:00,-0.920124,0.181141
2023-01-10 03:51:00,-0.971495,0.219875
2023-01-10 03:52:00,-0.998892,0.217596
2023-01-10 03:53:00,-1.04227,0.192533
2023-01-10 03:54:00,-1.06168,0.2119
2023-01-10 03:55:00,-1.04113,0.267723
2023-01-10 03:56:00,-1.05369,0.273419
2023-01-10 03:57:00,-1.06282,0.274559
2023-01-10 03:58:00,-1.06511,0.27342
2023-01-10 03:59:00,-1.0651,0.273419
2023-01-10 04:00:00,-1.06282,0.273419
2023-01-10 04:01:00,-1.04342,0.28823
2023-01-10 04:02:00,-1.02629,0.277976
2023-01-10 04:03:00,-1.00004,0.304179
2023-01-10 04:04:00,-0.932681,0.325825
2023-01-10 04:05:00,-0.904145,0.313295
2023-01-10 04:06:00,-0.913278,0.316712
2023-01-10 04:07:00,-0.904146,0.325827
2023-01-10 04:08:00,-0.908715,0.33722
2023-01-10 04:09:00,-0.923558,0.340639
2023-01-10 04:10:00,-0.925842,0.344057
2023-01-10 04:11:00,-0.906433,0.348613
2023-01-10 04:12:00,-0.903009,0.352031
2023-01-10 04:13:00,-0.923556,0.36798
2023-01-10 04:14:00,-0.960087,0.388487
2023-01-10 04:15:00,-1.0126,0.377093
2023-01-10 04:16:00,-1.05027,0.345195
2023-01-10 04:17:00,-1.07995,0.360005
2023-01-10 04:18:00,-1.08566,0.352029
2023-01-10 04:19:00,-1.12904,0.342916
2023-01-10 04:20:00,-1.14959,0.325828
2023-01-10 04:21:00,-1.18841,0.317852
2023-01-10 04:22:00,-1.20211,0.33608
2023-01-10 04:23:00,-1.28088,0.344057
2023-01-10 04:24:00,-1.35166,0.340638
2023-01-10 04:25:00,-1.42586,0.324688
2023-01-10 04:26:00,-1.53773,0.273421
2023-01-10 04:27:00,-1.61194,0.244939
2023-01-10 04:28:00,-1.68955,0.215318
2023-01-10 04:29:00,-1.7512,0.18228
2023-01-10 04:30:00,-1.81399,0.125317
2023-01-10 04:31:00,-1.86537,0.0979755
2023-01-10 04:32:00,-1.85052,0.0991147
2023-01-10 04:33:00,-1.8471,0.103672
2023-01-10 04:34:00,-1.85052,0.108228
2023-01-10 04:35:00,-1.85396,0.103672
2023-01-10 04:36:00,-1.8414,0.131014
2023-01-10 04:37:00,-1.78888,0.128736
2023-01-10 04:38:00,-1.7535,0.105951
2023-01-10 04:39:00,-1.70555,0.133293
2023-01-10 04:40:00,-1.65647,0.116205
2023-01-10 04:41:00,-1.61536,0.0808871
2023-01-10 04:42:00,-1.58454,0.0694944
2023-01-10 04:43:00,-1.55257,0.0888618
2023-01-10 04:44:00,-1.47038,0.135571
2023-01-10 04:45:00,-1.39503,0.200508
2023-01-10 04:46:00,-1.36878,0.205066
2023-01-10 04:47:00,-1.34481,0.210763
2023-01-10 04:48:00,-1.31741,0.22899
2023-01-10 04:49:00,-1.26946,0.232409
2023-01-10 04:50:00,-1.22494,0.219877
2023-01-10 04:51:00,-1.22037,0.213041
2023-01-10 04:52:00,-1.22037,0.211902
2023-01-10 04:53:00,-1.24206,0.207345
2023-01-10 04:54:00,-1.29,0.216458
2023-01-10 04:55:00,-1.31968,0.211901
2023-01-10 04:56:00,-1.38818,0.201647
2023-01-10 04:57:00,-1.44183,0.177722
2023-01-10 04:58:00,-1.49434,0.153799
2023-01-10 04:59:00,-1.55371,0.112786
2023-01-10 05:00:00,-1.5811,0.118482
2023-01-10 05:01:00,-1.60622,0.110507
2023-01-10 05:02:00,-1.63247,0.102532
2023-01-10 05:03:00,-1.60964,0.0900004
2023-01-10 05:04:00,-1.58224,0.0683545
2023-01-10 05:05:00,-1.57083,0.0706335
2023-01-10 05:06:00,-1.5069,0.0865826
2023-01-10 05:07:00,-1.45438,0.0911394
2023-01-10 05:08:00,-1.40872,0.113924
2023-01-10 05:09:00,-1.36647,0.175443
2023-01-10 05:10:00,-1.31168,0.205063
2023-01-10 05:11:00,-1.27059,0.207343
2023-01-10 05:12:00,-1.23634,0.205064
2023-01-10 05:13:00,-1.2021,0.203926
2023-01-10 05:14:00,-1.2158,0.191394
2023-01-10 05:15:00,-1.25233,0.149242
2023-01-10 05:16:00,-1.29799,0.12076
2023-01-10 05:17:00,-1.33795,0.10595
2023-01-10 05:18:00,-1.37105,0.103671
2023-01-10 05:19:00,-1.41215,0.102532
2023-01-10 05:20:00,-1.44982,0.107089
2023-01-10 05:21:00,-1.52174,0.150381
2023-01-10 05:22:00,-1.59937,0.15152
2023-01-10 05:23:00,-1.68727,0.167469
2023-01-10 05:24:00,-1.75462,0.19595
2023-01-10 05:25:00,-1.77403,0.187975
2023-01-10 05:26:00,-1.81969,0.175444
2023-01-10 05:27:00,-1.84937,0.141266
2023-01-10 05:28:00,-1.85394,0.10595
2023-01-10 05:29:00,-1.86079,0.10481
2023-01-10 05:30:00,-1.88705,0.0922789
2023-01-10 05:31:00,-1.89048,0.0740513
2023-01-10 05:32:00,-1.89162,0.0706336
2023-01-10 05:33:00,-1.90076,0.0683552
2023-01-10 05:34:00,-1.91674,0.0706335
2023-01-10 05:35:00,-1.92701,0.0694942
2023-01-10 05:36:00,-1.92246,0.0717732
2023-01-10 05:37:00,-1.91561,0.0694947
2023-01-10 05:38:00,-1.88935,0.0615197
2023-01-10 05:39:00,-1.87907,0.0444308
2023-01-10 05:40:00,-1.88249,0.0467092
2023-01-10 05:41:00,-1.86879,0.0444307
2023-01-10 05:42:00,-1.84139,0.00569624
2023-01-10 05:43:00,-1.84481,0.00569623
2023-01-10 05:44:00,-1.78887,0.00113924
2023-01-10 05:45:00,-1.76376,0.0159495
2023-01-10 05:46:00,-1.73522,0.0603802
2023-01-10 05:47:00,-1.67815,0.100254
2023-01-10 05:48:00,-1.62335,0.129875
2023-01-10 05:49:00,-1.5834,0.168609
2023-01-10 05:50:00,-1.57882,0.194812
2023-01-10 05:51:00,-1.57997,0.173166
2023-01-10 05:52:00,-1.57998,0.181142
2023-01-10 05:53:00,-1.60737,0.193673
2023-01-10 05:54:00,-1.60965,0.2119
2023-01-10 05:55:00,-1.58681,0.219875
2023-01-10 05:56:00,-1.52973,0.206204
2023-01-10 05:57:00,-1.47266,0.198231
2023-01-10 05:58:00,-1.42586,0.193674
2023-01-10 05:59:00,-1.36079,0.143546
2023-01-10 06:00:00,-1.28201,0.174306
2023-01-10 06:01:00,-1.25348,0.143546
2023-01-10 06:02:00,-1.22608,0.160635
2023-01-10 06:03:00,-1.20553,0.200509
2023-01-10 06:04:00,-1.19411,0.195952
2023-01-10 06:05:00,-1.16329,0.193673
2023-01-10 06:06:00,-1.15415,0.206204
2023-01-10 06:07:00,-1.16328,0.216457
2023-01-10 06:08:00,-1.14616,0.217596
2023-01-10 06:09:00,-1.10848,0.213039
2023-01-10 06:10:00,-1.0788,0.207343
2023-01-10 06:11:00,-1.02857,0.19595
2023-01-10 06:12:00,-0.964642,0.203925
2023-01-10 06:13:00,-0.895005,0.202786
2023-01-10 06:14:00,-0.892722,0.183418
2023-01-10 06:15:00,-0.879023,0.189114
2023-01-10 06:16:00,-0.890446,0.187977
2023-01-10 06:17:00,-0.900718,0.184559
2023-01-10 06:18:00,-0.89615,0.172027
2023-01-10 06:19:00,-0.91099,0.175444
2023-01-10 06:20:00,-0.896149,0.184558
2023-01-10 06:21:00,-0.875603,0.194812
2023-01-10 06:22:00,-0.813955,0.203926
2023-01-10 06:23:00,-0.767149,0.207343
2023-01-10 06:24:00,-0.686102,0.227851
2023-01-10 06:25:00,-0.589066,0.251776
2023-01-10 06:26:00,-0.471481,0.282536
2023-01-10 06:27:00,-0.333348,0.329246
2023-01-10 06:28:00,-0.227179,0.338361
2023-01-10 06:29:00,-0.122152,0.356589
2023-01-10 06:30:00,0.0148408,0.363423
2023-01-10 06:31:00,0.156399,0.386207
2023-01-10 06:32:00,0.355036,0.403295
2023-01-10 06:33:00,0.545681,0.430636
2023-01-10 06:34:00,0.783136,0.446587
2023-01-10 06:35:00,1.05826,0.463677
2023-01-10 06:36:00,1.3311,0.478486
2023-01-10 06:37:00,1.6302,0.524055
2023-01-10 06:38:00,1.94071,0.546839
2023-01-10 06:39:00,2.22496,0.569623
2023-01-10 06:40:00,2.59142,0.610639
2023-01-10 06:41:00,2.97272,0.620893
2023-01-10 06:42:00,3.35515,0.657348
2023-01-10 06:43:00,3.77526,0.690387
2023-01-10 06:44:00,4.15084,0.722285
2023-01-10 06:45:00,4.53441,0.738234
2023-01-10 06:46:00,4.98191,0.763296
2023-01-10 06:47:00,5.65887,0.853296
2023-01-10 06:48:00,6.49567,0.97178
2023-01-10 06:49:00,7.18633,1.0652
2023-01-10 06:50:00,7.82449,1.15178
2023-01-10 06:51:00,8.65785,1.27938
2023-01-10 06:52:00,9.68988,1.43318
2023-01-10 06:53:00,11.021,1.65647
2023-01-10 06:54:00,12.7311,1.94584
2023-01-10 06:55:00,14.5999,2.21927
2023-01-10 06:56:00,16.4025,2.54396
2023-01-10 06:57:00,18.3181,2.8527
2023-01-10 06:58:00,20.0728,3.11586
2023-01-10 06:59:00,21.1596,3.29245
2023-01-10 07:00:00,21.7692,3.36537
2023-01-10 07:01:00,22.1049,3.33119
2023-01-10 07:02:00,22.4782,3.35056
2023-01-10 07:03:00,22.6346,3.32208
2023-01-10 07:04:00,22.5764,3.31525
2023-01-10 07:05:00,22.6494,3.31524
2023-01-10 07:06:00,23.0683,3.31638
2023-01-10 07:07:00,23.8799,3.3984
2023-01-10 07:08:00,25.331,3.58296
2023-01-10 07:09:00,27.3528,3.85866
2023-01-10 07:10:00,29.7649,4.22663
2023-01-10 07:11:00,32.5514,4.6527
2023-01-10 07:12:00,35.8792,5.20409
2023-01-10 07:13:00,39.3805,5.77487
2023-01-10 07:14:00,42.2973,6.2488
2023-01-10 07:15:00,44.6058,6.59629
2023-01-10 07:16:00,46.5523,6.91417
2023-01-10 07:17:00,48.798,7.32774
2023-01-10 07:18:00,51.86,7.88487
2023-01-10 07:19:00,55.52,8.53994
2023-01-10 07:20:00,59.084,9.14716
2023-01-10 07:21:00,61.4446,9.51396
2023-01-10 07:22:00,62.4605,9.65066
2023-01-10 07:23:00,62.7702,9.68261
2023-01-10 07:24:00,63.5132,9.79081
2023-01-10 07:25:00,65.059,10.0392
2023-01-10 07:26:00,67.0225,10.3194
2023-01-10 07:27:00,69.4185,10.7478
2023-01-10 07:28:00,73.2233,11.4848
2023-01-10 07:29:00,79.7172,12.623
2023-01-10 07:30:00,84.1294,13.3373
2023-01-10 07:31:00,85.8415,13.5059
2023-01-10 07:32:00,99.5107,15.1953
2023-01-10 07:33:00,152.297,27.5984
2023-01-10 07:34:00,176.286,35.8161
2023-01-10 07:35:00,186.707,40.3401
2023-01-10 07:36:00,187.971,40.7127
2023-01-10 07:37:00,186.392,40.3219
2023-01-10 07:38:00,170.499,36.2535
2023-01-10 07:39:00,117.734,21.2471
2023-01-10 07:40:00,107.759,17.2574
2023-01-10 07:41:00,117.101,19.4665
2023-01-10 07:42:00,101.082,17.0125
2023-01-10 07:43:00,92.5747,15.4574
2023-01-10 07:44:00,84.7716,12.9203
2023-01-10 07:45:00,85.1916,12.9362
2023-01-10 07:46:00,86.1508,12.8747
2023-01-10 07:47:00,95.634,14.5597
2023-01-10 07:48:00,108.713,17.5388
2023-01-10 07:49:00,122.725,19.2237
2023-01-10 07:50:00,129.291,21.4612
2023-01-10 07:51:00,123.448,19.1564
2023-01-10 07:52:00,121.918,18.5732
2023-01-10 07:53:00,122.549,18.4843
2023-01-10 07:54:00,125.768,18.8592
2023-01-10 07:55:00,120.11,17.9057
2023-01-10 07:56:00,117.037,17.0752
2023-01-10 07:57:00,115.722,16.7345
2023-01-10 07:58:00,116.739,16.7573
2023-01-10 07:59:00,120.719,17.4523
2023-01-10 08:00:00,123.993,17.9934
2023-01-10 08:01:00,126.016,18.2885
2023-01-10 08:02:00,124.858,18.0686
2023-01-10 08:03:00,122.048,17.6915
2023-01-10 08:04:00,117.322,16.9862
2023-01-10 08:05:00,113.924,16.117
2023-01-10 08:06:00,103.334,14.8832
2023-01-10 08:07:00,91.3492,12.4987
2023-01-10 08:08:00,88.0834,11.8881
2023-01-10 08:09:00,88.3576,11.8676
2023-01-10 08:10:00,90.9743,12.2903
2023-01-10 08:11:00,93.4646,12.6868
2023-01-10 08:12:00,95.2899,12.9614
2023-01-10 08:13:00,97.6384,13.3191
2023-01-10 08:14:00,102.689,14.0414
2023-01-10 08:15:00,110.331,15.0166
2023-01-10 08:16:00,201.106,28.5454
2023-01-10 08:17:00,322.594,61.9643
2023-01-10 08:18:00,342.967,64.5699
2023-01-10 08:19:00,361.39,67.7133
2023-01-10 08:20:00,375.54,69.5612
2023-01-10 08:21:00,384.049,71.4429
2023-01-10 08:22:00,357.19,62.0655
2023-01-10 08:23:00,390.705,67.9247
2023-01-10 08:24:00,361.772,66.5438
2023-01-10 08:25:00,287.638,50.7059
2023-01-10 08:26:00,363.617,53.1087
2023-01-10 08:27:00,513.837,90.654
2023-01-10 08:28:00,385.068,73.8751
2023-01-10 08:29:00,294.587,44.0096
2023-01-10 08:30:00,300.978,46.0034
2023-01-10 08:31:00,337.858,58.3164
2023-01-10 08:32:00,514.003,84.2938
2023-01-10 08:33:00,538.576,96.7592
2023-01-10 08:34:00,541.102,91.5207
2023-01-10 08:35:00,588.633,102.932
2023-01-10 08:36:00,590.407,103.091
2023-01-10 08:37:00,552.345,90.2279
2023-01-10 08:38:00,569.577,98.0261
2023-01-10 08:39:00,400.772,73.1165
2023-01-10 08:40:00,292.053,48.5426
2023-01-10 08:41:00,253.416,38.295
2023-01-10 08:42:00,239.854,36.2146
2023-01-10 08:43:00,230.526,35.3384
2023-01-10 08:44:00,224.43,34.3541
2023-01-10 08:45:00,220.991,33.4906
2023-01-10 08:46:00,217.185,32.6977
2023-01-10 08:47:00,212.962,32.0325
2023-01-10 08:48:00,208.06,30.8033
2023-01-10 08:49:00,202.31,29.9761
2023-01-10 08:50:00,197.041,29.3825
2023-01-10 08:51:00,194.458,29.0099
2023-01-10 08:52:00,193.114,28.7854
2023-01-10 08:53:00,190.287,28.4392
2023-01-10 08:54:00,186.53,27.6474
2023-01-10 08:55:00,182.963,27.2623
2023-01-10 08:56:00,179.792,26.6813
2023-01-10 08:57:00,178.077,26.1823
2023-01-10 08:58:00,177.308,25.951
2023-01-10 08:59:00,176.47,25.9156
2023-01-10 09:00:00,174.917,25.6308
2023-01-10 09:01:00,171.328,25.1204
2023-01-10 09:02:00,165.883,24.2136
2023-01-10 09:03:00,159.712,23.2121
2023-01-10 09:04:00,154.65,22.2688
2023-01-10 09:05:00,151.451,21.7037
2023-01-10 09:06:00,150.595,21.3813
2023-01-10 09:07:00,152.11,21.715
2023-01-10 09:08:00,155.077,22.3667
2023-01-10 09:09:00,158.915,23.0514
2023-01-10 09:10:00,163.508,23.7828
2023-01-10 09:11:00,167.538,24.3183
2023-01-10 09:12:00,170.553,24.7637
2023-01-10 09:13:00,172.361,25.1431
2023-01-10 09:14:00,173.221,25.2628
2023-01-10 09:15:00,174.113,25.3642
2023-01-10 09:16:00,176.117,25.8005
2023-01-10 09:17:00,178.845,26.4202
2023-01-10 09:18:00,181.959,27.0047
2023-01-10 09:19:00,184.579,27.2975
2023-01-10 09:20:00,187.514,27.8546
2023-01-10 09:21:00,192.509,28.6953
2023-01-10 09:22:00,200.314,29.8403
2023-01-10 09:23:00,209.708,31.3156
2023-01-10 09:24:00,218.623,32.2999
2023-01-10 09:25:00,227.89,33.7752
2023-01-10 09:26:00,235.498,34.8415
2023-01-10 09:27:00,240.805,35.5786
2023-01-10 09:28:00,243.943,35.9682
2023-01-10 09:29:00,247.014,36.524
2023-01-10 09:30:00,250.256,37.2109
2023-01-10 09:31:00,253.848,37.9582
2023-01-10 09:32:00,257.756,38.6441
2023-01-10 09:33:00,261.127,39.1112
2023-01-10 09:34:00,264.545,39.6078
2023-01-10 09:35:00,267.629,40.0898
2023-01-10 09:36:00,269.315,40.3712
2023-01-10 09:37:00,269.096,40.4384
2023-01-10 09:38:00,266.927,40.2481
2023-01-10 09:39:00,264.559,39.8231
2023-01-10 09:40:00,263.688,39.6329
2023-01-10 09:41:00,265.337,39.8743
2023-01-10 09:42:00,268.785,40.5283
2023-01-10 09:43:00,274.496,41.1903
2023-01-10 09:44:00,280.033,42.0037
2023-01-10 09:45:00,283.513,42.5859
2023-01-10 09:46:00,285.071,42.8138
2023-01-10 09:47:00,284.598,42.7614
2023-01-10 09:48:00,282.328,42.4276
2023-01-10 09:49:00,279.308,42.1016
2023-01-10 09:50:00,277.493,41.8487
2023-01-10 09:51:00,279.695,42.2361
2023-01-10 09:52:00,286.228,43.0972
2023-01-10 09:53:00,294.92,44.4017
2023-01-10 09:54:00,306.048,46.0821
2023-01-10 09:55:00,317.336,47.7009
2023-01-10 09:56:00,327.407,49.19
2023-01-10 09:57:00,336.384,50.5469
2023-01-10 09:58:00,343.933,51.6793
2023-01-10 09:59:00,350.939,52.7672
2023-01-10 10:00:00,357.729,53.8298
2023-01-10 10:01:00,365.056,54.9497
2023-01-10 10:02:00,372.874,56.155
2023-01-10 10:03:00,379.935,57.0368
2023-01-10 10:04:00,386.036,58.1303
2023-01-10 10:05:00,390.762,58.8583
2023-01-10 10:06:00,394.318,59.4759
2023-01-10 10:07:00,397.014,59.926
2023-01-10 10:08:00,399.62,60.4864
2023-01-10 10:09:00,402.649,60.9569
2023-01-10 10:10:00,406.531,61.6987
2023-01-10 10:11:00,411.061,62.2613
2023-01-10 10:12:00,414.933,62.8877
2023-01-10 10:13:00,419.407,63.5883
2023-01-10 10:14:00,423.885,64.4247
2023-01-10 10:15:00,427.108,64.9728
2023-01-10 10:16:00,429.196,65.1916
2023-01-10 10:17:00,430.28,65.2117
2023-01-10 10:18:00,430.237,65.2605
2023-01-10 10:19:00,430.765,65.3117
2023-01-10 10:20:00,433.884,65.7528
2023-01-10 10:21:00,438.97,66.1309
2023-01-10 10:22:00,444.718,67.0536
2023-01-10 10:23:00,451.75,68.4331
2023-01-10 10:24:00,462.15,70.2106
2023-01-10 10:25:00,473.455,71.6074
2023-01-10 10:26:00,478.946,72.2258
2023-01-10 10:27:00,480.062,72.0753
2023-01-10 10:28:00,480.171,72.0764
2023-01-10 10:29:00,478.542,71.3939
2023-01-10 10:30:00,474.956,71.2879
2023-01-10 10:31:00,471.031,70.7898
2023-01-10 10:32:00,460.227,68.7837
2023-01-10 10:33:00,451.661,67.2275
2023-01-10 10:34:00,448.517,66.6625
2023-01-10 10:35:00,448.921,66.8072
2023-01-10 10:36:00,449.922,67.2062
2023-01-10 10:37:00,451.342,67.2973
2023-01-10 10:38:00,453.587,67.4602
2023-01-10 10:39:00,456.667,67.8304
2023-01-10 10:40:00,463.833,68.832
2023-01-10 10:41:00,466.415,69.3901
2023-01-10 10:42:00,462.23,68.923
2023-01-10 10:43:00,462.355,68.9059
2023-01-10 10:44:00,469.464,69.8024
2023-01-10 10:45:00,478.596,71.0804
2023-01-10 10:46:00,493.542,73.6891
2023-01-10 10:47:00,514.748,77.0532
2023-01-10 10:48:00,634.351,95.3168
2023-01-10 10:49:00,731.237,103.719
2023-01-10 10:50:00,824.566,126.862
2023-01-10 10:51:00,1121.31,160.524
2023-01-10 10:52:00,730.121,98.6892
2023-01-10 10:53:00,607.469,86.134
2023-01-10 10:54:00,751.326,116.534
2023-01-10 10:55:00,935.606,124.569
2023-01-10 10:56:00,573.248,74.7285
2023-01-10 10:57:00,503.223,70.5361
2023-01-10 10:58:00,561.68,80.568
2023-01-10 10:59:00,711.432,94.2862
2023-01-10 11:00:00,863.4,130.035
2023-01-10 11:01:00,645.327,86.8229
2023-01-10 11:02:00,542.079,73.6855
2023-01-10 11:03:00,645.716,97.5043
2023-01-10 11:04:00,433.061,58.8531
2023-01-10 11:05:00,715.454,109.279
2023-01-10 11:06:00,963.101,133.936
2023-01-10 11:07:00,867.881,121.11
2023-01-10 11:08:00,909.517,126.155
2023-01-10 11:09:00,846.599,120.134
2023-01-10 11:10:00,575.442,71.9177
2023-01-10 11:11:00,627.096,89.5096
2023-01-10 11:12:00,801.698,102.752
2023-01-10 11:13:00,885.771,127.045
2023-01-10 11:14:00,915.585,130.557
2023-01-10 11:15:00,918.561,130.208
2023-01-10 11:16:00,922.624,130.423
2023-01-10 11:17:00,931.261,131.883
2023-01-10 11:18:00,941.321,133.815
2023-01-10 11:19:00,914.032,130.928
2023-01-10 11:20:00,943.365,134.266
2023-01-10 11:21:00,794.081,107.72
2023-01-10 11:22:00,632.94,86.0252
2023-01-10 11:23:00,909.917,127.173
2023-01-10 11:24:00,800.27,113.399
2023-01-10 11:25:00,705.477,101.916
2023-01-10 11:26:00,734.958,103.745
2023-01-10 11:27:00,763.146,108.455
2023-01-10 11:28:00,753.596,104.681
2023-01-10 11:29:00,912.705,138.761
2023-01-10 11:30:00,1011.65,149.288
2023-01-10 11:31:00,924.141,140.936
2023-01-10 11:32:00,1050.75,152.54
2023-01-10 11:33:00,1048.94,149.512
2023-01-10 11:34:00,1035.95,150.129
2023-01-10 11:35:00,1037.75,148.54
2023-01-10 11:36:00,1051.13,148.317
2023-01-10 11:37:00,712.895,83.8459
2023-01-10 11:38:00,380.843,50.967
2023-01-10 11:39:00,394.489,55.3414
2023-01-10 11:40:00,425.49,60.282
2023-01-10 11:41:00,449.794,62.6129
2023-01-10 11:42:00,433.738,61.3372
2023-01-10 11:43:00,419.677,59.6044
2023-01-10 11:44:00,402.999,57.7952
2023-01-10 11:45:00,400.132,57.2449
2023-01-10 11:46:00,412.482,59.0504
2023-01-10 11:47:00,427.957,62.1936
2023-01-10 11:48:00,424.062,61.7085
2023-01-10 11:49:00,415.353,60.993
2023-01-10 11:50:00,404.476,59.2579
2023-01-10 11:51:00,396.293,58.1416
2023-01-10 11:52:00,390.941,57.262
2023-01-10 11:53:00,388.176,57.1617
2023-01-10 11:54:00,386.857,57.0248
2023-01-10 11:55:00,386.701,56.7023
2023-01-10 11:56:00,387.627,57.1274
2023-01-10 11:57:00,389.751,57.4872
2023-01-10 11:58:00,392.855,58.1707
2023-01-10 11:59:00,393.102,58.1992
2023-01-10 12:00:00,389.92,57.5737
2023-01-10 12:01:00,386.291,57.0723
2023-01-10 12:02:00,385.172,56.9051
2023-01-10 12:03:00,386.109,56.8106
2023-01-10 12:04:00,387.811,57.1353
2023-01-10 12:05:00,388.194,56.9874
2023-01-10 12:06:00,387.008,56.3778
2023-01-10 12:07:00,387.675,56.7458
2023-01-10 12:08:00,390.563,57.2232
2023-01-10 12:09:00,394.157,57.9098
2023-01-10 12:10:00,397.42,58.5034
2023-01-10 12:11:00,400.237,59.0776
2023-01-10 12:12:00,402.423,59.1195
2023-01-10 12:13:00,401.733,59.1127
2023-01-10 12:14:00,401.588,59.4386
2023-01-10 12:15:00,401.72,59.4409
2023-01-10 12:16:00,397.698,58.9046
2023-01-10 12:17:00,391.082,57.8952
2023-01-10 12:18:00,386.282,57.3313
2023-01-10 12:19:00,383.674,57.051
2023-01-10 12:20:00,380.62,56.8951
2023-01-10 12:21:00,376.183,56.2765
2023-01-10 12:22:00,371.777,55.6636
2023-01-10 12:23:00,366.823,54.5642
2023-01-10 12:24:00,359.654,54.0162
2023-01-10 12:25:00,351.749,52.9511
2023-01-10 12:26:00,346.871,52.2358
2023-01-10 12:27:00,346.207,52.0159
2023-01-10 12:28:00,352.888,52.6561
2023-01-10 12:29:00,365.708,54.4639
2023-01-10 12:30:00,378.629,56.5885
2023-01-10 12:31:00,396.356,59.9185
2023-01-10 12:32:00,420.461,63.3352
2023-01-10 12:33:00,452.215,67.0444
2023-01-10 12:34:00,479.694,70.5279
2023-01-10 12:35:00,493.158,74.3567
2023-01-10 12:36:00,517.046,76.7137
2023-01-10 12:37:00,477.404,74.6995
2023-01-10 12:38:00,421.692,65.0026
2023-01-10 12:39:00,422.051,64.204
2023-01-10 12:40:00,443.184,67.126
2023-01-10 12:41:00,487.301,73.0897
2023-01-10 12:42:00,593.695,85.9136
2023-01-10 12:43:00,563.909,87.1166
2023-01-10 12:44:00,531.752,81.6895
2023-01-10 12:45:00,507.864,77.8037
2023-01-10 12:46:00,489.286,74.4054
2023-01-10 12:47:00,473.086,71.5221
2023-01-10 12:48:00,457.434,68.4438
2023-01-10 12:49:00,447.162,66.8397
2023-01-10 12:50:00,440.056,65.7449
2023-01-10 12:51:00,432.314,64.5215
2023-01-10 12:52:00,424.862,63.3801
2023-01-10 12:53:00,417.356,62.2068
2023-01-10 12:54:00,415.461,61.9949
2023-01-10 12:55:00,419.983,62.4495
2023-01-10 12:56:00,424.817,63.0943
2023-01-10 12:57:00,426.584,62.9177
2023-01-10 12:58:00,434.894,63.5124
2023-01-10 12:59:00,458.068,66.6042
2023-01-10 13:00:00,455.01,66.8651
2023-01-10 13:01:00,481.043,70.6449
2023-01-10 13:02:00,780.786,112.293
2023-01-10 13:03:00,1004.25,156.625
2023-01-10 13:04:00,662.539,105.713
2023-01-10 13:05:00,509.524,74.8666
2023-01-10 13:06:00,485.854,71.4764
2023-01-10 13:07:00,525.498,75.753
2023-01-10 13:08:00,745.893,94.0814
2023-01-10 13:09:00,680.418,109.631
2023-01-10 13:10:00,447.482,68.3801
2023-01-10 13:11:00,403.844,61.4323
2023-01-10 13:12:00,380.328,57.8154
2023-01-10 13:13:00,363.108,54.9582
2023-01-10 13:14:00,352.45,53.1035
2023-01-10 13:15:00,348.043,51.9312
2023-01-10 13:16:00,346.733,51.8513
2023-01-10 13:17:00,345.268,51.2818
2023-01-10 13:18:00,341.636,50.3204
2023-01-10 13:19:00,337.157,49.5253
2023-01-10 13:20:00,331.848,48.6926
2023-01-10 13:21:00,310.307,45.8901
2023-01-10 13:22:00,301.681,44.1846
2023-01-10 13:23:00,342.099,49.4455
2023-01-10 13:24:00,487.089,64.5862
2023-01-10 13:25:00,794.97,120.551
2023-01-10 13:26:00,498.704,73.4332
2023-01-10 13:27:00,1000.37,138.991
2023-01-10 13:28:00,753.292,114.904
2023-01-10 13:29:00,898.702,132.724
2023-01-10 13:30:00,806.271,120.087
2023-01-10 13:31:00,550.768,80.8154
2023-01-10 13:32:00,572.938,82.7066
2023-01-10 13:33:00,525.809,77.9767
2023-01-10 13:34:00,583.078,83.8434
2023-01-10 13:35:00,553.874,83.0764
2023-01-10 13:36:00,479.952,70.7547
2023-01-10 13:37:00,828.433,118.044
2023-01-10 13:38:00,958.185,140.631
2023-01-10 13:39:00,759.114,115.207
2023-01-10 13:40:00,736.447,107.026
2023-01-10 13:41:00,818.983,124.117
2023-01-10 13:42:00,826.528,122.583
2023-01-10 13:43:00,540.463,85.7061
2023-01-10 13:44:00,334.46,50.1335
2023-01-10 13:45:00,309.526,46.5314
2023-01-10 13:46:00,318.26,47.1819
2023-01-10 13:47:00,293.762,43.868
2023-01-10 13:48:00,295.584,43.8009
2023-01-10 13:49:00,305.075,45.0426
2023-01-10 13:50:00,310.543,45.7045
2023-01-10 13:51:00,313.988,46.0438
2023-01-10 13:52:00,318.559,46.9789
2023-01-10 13:53:00,321.864,47.3627
2023-01-10 13:54:00,321.044,47.3604
2023-01-10 13:55:00,321.076,47.5553
2023-01-10 13:56:00,324.19,48.0348
2023-01-10 13:57:00,331.676,49.2787
2023-01-10 13:58:00,337.389,49.9498
2023-01-10 13:59:00,351.863,52.1327
2023-01-10 14:00:00,451.133,67.0071
2023-01-10 14:01:00,422.65,64.5337
2023-01-10 14:02:00,381.157,56.9251
2023-01-10 14:03:00,378.814,56.2766
2023-01-10 14:04:00,395.159,58.4193
2023-01-10 14:05:00,429.031,63.9423
2023-01-10 14:06:00,501.378,75.078
2023-01-10 14:07:00,567.454,85.2713
2023-01-10 14:08:00,612.835,96.3728
2023-01-10 14:09:00,604.242,90.9513
2023-01-10 14:10:00,848.006,131.936
2023-01-10 14:11:00,769.316,122.81
2023-01-10 14:12:00,465.637,71.3219
2023-01-10 14:13:00,436.441,66.1305
2023-01-10 14:14:00,456.113,68.3792
2023-01-10 14:15:00,617.98,92.8509
2023-01-10 14:16:00,485.751,73.5489
2023-01-10 14:17:00,448.108,66.7538
2023-01-10 14:18:00,395.502,59.1405
2023-01-10 14:19:00,354.07,53.2828
2023-01-10 14:20:00,340.173,51.524
2023-01-10 14:21:00,326.232,50.3119
2023-01-10 14:22:00,308.789,47.6475
2023-01-10 14:23:00,302.239,46.1278
2023-01-10 14:24:00,301.419,45.8076
2023-01-10 14:25:00,300.158,45.181
2023-01-10 14:26:00,294.805,43.6954
2023-01-10 14:27:00,287.125,42.292
2023-01-10 14:28:00,282.973,41.8193
2023-01-10 14:29:00,267.649,39.3736
2023-01-10 14:30:00,265.171,39.0536
2023-01-10 14:31:00,283.62,42.11
2023-01-10 14:32:00,289.932,42.7307
2023-01-10 14:33:00,646.773,95.2086
2023-01-10 14:34:00,576.065,93.2484
2023-01-10 14:35:00,351.187,52.6556
2023-01-10 14:36:00,307.478,44.7622
2023-01-10 14:37:00,299.49,43.4258
2023-01-10 14:38:00,462.803,71.4282
2023-01-10 14:39:00,417.487,60.1951
2023-01-10 14:40:00,633.861,96.7439
2023-01-10 14:41:00,780.607,125.626
2023-01-10 14:42:00,617.581,100.987
2023-01-10 14:43:00,295.457,42.6469
2023-01-10 14:44:00,290.868,42.3975
2023-01-10 14:45:00,339.854,48.5366
2023-01-10 14:46:00,584.446,91.2508
2023-01-10 14:47:00,226.771,32.6323
2023-01-10 14:48:00,197.888,27.3838
2023-01-10 14:49:00,208.265,28.5024
2023-01-10 14:50:00,489.97,72.671
2023-01-10 14:51:00,748.955,122.247
2023-01-10 14:52:00,675.902,108.39
2023-01-10 14:53:00,736.844,118.103
2023-01-10 14:54:00,726.842,113.479
2023-01-10 14:55:00,739.646,116.93
2023-01-10 14:56:00,751.07,119.214
2023-01-10 14:57:00,426.602,65.6904
2023-01-10 14:58:00,229.703,30.6943
2023-01-10 14:59:00,246.965,30.8537
2023-01-10 15:00:00,516.863,76.387
2023-01-10 15:01:00,624.451,98.3835
2023-01-10 15:02:00,689.627,109.551
2023-01-10 15:03:00,653.665,101.2
2023-01-10 15:04:00,657.798,105.568
2023-01-10 15:05:00,481.872,72.1313
2023-01-10 15:06:00,637.372,98.9252
2023-01-10 15:07:00,688.655,110.001
2023-01-10 15:08:00,688.706,110.468
2023-01-10 15:09:00,665.36,105.613
2023-01-10 15:10:00,544.174,86.2247
2023-01-10 15:11:00,297.922,42.0613
2023-01-10 15:12:00,198.369,25.4655
2023-01-10 15:13:00,176.681,22.0684
2023-01-10 15:14:00,315.853,45.6415
2023-01-10 15:15:00,602.413,97.6637
2023-01-10 15:16:00,505.503,83.5926
2023-01-10 15:17:00,531.379,80.3929
2023-01-10 15:18:00,611.198,100.739
2023-01-10 15:19:00,607.983,100.149
2023-01-10 15:20:00,608.75,99.3304
2023-01-10 15:21:00,562.972,91.0132
2023-01-10 15:22:00,488.123,75.2788
2023-01-10 15:23:00,469.205,75.5923
2023-01-10 15:24:00,558.847,90.4988
2023-01-10 15:25:00,595.908,98.0964
2023-01-10 15:26:00,584.925,96.5377
2023-01-10 15:27:00,577.833,96.0898
2023-01-10 15:28:00,552.294,89.0207
2023-01-10 15:29:00,570.783,94.1071
2023-01-10 15:30:00,571.733,93.9806
2023-01-10 15:31:00,568.861,93.5602
2023-01-10 15:32:00,567.359,94.4396
2023-01-10 15:33:00,565.183,94.3604
2023-01-10 15:34:00,566.008,94.0463
2023-01-10 15:35:00,565.943,94.2484
2023-01-10 15:36:00,563.512,94.325
2023-01-10 15:37:00,560.473,94.6619
2023-01-10 15:38:00,556.412,94.1081
2023-01-10 15:39:00,547.447,91.4881
2023-01-10 15:40:00,541.491,89.295
2023-01-10 15:41:00,553.072,94.7506
2023-01-10 15:42:00,557.085,95.0706
2023-01-10 15:43:00,562.839,96.8253
2023-01-10 15:44:00,563.035,96.9509
2023-01-10 15:45:00,538.335,92.2515
2023-01-10 15:46:00,537.797,84.9694
2023-01-10 15:47:00,543.236,86.4052
2023-01-10 15:48:00,471.317,73.0474
2023-01-10 15:49:00,319.928,44.3214
2023-01-10 15:50:00,274.779,38.1492
2023-01-10 15:51:00,221.01,31.0704
2023-01-10 15:52:00,231.172,33.218
2023-01-10 15:53:00,203.747,29.2672
2023-01-10 15:54:00,248.739,38.6419
2023-01-10 15:55:00,293.752,48.6359
2023-01-10 15:56:00,179.939,25.7083
2023-01-10 15:57:00,154.397,21.3531
2023-01-10 15:58:00,130.342,17.792
2023-01-10 15:59:00,114.33,15.5114
2023-01-10 16:00:00,109.061,15.328
2023-01-10 16:01:00,99.7759,14.0783
2023-01-10 16:02:00,88.987,12.1473
2023-01-10 16:03:00,83.6637,11.0821
2023-01-10 16:04:00,80.3398,10.3702
2023-01-10 16:05:00,82.2505,10.9431
2023-01-10 16:06:00,83.5995,11.0548
2023-01-10 16:07:00,87.3826,11.6323
2023-01-10 16:08:00,91.9411,12.3979
2023-01-10 16:09:00,95.555,12.98
2023-01-10 16:10:00,98.1323,13.3422
2023-01-10 16:11:00,99.6098,13.5781
2023-01-10 16:12:00,100.508,13.7068
2023-01-10 16:13:00,100.722,13.6681
2023-01-10 16:14:00,100.741,13.7786
2023-01-10 16:15:00,100.487,13.8584
2023-01-10 16:16:00,99.8918,13.7638
2023-01-10 16:17:00,98.1485,13.5462
2023-01-10 16:18:00,95.5163,13.3207
2023-01-10 16:19:00,94.0611,13.4312
2023-01-10 16:20:00,91.8796,13.2478
2023-01-10 16:21:00,94.4791,13.8459
2023-01-10 16:22:00,99.1271,14.8893
2023-01-10 16:23:00,100.906,15.3678
2023-01-10 16:24:00,99.9267,14.6707
2023-01-10 16:25:00,101.422,14.7914
2023-01-10 16:26:00,102.492,14.9486
2023-01-10 16:27:00,103.6,15.1262
2023-01-10 16:28:00,104.197,15.1785
2023-01-10 16:29:00,104.408,15.1968
2023-01-10 16:30:00,104.42,15.2561
2023-01-10 16:31:00,103.784,15.157
2023-01-10 16:32:00,102.763,15.0808
2023-01-10 16:33:00,101.669,14.9704
2023-01-10 16:34:00,100.368,14.8303
2023-01-10 16:35:00,99.3795,14.7494
2023-01-10 16:36:00,98.7928,14.6947
2023-01-10 16:37:00,98.0395,14.6184
2023-01-10 16:38:00,96.729,14.4567
2023-01-10 16:39:00,94.9665,14.1889
2023-01-10 16:40:00,92.9673,13.9143
2023-01-10 16:41:00,90.9354,13.6546
2023-01-10 16:42:00,88.9424,13.3733
2023-01-10 16:43:00,86.8696,13.0338
2023-01-10 16:44:00,84.3899,12.6385
2023-01-10 16:45:00,81.2598,12.103
2023-01-10 16:46:00,77.3747,11.4844
2023-01-10 16:47:00,72.7672,10.8236
2023-01-10 16:48:00,67.8162,10.0979
2023-01-10 16:49:00,64.315,9.62744
2023-01-10 16:50:00,62.3811,9.3654
2023-01-10 16:51:00,61.1162,9.22755
2023-01-10 16:52:00,59.9426,8.994
2023-01-10 16:53:00,59.0202,8.82426
2023-01-10 16:54:00,58.244,8.69098
2023-01-10 16:55:00,57.6001,8.60781
2023-01-10 16:56:00,56.8674,8.52695
2023-01-10 16:57:00,56.0319,8.45861
2023-01-10 16:58:00,55.0824,8.30941
2023-01-10 16:59:00,54.065,8.16925
2023-01-10 17:00:00,53.1428,8.15903
2023-01-10 17:01:00,52.298,8.07358
2023-01-10 17:02:00,51.5548,8.00067
2023-01-10 17:03:00,50.8905,7.90384
2023-01-10 17:04:00,50.1908,7.82297
2023-01-10 17:05:00,48.8198,7.57917
2023-01-10 17:06:00,46.8646,7.27277
2023-01-10 17:07:00,44.69,6.93672
2023-01-10 17:08:00,42.1319,6.55396
2023-01-10 17:09:00,39.4012,6.21674
2023-01-10 17:10:00,37.0438,5.87041
2023-01-10 17:11:00,35.4161,5.66195
2023-01-10 17:12:00,34.5245,5.54005
2023-01-10 17:13:00,34.3018,5.5241
2023-01-10 17:14:00,34.5895,5.57308
2023-01-10 17:15:00,35.1601,5.73482
2023-01-10 17:16:00,35.983,5.89543
2023-01-10 17:17:00,36.9694,6.07772
2023-01-10 17:18:00,37.9548,6.30674
2023-01-10 17:19:00,38.7792,6.46056
2023-01-10 17:20:00,40.1903,6.86045
2023-01-10 17:21:00,41.1926,7.18968
2023-01-10 17:22:00,42.2155,7.5759
2023-01-10 17:23:00,47.5662,9.59692
2023-01-10 17:24:00,39.5136,6.96986
2023-01-10 17:25:00,38.3092,6.6953
2023-01-10 17:26:00,37.9587,6.66909
2023-01-10 17:27:00,37.8469,6.73859
2023-01-10 17:28:00,38.1768,6.85138
2023-01-10 17:29:00,38.478,7.00514
2023-01-10 17:30:00,38.0726,6.90715
2023-01-10 17:31:00,38.9059,7.48587
2023-01-10 17:32:00,42.2452,9.3474
2023-01-10 17:33:00,42.4415,9.83955
2023-01-10 17:34:00,39.1515,8.43829
2023-01-10 17:35:00,37.1447,10.0822
2023-01-10 17:36:00,35.3421,12.8471
2023-01-10 17:37:00,32.551,13.1844
2023-01-10 17:38:00,29.9631,12.5726
2023-01-10 17:39:00,27.1411,11.3069
2023-01-10 17:40:00,24.4287,8.44974
2023-01-10 17:41:00,21.7563,6.3729
2023-01-10 17:42:00,19.0986,4.47719
2023-01-10 17:43:00,16.5106,2.8401
2023-01-10 17:44:00,14.1372,2.242
2023-01-10 17:45:00,12.0938,1.90593
2023-01-10 17:46:00,10.3221,1.56302
2023-01-10 17:47:00,8.77525,1.32606
2023-01-10 17:48:00,7.37913,1.06176
2023-01-10 17:49:00,6.16447,0.835052
2023-01-10 17:50:00,5.21127,0.650498
2023-01-10 17:51:00,4.39849,0.510376
2023-01-10 17:52:00,3.64619,0.380503
2023-01-10 17:53:00,3.06055,0.249491
2023-01-10 17:54:00,2.54913,0.145821
2023-01-10 17:55:00,2.02401,0.126455
2023-01-10 17:56:00,1.48519,-0.0205061
2023-01-10 17:57:00,1.0628,0.00227845
2023-01-10 17:58:00,0.702065,0.0227845
2023-01-10 17:59:00,0.412108,0.0205061
2023-01-10 18:00:00,0.168953,-0.0170885
2023-01-10 18:01:00,-0.110733,-0.107088
2023-01-10 18:02:00,-0.402977,-0.222151
2023-01-10 18:03:00,-0.719193,-0.280251
2023-01-10 18:04:00,-1.024,-0.381643
2023-01-10 18:05:00,-1.30368,-0.354302
2023-01-10 18:06:00,-1.53656,-0.379365
2023-01-10 18:07:00,-1.68839,-0.377086
2023-01-10 18:08:00,-1.8425,-0.483033
2023-01-10 18:09:00,-1.95323,-0.468223
2023-01-10 18:10:00,-2.07995,-0.530882
2023-01-10 18:11:00,-2.15758,-0.545691
2023-01-10 18:12:00,-2.19525,-0.551388
2023-01-10 18:13:00,-2.26032,-0.501262
2023-01-10 18:14:00,-2.35507,-0.48987
2023-01-10 18:15:00,-2.42701,-0.475063
2023-01-10 18:16:00,-2.47152,-0.478478
2023-01-10 18:17:00,-2.50688,-0.483031
2023-01-10 18:18:00,-2.51144,-0.470498
2023-01-10 18:19:00,-2.52628,-0.461383
2023-01-10 18:20:00,-2.52058,-0.447715
2023-01-10 18:21:00,-2.53886,-0.504678
2023-01-10 18:22:00,-2.54114,-0.529742
2023-01-10 18:23:00,-2.53315,-0.559362
2023-01-10 18:24:00,-2.50348,-0.512655
2023-01-10 18:25:00,-2.50234,-0.537718
2023-01-10 18:26:00,-2.51491,-0.5081
2023-01-10 18:27:00,-2.53203,-0.535443
2023-01-10 18:28:00,-2.48978,-0.535441
2023-01-10 18:29:00,-2.50005,-0.588984
2023-01-10 18:30:00,-2.48864,-0.616327
2023-01-10 18:31:00,-2.50006,-0.622022
2023-01-10 18:32:00,-2.46924,-0.470504
2023-01-10 18:33:00,-2.46696,-0.56734
2023-01-10 18:34:00,-2.4019,-0.542279
2023-01-10 18:35:00,-2.33341,-0.424938
2023-01-10 18:36:00,-2.3277,-0.491014
2023-01-10 18:37:00,-2.33683,-0.530887
2023-01-10 18:38:00,-2.34939,-0.560508
2023-01-10 18:39:00,-2.39847,-0.623166
2023-01-10 18:40:00,-2.39962,-0.620888
2023-01-10 18:41:00,-2.3882,-0.541141
2023-01-10 18:42:00,-2.36993,-0.475063
2023-01-10 18:43:00,-2.36879,-0.4819
2023-01-10 18:44:00,-2.40419,-0.463673
2023-01-10 18:45:00,-2.4213,-0.470506
2023-01-10 18:46:00,-2.39961,-0.353165
2023-01-10 18:47:00,-2.39733,-0.387341
2023-01-10 18:48:00,-2.42358,-0.373671
2023-01-10 18:49:00,-2.43956,-0.266582
2023-01-10 18:50:00,-2.44755,-0.23924
2023-01-10 18:51:00,-2.47039,-0.29962
2023-01-10 18:52:00,-2.4818,-0.234683
2023-01-10 18:53:00,-2.46924,-0.264303
2023-01-10 18:54:00,-2.45897,-0.266582
2023-01-10 18:55:00,-2.44184,-0.22443
2023-01-10 18:56:00,-2.44642,-0.292785
2023-01-10 18:57:00,-2.4624,-0.247216
2023-01-10 18:58:00,-2.46695,-0.285948
2023-01-10 18:59:00,-2.47836,-0.265441
2023-01-10 19:00:00,-2.50006,-0.346328
2023-01-10 19:01:00,-2.4738,-0.285948
2023-01-10 19:02:00,-2.47265,-0.213036
2023-01-10 19:03:00,-2.45667,-0.240378
2023-01-10 19:04:00,-2.46468,-0.250632
2023-01-10 19:05:00,-2.47608,-0.314428
2023-01-10 19:06:00,-2.47381,-0.353164
2023-01-10 19:07:00,-2.46239,-0.303037
2023-01-10 19:08:00,-2.47837,-0.337214
2023-01-10 19:09:00,-2.47838,-0.256329
2023-01-10 19:10:00,-2.4681,-0.321265
2023-01-10 19:11:00,-2.46352,-0.396453
2023-01-10 19:12:00,-2.44869,-0.415821
2023-01-10 19:13:00,-2.43957,-0.337215
2023-01-10 19:14:00,-2.4407,-0.274556
2023-01-10 19:15:00,-2.44184,-0.283669
2023-01-10 19:16:00,-2.4464,-0.274556
2023-01-10 19:17:00,-2.43727,-0.299618
2023-01-10 19:18:00,-2.43727,-0.285947
2023-01-10 19:19:00,-2.42357,-0.190252
2023-01-10 19:20:00,-2.40986,-0.233542
2023-01-10 19:21:00,-2.41214,-0.156074
2023-01-10 19:22:00,-2.40759,-0.314428
2023-01-10 19:23:00,-2.4133,-0.309872
2023-01-10 19:24:00,-2.41902,-0.288228
2023-01-10 19:25:00,-2.40074,-0.200505
2023-01-10 19:26:00,-2.36649,-0.175442
2023-01-10 19:27:00,-2.36079,-0.222151
2023-01-10 19:28:00,-2.37335,-0.191392
2023-01-10 19:29:00,-2.36763,-0.177721
2023-01-10 19:30:00,-2.37105,-0.252909
2023-01-10 19:31:00,-2.37105,-0.266579
2023-01-10 19:32:00,-2.40187,-0.265441
2023-01-10 19:33:00,-2.40074,-0.239239
2023-01-10 19:34:00,-2.42243,-0.290505
2023-01-10 19:35:00,-2.40645,-0.264302
2023-01-10 19:36:00,-2.39045,-0.236959
2023-01-10 19:37:00,-2.39159,-0.240377
2023-01-10 19:38:00,-2.37105,-0.235821
2023-01-10 19:39:00,-2.36992,-0.297341
2023-01-10 19:40:00,-2.36308,-0.250632
2023-01-10 19:41:00,-2.32083,-0.291644
2023-01-10 19:42:00,-2.30371,-0.300759
2023-01-10 19:43:00,-2.28658,-0.344049
2023-01-10 19:44:00,-2.25919,-0.347467
2023-01-10 19:45:00,-2.1827,-0.342909
2023-01-10 19:46:00,-2.15759,-0.281392
2023-01-10 19:47:00,-2.15417,-0.252912
2023-01-10 19:48:00,-2.14389,-0.276835
2023-01-10 19:49:00,-2.10166,-0.248354
2023-01-10 19:50:00,-2.06284,-0.249494
2023-01-10 19:51:00,-2.06054,-0.242656
2023-01-10 19:52:00,-2.05483,-0.26544
2023-01-10 19:53:00,-2.03657,-0.273416
2023-01-10 19:54:00,-2.02402,-0.338353
2023-01-10 19:55:00,-2.01147,-0.363416
2023-01-10 19:56:00,-1.96351,-0.296201
2023-01-10 19:57:00,-1.93269,-0.240378
2023-01-10 19:58:00,-1.93269,-0.243796
2023-01-10 19:59:00,-1.9247,-0.309872
2023-01-10 20:00:00,-1.94411,-0.34405
2023-01-10 20:01:00,-1.96124,-0.352024
2023-01-10 20:02:00,-1.94526,-0.337215
2023-01-10 20:03:00,-1.97493,-0.316707
2023-01-10 20:04:00,-1.97721,-0.38506
2023-01-10 20:05:00,-1.97379,-0.413542
2023-01-10 20:06:00,-1.95667,-0.383922
2023-01-10 20:07:00,-1.97037,-0.309873
2023-01-10 20:08:00,-2.01717,-0.289366
2023-01-10 20:09:00,-2.08224,-0.272278
2023-01-10 20:10:00,-2.10736,-0.347468
2023-01-10 20:11:00,-2.18499,-0.396455
2023-01-10 20:12:00,-2.25691,-0.562785
2023-01-10 20:13:00,-2.2455,-0.503545
2023-01-10 20:14:00,-2.15875,-0.371394
2023-01-10 20:15:00,-2.16217,-0.410128
2023-01-10 20:16:00,-2.15874,-0.315569
2023-01-10 20:17:00,-2.15759,-0.391899
2023-01-10 20:18:00,-2.15416,-0.404429
2023-01-10 20:19:00,-2.13018,-0.38506
2023-01-10 20:20:00,-2.1279,-0.382782
2023-01-10 20:21:00,-2.1199,-0.344048
2023-01-10 20:22:00,-2.10164,-0.249492
2023-01-10 20:23:00,-2.13247,-0.322404
2023-01-10 20:24:00,-2.11421,-0.330379
2023-01-10 20:25:00,-2.10622,-0.361139
2023-01-10 20:26:00,-2.07768,-0.37367
2023-01-10 20:27:00,-2.06626,-0.489872
2023-01-10 20:28:00,-2.13247,-0.59696
2023-01-10 20:29:00,-2.14731,-0.619743
2023-01-10 20:30:00,-2.14274,-0.619741
2023-01-10 20:31:00,-2.09136,-0.628854
2023-01-10 20:32:00,-2.07082,-0.560502
2023-01-10 20:33:00,-2.02173,-0.438603
2023-01-10 20:34:00,-2.032,-0.45683
2023-01-10 20:35:00,-1.96808,-0.359997
2023-01-10 20:36:00,-1.88245,-0.403287
2023-01-10 20:37:00,-1.90986,-0.401009
2023-01-10 20:38:00,-1.90529,-0.369111
2023-01-10 20:39:00,-1.91558,-0.31329
2023-01-10 20:40:00,-2.01261,-0.413545
2023-01-10 20:41:00,-2.12563,-0.506962
2023-01-10 20:42:00,-1.99662,-0.569618
2023-01-10 20:43:00,-1.89389,-0.61291
2023-01-10 20:44:00,-1.98749,-0.63911
2023-01-10 20:45:00,-2.02059,-0.59354
2023-01-10 20:46:00,-2.0126,-0.437465
2023-01-10 20:47:00,-1.94068,-0.285947
2023-01-10 20:48:00,-1.919,-0.198228
2023-01-10 20:49:00,-1.90987,-0.0899999
2023-01-10 20:50:00,-1.97378,-0.167467
2023-01-10 20:51:00,-2.02287,-0.240378
2023-01-10 20:52:00,-1.99548,-0.301897
2023-01-10 20:53:00,-1.89501,-0.167467
2023-01-10 20:54:00,-1.90415,-0.19367
2023-01-10 20:55:00,-1.911,-0.126455
2023-01-10 20:56:00,-1.90415,-0.102531
2023-01-10 20:57:00,-1.9932,-0.200505
2023-01-10 20:58:00,-1.88474,-0.156075
2023-01-10 20:59:00,-1.91671,-0.167467
2023-01-10 21:00:00,-1.9247,-0.113924
2023-01-10 21:01:00,-1.92355,0.00683531
2023-01-10 21:02:00,-1.97149,-0.0125315
2023-01-10 21:03:00,-1.96236,-0.00911384
2023-01-10 21:04:00,-1.96922,0.0182277
2023-01-10 21:05:00,-1.98749,-0.0284808
2023-01-10 21:06:00,-1.98406,0.0364554
2023-01-10 21:07:00,-2.02629,-0.0626577
2023-01-10 21:08:00,-2.04455,-0.0136707
2023-01-10 21:09:00,-2.11419,-0.116201
2023-01-10 21:10:00,-2.10392,-0.11848
2023-01-10 21:11:00,-2.14159,-0.201644
2023-01-10 21:12:00,-2.161,-0.243795
2023-01-10 21:13:00,-2.1667,-0.287085
2023-01-10 21:14:00,-2.20666,-0.388477
2023-01-10 21:15:00,-2.18269,-0.439743
2023-01-10 21:16:00,-2.15758,-0.243796
2023-01-10 21:17:00,-2.15073,-0.277973
2023-01-10 21:18:00,-2.16329,-0.340631
2023-01-10 21:19:00,-2.21809,-0.518352
2023-01-10 21:20:00,-2.34595,-0.539999
2023-01-10 21:21:00,-2.40875,-0.642532
2023-01-10 21:22:00,-2.44641,-0.635696
2023-01-10 21:23:00,-2.40303,-0.721139
2023-01-10 21:24:00,-2.43726,-0.72683
2023-01-10 21:25:00,-2.42128,-0.661894
2023-01-10 21:26:00,-2.40758,-0.624299
2023-01-10 21:27:00,-2.3642,-0.582147
2023-01-10 21:28:00,-2.37105,-0.526325
2023-01-10 21:29:00,-2.3174,-0.45911
2023-01-10 21:30:00,-2.27289,-0.443163
2023-01-10 21:31:00,-2.29458,-0.453416
2023-01-10 21:32:00,-2.39388,-0.56392
2023-01-10 21:33:00,-2.46923,-0.609488
2023-01-10 21:34:00,-2.47266,-0.522908
2023-01-10 21:35:00,-2.40188,-0.528604
2023-01-10 21:36:00,-2.32311,-0.517212
2023-01-10 21:37:00,-2.29799,-0.437464
2023-01-10 21:38:00,-2.34479,-0.54569
2023-01-10 21:39:00,-2.45667,-0.893159
2023-01-10 21:40:00,-2.62447,-0.971761
2023-01-10 21:41:00,-2.73635,-0.961508
2023-01-10 21:42:00,-2.76604,-0.97746
2023-01-10 21:43:00,-2.77288,-1.0572
2023-01-10 21:44:00,-2.63474,-0.964922
2023-01-10 21:45:00,-2.53999,-0.925052
2023-01-10 21:46:00,-2.46008,-0.811128
2023-01-10 21:47:00,-2.49547,-0.811127
2023-01-10 21:48:00,-2.51259,-0.853278
2023-01-10 21:49:00,-2.47379,-0.847586
2023-01-10 21:50:00,-2.42927,-0.806576
2023-01-10 21:51:00,-2.419,-0.840755
2023-01-10 21:52:00,-2.42928,-0.873794
2023-01-10 21:53:00,-2.30827,-0.656198
2023-01-10 21:54:00,-2.26831,-0.480756
2023-01-10 21:55:00,-2.36992,-0.560503
2023-01-10 21:56:00,-2.41786,-0.587844
2023-01-10 21:57:00,-2.41786,-0.517213
2023-01-10 21:58:00,-2.29343,-0.374807
2023-01-10 21:59:00,-2.28886,-0.532021
2023-01-10 22:00:00,-2.45896,-0.74164
2023-01-10 22:01:00,-2.54912,-0.698345
2023-01-10 22:02:00,-2.54113,-0.598093
2023-01-10 22:03:00,-2.44867,-0.651638
2023-01-10 22:04:00,-2.37904,-0.555944
2023-01-10 22:05:00,-2.34137,-0.602652
2023-01-10 22:06:00,-2.21807,-0.0159496
2023-01-10 22:07:00,-1.72948,0.125315
2023-01-10 22:08:00,-1.46464,0.336072
2023-01-10 22:09:00,-1.69866,0.228985
2023-01-10 22:10:00,-1.94982,-0.0296202
2023-01-10 22:11:00,-2.10393,-0.269998
2023-01-10 22:12:00,-2.07652,-0.210758
2023-01-10 22:13:00,-2.00006,-0.258607
2023-01-10 22:14:00,-1.93156,-0.0546837
2023-01-10 22:15:00,-1.93155,-0.153797
2023-01-10 22:16:00,-2.01489,-0.468226
2023-01-10 22:17:00,-2.09594,-0.431771
2023-01-10 22:18:00,-2.10392,-0.397592
2023-01-10 22:19:00,-2.04456,-0.347465
2023-01-10 22:20:00,-2.00575,-0.189112
2023-01-10 22:21:00,-2.03543,-0.109366
2023-01-10 22:22:00,-2.05027,-0.0136708
2023-01-10 22:23:00,-2.0811,0.0672149
2023-01-10 22:24:00,-2.11648,-0.0489871
2023-01-10 22:25:00,-2.15416,-0.190253
2023-01-10 22:26:00,-2.1576,-0.107089
2023-01-10 22:27:00,-2.23636,-0.380505
2023-01-10 22:28:00,-2.30941,-0.375947
2023-01-10 22:29:00,-2.2957,-0.365691
2023-01-10 22:30:00,-2.27972,-0.38392
2023-01-10 22:31:00,-2.25803,-0.350882
2023-01-10 22:32:00,-2.22948,-0.325818
2023-01-10 22:33:00,-2.27287,-0.340628
2023-01-10 22:34:00,-2.27744,-0.315567
2023-01-10 22:35:00,-2.22721,-0.292782
2023-01-10 22:36:00,-2.17583,-0.33949
2023-01-10 22:37:00,-2.18954,-0.37025
2023-01-10 22:38:00,-2.17926,-0.395312
2023-01-10 22:39:00,-2.1804,-0.44316
2023-01-10 22:40:00,-2.16785,-0.473921
2023-01-10 22:41:00,-2.13703,-0.484174
2023-01-10 22:42:00,-2.12562,-0.487592
2023-01-10 22:43:00,-2.12789,-0.478476
2023-01-10 22:44:00,-2.11877,-0.464808
2023-01-10 22:45:00,-2.09823,-0.455695
2023-01-10 22:46:00,-2.09023,-0.471642
2023-01-10 22:47:00,-2.08223,-0.42949
2023-01-10 22:48:00,-1.96351,-0.363414
2023-01-10 22:49:00,-2.00574,-0.288225
2023-01-10 22:50:00,-1.96579,-0.239239
2023-01-10 22:51:00,-1.911,-0.241518
2023-01-10 22:52:00,-1.81396,-0.232403
2023-01-10 22:53:00,-1.81169,-0.184556
2023-01-10 22:54:00,-1.78543,-0.162911
2023-01-10 22:55:00,-1.782,-0.127594
2023-01-10 22:56:00,-1.76031,-0.0934167
2023-01-10 22:57:00,-1.69524,-0.0318984
2023-01-10 22:58:00,-1.64044,0.176581
2023-01-10 22:59:00,-1.59706,0.151517
2023-01-10 23:00:00,-1.55026,0.174303
2023-01-10 23:01:00,-1.51373,0.259745
2023-01-10 23:02:00,-1.50346,0.293922
2023-01-10 23:03:00,-1.53428,0.262024
2023-01-10 23:04:00,-1.61191,0.228987
2023-01-10 23:05:00,-1.64958,0.146961
2023-01-10 23:06:00,-1.69182,0.0478477
2023-01-10 23:07:00,-1.7215,-0.0102531
2023-01-10 23:08:00,-1.78315,-0.0649365
2023-01-10 23:09:00,-1.88132,-0.034177
2023-01-10 23:10:00,-1.93726,-0.0865816
2023-01-10 23:11:00,-1.9989,-0.206201
2023-01-10 23:12:00,-2.02516,-0.235821
2023-01-10 23:13:00,-2.03314,-0.238099
2023-01-10 23:14:00,-2.04799,-0.227846
2023-01-10 23:15:00,-2.07083,-0.137848
2023-01-10 23:16:00,-2.07082,-0.0375947
2023-01-10 23:17:00,-2.12448,-0.0706325
2023-01-10 23:18:00,-2.20667,-0.273416
2023-01-10 23:19:00,-2.21466,-0.309871
2023-01-10 23:20:00,-2.13245,-0.288224
2023-01-10 23:21:00,-2.12217,-0.295059
2023-01-10 23:22:00,-2.11076,-0.183415
2023-01-10 23:23:00,-2.0925,-0.152656
2023-01-10 23:24:00,-2.11648,-0.208479
2023-01-10 23:25:00,-2.12333,-0.242656
2023-01-10 23:26:00,-2.12333,-0.226707
2023-01-10 23:27:00,-2.13018,-0.277972
2023-01-10 23:28:00,-2.12903,-0.266579
2023-01-10 23:29:00,-2.12789,-0.239238
2023-01-10 23:30:00,-2.12333,-0.23696
2023-01-10 23:31:00,-2.13702,-0.275693
2023-01-10 23:32:00,-2.153,-0.23468
2023-01-10 23:33:00,-2.1473,-0.185694
2023-01-10 23:34:00,-2.17241,-0.209617
2023-01-10 23:35:00,-2.16898,-0.255186
2023-01-10 23:36:00,-2.14159,-0.288225
2023-01-10 23:37:00,-2.13131,-0.267718
2023-01-10 23:38:00,-2.12561,-0.247212
2023-01-10 23:39:00,-2.13246,-0.256327
2023-01-10 23:40:00,-2.12104,-0.203922
2023-01-10 23:41:00,-2.09479,-0.161771
2023-01-10 23:42:00,-2.08337,-0.127594
2023-01-10 23:43:00,-2.03886,-0.124177
2023-01-10 23:44:00,-2.04685,-0.0706326
2023-01-10 23:45:00,-2.00347,-0.0136708
2023-01-10 23:46:00,-2.00119,-0.00227848
2023-01-10 23:47:00,-2.01375,-0.0056962
2023-01-10 23:48:00,-2.03658,-0.0307593
2023-01-10 23:49:00,-2.02401,-0.034177
2023-01-10 23:50:00,-2.00005,-0.0330378
2023-01-10 23:51:00,-1.99434,-0.0558226
2023-01-10 23:52:00,-1.99548,-0.0706327
2023-01-10 23:53:00,-1.94982,-0.126455
2023-01-10 23:54:00,-1.90415,-0.166328
2023-01-10 23:55:00,-1.89045,-0.184555
2023-01-10 23:56:00,-1.87334,-0.191392
2023-01-10 23:57:00,-1.82197,-0.0991138
2023-01-10 23:58:00,-1.79799,-0.10481
2023-01-10 23:59:00,-1.75803,-0.0820248
